id,tier,tier_name,status,status_name,status_note,needs_review,review_basis,batch_1008_tier,group,record_class,d6_category,table,key,en_text,zh_text,source,reuse_en,reuse_zh,ui_pkg2_watch,rendered_on_route,on_home,on_catalogue,on_example_main,on_local_result,on_local_start,on_second_entry,on_example_other,on_secondary,conditional,x_reason,inherited_pages,zh_pages,zh_page_kinds,zh_page_example,zh_context,en_pages,en_page_kinds,en_page_example,en_context
E573,1,T1 示例主线与 C2 必需,b-tier,B 层，10/8 未核,B 层，10/8 未核（让到 10/15）,Y,,10-08 B,candidate-ui,U,候选（可让出）：处理角色／指派、行动——界面用语表里带含义的句子,ACTION,what,What to do,要做什么,界面文字（为本界面所写）,,,,Y,,,Y,,,,Y,,,,,125,example-main ×26; example-other ×99,#/fixture/member-evidence,问题：不是已知的模型缺陷：还没有协调评审判定它是否穿过接收方的构件 ‹ 构件信息和要做什么 › 风口 IfcAirTerminal · 00 groundfloor · 模型 hvac,125,example-main ×26; example-other ×99,#/fixture/member-evidence,IfcAirTerminal (IFC class) · 00 groundfloor · model hvac ‹ What to do › This is not a known model defect. No coordination review has yet deter
E574,1,T1 示例主线与 C2 必需,b-tier,B 层，10/8 未核,B 层，10/8 未核（让到 10/15）,Y,,10-08 B,candidate-ui,U,候选（可让出）：处理角色／指派、行动——界面用语表里带含义的句子,ACTION,team,Handling team,处理团队,界面文字（为本界面所写）,G052,G052,,Y,,,Y,,,,Y,,,,,103,example-main ×22; example-other ×81,#/fixture/member-evidence/item/0/2/0,随附的模拟示例，不是你的模型；团队等项目设定为演示用，不能用于正式项目决定。 这份记录的结论引用了：真实检查输出、模拟的人工判定，逐条标在结 ‹ 模拟示例：示例中的项目设定，包括处理团队安排、证据方法的接受等，是演示用设定，不代表真实项目决定；一个结论的证据可能是真实检查的结果、模拟的检查结果或模拟的人工判定，具体是哪一种，看每个结论旁的“依据”一行（按逐条引用标 › ← 返回事项列表（回到这一项的位置）,179,example-main ×41; example-other ×138,#/fixture/member-evidence,"Items to deal with, by handling team (8 items) ‹ Handling team coordination-team Example handling team: 6 items › Default handling role (the rule's default, not an assignment): model-c"
E575,1,T1 示例主线与 C2 必需,b-tier,B 层，10/8 未核,B 层，10/8 未核（让到 10/15）,Y,,10-08 B,candidate-ui,U,候选（可让出）：处理角色／指派、行动——界面用语表里带含义的句子,ACTION,consequence,What it means for this work,对这项工作的后果,界面文字（为本界面所写）,,,,Y,,,Y,,,,Y,,,,,103,example-main ×22; example-other ×81,#/fixture/member-evidence/item/0/2/0,model-coordination ‹ 对这项工作的后果 › 这项工作暂停,103,example-main ×22; example-other ×81,#/fixture/member-evidence/item/0/2/0,model-coordination ‹ What it means for this work › This work is suspended
E576,1,T1 示例主线与 C2 必需,b-tier,B 层，10/8 未核,B 层，10/8 未核（让到 10/15）,Y,,10-08 B,candidate-ui,U,候选（可让出）：处理角色／指派、行动——界面用语表里带含义的句子,ACTION,recheck,What a recheck must show,完成后拿什么复检,界面文字（为本界面所写）,,,,Y,,,Y,,,,Y,,,,,103,example-main ×22; example-other ×81,#/fixture/member-evidence/item/0/2/0,要知道交出方的构件在哪里穿过墙、楼板和屋顶，才能在这些构件上开洞。 ‹ 二、要做什么、由谁处理、完成后拿什么复检 › 要做什么,103,example-main ×22; example-other ×81,#/fixture/member-evidence/item/0/2/0,This work is suspended ‹ What a recheck must show › A recorded review determination exists for the model versions listed
E577,1,T1 示例主线与 C2 必需,b-tier,B 层，10/8 未核,B 层，10/8 未核（让到 10/15）,Y,,10-08 B,candidate-ui,U,候选（可让出）：处理角色／指派、行动——界面用语表里带含义的句子,ACTION,original,"Source wording (as the record carries it): for tracing, not an instruction",来源原文（英文，记录所带）：供追溯，不是操作指令,界面文字（为本界面所写）,,,,Y,,,Y,,,,Y,,,,,103,example-main ×22; example-other ×81,#/fixture/member-evidence/item/0/2/0,针对所列模型版本，有一份评审判定记录 ‹ 来源原文（英文，记录所带）：供追溯，不是操作指令 › next_action,103,example-main ×22; example-other ×81,#/fixture/member-evidence/item/0/2/0,"A recorded review determination exists for the model versions listed ‹ Source wording (as the record carries it): for tracing, not an instruction › next_action"
E013,1,T1 示例主线与 C2 必需,reviewed,10/8 已核,10/8 A 层已核，句子未变,N,,10-08 A,domain-new-20,D,源修改与复检行动（#40 新增的英文）,ACTIONS,missing-project-asset-identity.action,"In the source model, add to this element the asset-identity properties the project's convention requires (see the property sets and property names listed), then re-export the model",在源模型里给这个构件补上本项目约定的资产标识属性（见所列属性集和属性名），重新导出,界面文字（为本界面所写）,,,,Y,,,Y,,,,Y,,,,,50,example-main ×11; example-other ×39,#/fixture/member-evidence,要做什么 ‹ 在源模型里给这个构件补上本项目约定的资产标识属性（见所列属性集和属性名），重新导出 › 查看这一项,50,example-main ×11; example-other ×39,#/fixture/member-evidence,"What to do ‹ In the source model, add to this element the asset-identity properties the project's convention requires (see  › See this item"
E014,1,T1 示例主线与 C2 必需,changed,10/8 后改句，需重核,W2：复检义务收窄到这个构件“在所列要求下都通过”，删去“范围内没有构件漏评”；#50 已改句（10/8 已核的是改前原句），需重核,Y,,10-08 A,domain-new-20,D,源修改与复检行动（#40 新增的英文）,ACTIONS,missing-project-asset-identity.recheck,"On the reissued model, this element passes every requirement listed",重新发布的模型上，这个构件在所列每条要求下都通过,界面文字（为本界面所写）,,,,Y,,,Y,,,,Y,,,,,36,example-main ×9; example-other ×27,#/fixture/member-evidence/item/2/2/0,完成后拿什么复检 ‹ 重新发布的模型上，这个构件在所列每条要求下都通过，范围内没有构件漏评 › 来源原文（英文，记录所带）：供追溯，不是操作指令,36,example-main ×9; example-other ×27,#/fixture/member-evidence/item/2/2/0,"What a recheck must show ‹ On the reissued model, this element passes every requirement listed, and no element in the scope is left uneva › Source wording (as the record carries it): for tracing, not an instruc"
E015,1,T1 示例主线与 C2 必需,reviewed,10/8 已核,10/8 A 层已核，句子未变,N,,10-08 A,domain-new-20,D,源修改与复检行动（#40 新增的英文）,ACTIONS,asset-identity-not-evaluated.action,"The existing asset-identity rules do not reach this element, so whether it has an asset identity has not been evaluated, and it cannot be judged to be missing one; for the same reason, whether this work can start cannot be decided. First confirm whether the project's convention requires this element to have an asset identity, and whether the rules should reach it. Until that is confirmed, this does not mean it must have one.",现有资产标识规则没有覆盖到这个构件，所以它有没有资产标识还没有被评估，不能判断是否缺少；这项工作能否开始也因此无法判断。先确认项目约定是否要求它具备资产标识，以及规则该不该覆盖到它。在确认之前，这不表示它必须具备资产标识。,界面文字（为本界面所写）,,,,Y,,,Y,,,,Y,,,,,34,example-main ×7; example-other ×27,#/fixture/member-evidence,要做什么 ‹ 现有资产标识规则没有覆盖到这个构件，所以它有没有资产标识还没有被评估，不能判断是否缺少；这项工作能否开始也因此无法判断。先确认项目约定是否要求它具备资产标识，以及规则该不该覆盖到它。在确认之前，这不表示它必须具备资产标识 › 查看这一项,34,example-main ×7; example-other ×27,#/fixture/member-evidence,"What to do ‹ The existing asset-identity rules do not reach this element, so whether it has an asset identity has not been  › See this item"
E016,1,T1 示例主线与 C2 必需,reviewed,10/8 已核,10/8 A 层已核，句子未变,N,,10-08 A,domain-new-20,D,源修改与复检行动（#40 新增的英文）,ACTIONS,asset-identity-not-evaluated.recheck,Every element in the scope has an evaluation result under the requirements bound to it,范围内每个构件在所绑定的要求下都有评估结果,界面文字（为本界面所写）,,,,Y,,,Y,,,,Y,,,,,12,example-main ×3; example-other ×9,#/fixture/member-evidence/item/2/1/0,完成后拿什么复检 ‹ 范围内每个构件在所绑定的要求下都有评估结果 › 来源原文（英文，记录所带）：供追溯，不是操作指令,12,example-main ×3; example-other ×9,#/fixture/member-evidence/item/2/1/0,"What a recheck must show ‹ Every element in the scope has an evaluation result under the requirements bound to it › Source wording (as the record carries it): for tracing, not an instruc"
E017,1,T1 示例主线与 C2 必需,changed,10/8 后改句，需重核,M1：含义错误（P0）：断言“模型不需要改”，而空间归属尚未评估；中英同改；#50 已改句（10/8 已核的是改前原句），需重核,Y,,10-08 A,domain-new-20,D,源修改与复检行动（#40 新增的英文）,ACTIONS,in-model-position-not-evaluated.action,"This is not a known model defect. Its spatial assignment has not been evaluated yet: the spatial-assignment check rules do not reach this element. This step is to extend the rules' scope of application so that the check reaches it, not to change the model; only once it is covered and the check has run will it be known whether the model needs changing",这不是已知的模型缺陷。它的空间归属目前还没有评估：空间归属的检查规则没有覆盖到这个构件。这一步是扩展规则的适用范围，让检查覆盖到它，而不是改模型；覆盖并运行之后，才知道要不要改模型,界面文字（为本界面所写）,,,,Y,,,Y,,,,Y,,,,,34,example-main ×7; example-other ×27,#/fixture/member-evidence,要做什么 ‹ 这不是已知的模型缺陷，也不需要改模型。空间归属的检查规则没有覆盖到这个构件，需要扩展规则的适用范围 › 查看这一项,34,example-main ×7; example-other ×27,#/fixture/member-evidence,"What to do ‹ This is not a known model defect, and the model does not need changing. The spatial-assignment check rules do  › See this item"
E018,1,T1 示例主线与 C2 必需,reviewed,10/8 已核,10/8 A 层已核，句子未变,N,,10-08 A,domain-new-20,D,源修改与复检行动（#40 新增的英文）,ACTIONS,in-model-position-not-evaluated.recheck,Every element in the scope has a check result under the requirements bound to it,范围内每个构件在所绑定的要求下都有检查结果,界面文字（为本界面所写）,,,,Y,,,Y,,,,Y,,,,,12,example-main ×3; example-other ×9,#/fixture/member-evidence/item/1/1/0,完成后拿什么复检 ‹ 范围内每个构件在所绑定的要求下都有检查结果 › 来源原文（英文，记录所带）：供追溯，不是操作指令,12,example-main ×3; example-other ×9,#/fixture/member-evidence/item/1/1/0,"What a recheck must show ‹ Every element in the scope has a check result under the requirements bound to it › Source wording (as the record carries it): for tracing, not an instruc"
E019,1,T1 示例主线与 C2 必需,reviewed,10/8 已核,10/8 A 层已核，句子未变,N,,10-08 A,domain-new-20,D,源修改与复检行动（#40 新增的英文）,ACTIONS,penetration-not-determined.action,This is not a known model defect. No coordination review has yet determined whether it passes through the receiving side's elements; hold a review and record either “no penetration” or which elements it passes through,这不是已知的模型缺陷。还没有协调评审判定它是否穿过接收方的构件；需要开一次评审，记录“不穿过”或写明穿过哪些构件,界面文字（为本界面所写）,,,,Y,,,Y,,,,Y,,,,,50,example-main ×10; example-other ×40,#/fixture/member-evidence,要做什么 ‹ 这不是已知的模型缺陷。还没有协调评审判定它是否穿过接收方的构件；需要开一次评审，记录“不穿过”或写明穿过哪些构件 › 查看这一项,50,example-main ×10; example-other ×40,#/fixture/member-evidence,What to do ‹ This is not a known model defect. No coordination review has yet determined whether it passes through the rece › See this item
E020,1,T1 示例主线与 C2 必需,reviewed,10/8 已核,10/8 A 层已核，句子未变,N,,10-08 A,domain-new-20,D,源修改与复检行动（#40 新增的英文）,ACTIONS,penetration-not-determined.recheck,A recorded review determination exists for the model versions listed,针对所列模型版本，有一份评审判定记录,界面文字（为本界面所写）,,,,Y,,,Y,,,,Y,,,,,28,example-main ×6; example-other ×22,#/fixture/member-evidence/item/0/2/0,完成后拿什么复检 ‹ 针对所列模型版本，有一份评审判定记录 › 来源原文（英文，记录所带）：供追溯，不是操作指令,28,example-main ×6; example-other ×22,#/fixture/member-evidence/item/0/2/0,"What a recheck must show ‹ A recorded review determination exists for the model versions listed › Source wording (as the record carries it): for tracing, not an instruc"
E021,1,T1 示例主线与 C2 必需,c-channel,10/8 已核；C 通道待裁,W1：“在接收方模型里”：忠实表达 Pack 0.1.0 的路线；BIM 建议的改法会扩路线，按 C 通道，本轮不改,N,,10-08 A,domain-new-20,D,源修改与复检行动（#40 新增的英文）,ACTIONS,missing-corresponding-opening.action,"In the receiving side's model, model an opening or shaft in the element it passes through, not a void in the handing-over side's model. One opening for each element it passes through",在接收方模型里、被穿过的构件上建出洞口或竖井，不要做成交出方模型里的空洞。穿过几个构件就要几个洞口,界面文字（为本界面所写）,,,,Y,,,Y,,,,Y,,,,,19,example-main ×7; example-other ×12,#/fixture/member-evidence,要做什么 ‹ 在接收方模型里、被穿过的构件上建出洞口或竖井，不要做成交出方模型里的空洞。穿过几个构件就要几个洞口 › 查看这一项,19,example-main ×7; example-other ×12,#/fixture/member-evidence,"What to do ‹ In the receiving side's model, model an opening or shaft in the element it passes through, not a void in the h › See this item"
E022,1,T1 示例主线与 C2 必需,reviewed,10/8 已核,10/8 A 层已核，句子未变,N,,10-08 A,domain-new-20,D,源修改与复检行动（#40 新增的英文）,ACTIONS,missing-corresponding-opening.recheck,The opening check for this pair reports “opening modelled and cross-referenced”. Modelling the opening alone is not enough,这一对的开洞核查结果为“洞口已建且已关联”。只建洞不够,界面文字（为本界面所写）,,,,Y,,,Y,,,,Y,,,,,13,example-main ×3; example-other ×10,#/fixture/member-evidence/item/0/4/0,完成后拿什么复检 ‹ 这一对的开洞核查结果为“洞口已建且已关联”。只建洞不够 › 来源原文（英文，记录所带）：供追溯，不是操作指令,13,example-main ×3; example-other ×10,#/fixture/member-evidence/item/0/4/0,"What a recheck must show ‹ The opening check for this pair reports “opening modelled and cross-referenced”. Modelling the opening alone i › Source wording (as the record carries it): for tracing, not an instruc"
E033,1,T1 示例主线与 C2 必需,reviewed,10/8 已核,10/8 A 层已核，句子未变,N,,10-08 A,domain-517,D,源修改与复检行动,ACTION_GROUPS,open.label,Items to deal with,需要处理的事项,界面文字（为本界面所写）,,,,Y,,,Y,,,,Y,,,,,0,,,,24,example-main ×4; example-other ×20,#/fixture/member-evidence,"An item is the conclusion for one element (or a pair of elements asses ‹ Items to deal with, by handling team (8 items) › Handling team coordination-team Example handling team: 6 items"
E034,1,T1 示例主线与 C2 必需,reviewed,10/8 已核,10/8 A 层已核，句子未变,N,,10-08 A,domain-517,D,源修改与复检行动,ACTION_GROUPS,open.summary,the record gives an action,记录给出了处理动作,界面文字（为本界面所写）,,,,Y,,,Y,,,,Y,,,,,0,,,,20,example-main ×2; example-other ×18,#/fixture/recheck-requirement-relaxed,This result: 13 items ‹ 7 items: the record gives an action › 6 items: the record gives no follow-up action
E036,1,T1 示例主线与 C2 必需,reviewed,10/8 已核,10/8 A 层已核，句子未变,N,,10-08 A,domain-517,D,源修改与复检行动,ACTION_GROUPS,open.note,"Each item's page says which elements it involves, what to do, who deals with it and what a recheck must show.",每个事项的页面写明涉及的构件、要做什么、由谁处理、完成后拿什么复检。,界面文字（为本界面所写）,,,,Y,,,Y,,,,Y,,,,,18,example-main ×2; example-other ×16,#/fixture/recheck-requirement-relaxed,需要处理的事项（7 个事项） ‹ 每个事项的页面写明涉及的构件、要做什么、由谁处理、完成后拿什么复检。 › 一个构件,18,example-main ×2; example-other ×16,#/fixture/recheck-requirement-relaxed,"Items to deal with (7 items) ‹ Each item's page says which elements it involves, what to do, who deals with it and what a recheck must show. › One element"
E041,1,T1 示例主线与 C2 必需,reviewed,10/8 已核,10/8 A 层已核，句子未变,N,,10-08 A,domain-517,D,源修改与复检行动,ACTION_GROUPS,none.label,Items for which the record gives no follow-up action,记录没有给出后续处理动作的事项,界面文字（为本界面所写）,,,,Y,,,Y,,,,Y,,,,,14,example-main ×4; example-other ×10,#/fixture/member-evidence,查看这一项 ‹ 记录没有给出后续处理动作的事项（5 个事项） › 记录没有为下面这些事项给出后续处理动作。每一行的结论各自成立，范围写在它旁边。,14,example-main ×4; example-other ×10,#/fixture/member-evidence,See this item ‹ Items for which the record gives no follow-up action (5 items) › The record gives no follow-up action for the items below. Each line's
E042,1,T1 示例主线与 C2 必需,reviewed,10/8 已核,10/8 A 层已核，句子未变,N,,10-08 A,domain-517,D,源修改与复检行动,ACTION_GROUPS,none.summary,the record gives no follow-up action,记录没有给出后续处理动作,界面文字（为本界面所写）,,,,Y,,,Y,,,,Y,,,,,14,example-main ×4; example-other ×10,#/fixture/member-evidence,4 个事项：对应的那项工作 无法判断 ‹ 5 个事项：记录没有给出后续处理动作（列在本页下方） › 一个事项是一个构件（或被放在一起评估的一对构件）在接收方的一项工作上的结论。同一个构件可以出现在几个事项里，所以事项数不是缺陷数。这份记录共,14,example-main ×4; example-other ×10,#/fixture/member-evidence,4 items: the work concerned is Unknown ‹ 5 items: the record gives no follow-up action (listed further down this page) › An item is the conclusion for one element (or a pair of elements asses
E044,1,T1 示例主线与 C2 必需,reviewed,10/8 已核,10/8 A 层已核，句子未变,N,,10-08 A,domain-517,D,源修改与复检行动,ACTION_GROUPS,none.note,"The record gives no follow-up action for the items below. Each line's conclusion stands on its own, with its scope beside it.",记录没有为下面这些事项给出后续处理动作。每一行的结论各自成立，范围写在它旁边。,界面文字（为本界面所写）,,,,Y,,,Y,,,,Y,,,,,14,example-main ×4; example-other ×10,#/fixture/member-evidence,记录没有给出后续处理动作的事项（5 个事项） ‹ 记录没有为下面这些事项给出后续处理动作。每一行的结论各自成立，范围写在它旁边。 › building element ｜ 土建预留开洞：可以开始,14,example-main ×4; example-other ×10,#/fixture/member-evidence,"Items for which the record gives no follow-up action (5 items) ‹ The record gives no follow-up action for the items below. Each line's conclusion stands on its own, with its s › building element | Builder's-work openings: Ready"
E001,1,T1 示例主线与 C2 必需,reviewed,10/8 已核,10/8 A 层已核，句子未变,N,,10-08 A,original-12,O,活动名,ACTIVITY_NAMES,builders-work-openings.name,Builder's-work openings,土建预留开洞,Pack 的 label／产品文档原句（逐字）,,,,Y,,,Y,,,,Y,,,,,85,example-main ×19; example-other ×66,#/fixture/member-evidence,不是已知的模型缺陷：还没有协调评审判定它是否穿过接收方的构件 ‹ 土建预留开洞：无法判断 › 2 个事项,85,example-main ×19; example-other ×66,#/fixture/member-evidence,Not a known model defect: no coordination review has determined yet wh ‹ Builder's-work openings: Unknown › 2 items
E002,1,T1 示例主线与 C2 必需,reviewed,10/8 已核,10/8 A 层已核，句子未变,N,,10-08 A,original-12,O,活动名,ACTIVITY_NAMES,builders-work-openings.needs,"Needs to know where MEP penetrates architectural fabric, so openings can be cut in walls, floors and roof.",要知道交出方的构件在哪里穿过墙、楼板和屋顶，才能在这些构件上开洞。,Pack 的 label／产品文档原句（逐字）,,,,Y,,,Y,,,,Y,,,,,10,example-main ×5; example-other ×5,#/fixture/member-evidence/item/0/1/0,这项工作需要什么 ‹ 要知道交出方的构件在哪里穿过墙、楼板和屋顶，才能在这些构件上开洞。 › 二、后续,10,example-main ×5; example-other ×5,#/fixture/member-evidence/item/0/1/0,"What this work needs ‹ Needs to know where MEP penetrates architectural fabric, so openings can be cut in walls, floors and roof. › 2. Follow-up"
E003,1,T1 示例主线与 C2 必需,reviewed,10/8 已核,10/8 A 层已核，句子未变,N,,10-08 A,original-12,O,活动名,ACTIVITY_NAMES,ceiling-and-bulkhead-geometry.name,Reflected ceiling and bulkhead layout,吊顶平面与包封布置,Pack 的 label／产品文档原句（逐字）,,,,Y,,,Y,,,,Y,,,,,70,example-main ×16; example-other ×54,#/fixture/member-evidence,不是已知的模型缺陷：楼层或空间归属的检查没有覆盖到它 ‹ 吊顶平面与包封布置：无法判断 › 1 个事项,68,example-main ×14; example-other ×54,#/fixture/member-evidence,Not a known model defect: the storey or space check did not cover it ‹ Reflected ceiling and bulkhead layout: Unknown › 1 item
E004,1,T1 示例主线与 C2 必需,reviewed,10/8 已核,10/8 A 层已核，句子未变,N,,10-08 A,original-12,O,活动名,ACTIVITY_NAMES,ceiling-and-bulkhead-geometry.needs,"Needs to know where MEP equipment physically is, in which storey, so ceiling zones and bulkheads can be drawn around it.",要知道交出方的设备在哪一层、在什么位置，才能围着它画吊顶分区和包封。,Pack 的 label／产品文档原句（逐字）,,,,Y,,,Y,,,,Y,,,,,8,example-main ×4; example-other ×4,#/fixture/member-evidence/item/1/1/0,这项工作需要什么 ‹ 要知道交出方的设备在哪一层、在什么位置，才能围着它画吊顶分区和包封。 › 二、要做什么、由谁处理、完成后拿什么复检,7,example-main ×3; example-other ×4,#/fixture/member-evidence/item/1/1/0,"What this work needs ‹ Needs to know where MEP equipment physically is, in which storey, so ceiling zones and bulkheads can be drawn  › 2. What to do, who deals with it, what a recheck must show"
E005,1,T1 示例主线与 C2 必需,reviewed,10/8 已核,10/8 A 层已核，句子未变,N,,10-08 A,original-12,O,活动名,ACTIVITY_NAMES,schedules-and-room-data-sheets.name,Room data sheets and equipment schedules,房间数据表与设备明细表,Pack 的 label／产品文档原句（逐字）,,,,Y,,,Y,,,,Y,,,,,70,example-main ×16; example-other ×54,#/fixture/member-evidence,不是已知的模型缺陷：现有资产标识规则没有覆盖到这个构件 ‹ 房间数据表与设备明细表：无法判断 › 1 个事项,70,example-main ×16; example-other ×54,#/fixture/member-evidence,Not a known model defect: the existing asset-identity rules did not co ‹ Room data sheets and equipment schedules: Unknown › 1 item
E006,1,T1 示例主线与 C2 必需,reviewed,10/8 已核,10/8 A 层已核，句子未变,N,,10-08 A,original-12,O,活动名,ACTIVITY_NAMES,schedules-and-room-data-sheets.needs,"Needs each piece of equipment to carry the project's asset identity, so a schedule can be keyed to it.",要每件设备都带有项目的资产标识，明细表才能按它编排。,Pack 的 label／产品文档原句（逐字）,,,,Y,,,Y,,,,Y,,,,,8,example-main ×4; example-other ×4,#/fixture/member-evidence/item/2/1/0,这项工作需要什么 ‹ 要每件设备都带有项目的资产标识，明细表才能按它编排。 › 二、要做什么、由谁处理、完成后拿什么复检,8,example-main ×4; example-other ×4,#/fixture/member-evidence/item/2/1/0,"What this work needs ‹ Needs each piece of equipment to carry the project's asset identity, so a schedule can be keyed to it. › 2. What to do, who deals with it, what a recheck must show"
E047,1,T1 示例主线与 C2 必需,batch-1015,10/15 批，未核,10/15 批，未核,Y,,10-15,domain-517,D,复检：比较了哪些方面,ASPECT_NOTES,semanticsAndContent,"The check requirement was edited and the check result content changed too: the change in result may come from the edit to the requirement (for example a relaxed requirement), so it cannot be taken to mean the model was fixed. The record does not say whether the requirement was relaxed or tightened.",检查要求被修改过，检查结果内容也变了：结果的变化可能来自要求的修改（例如要求放宽），不能据此说模型修好了。记录不说明要求是放宽还是收紧。,界面文字（为本界面所写）,,,,Y,,,Y,,,,,,,,,6,example-main ×6,#/fixture/recheck-requirement-relaxed/recheck/7/0,引用换了键（新键就是上面“本次记录引用的对应证据”）。换键本身不算变化。 ‹ 检查要求被修改过，检查结果内容也变了：结果的变化可能来自要求的修改（例如要求放宽），不能据此说模型修好了。记录不说明要求是放宽还是收紧。 › 追溯信息（记录原码与内容指纹）,6,example-main ×6,#/fixture/recheck-requirement-relaxed/recheck/7/0,"The citation changed key (the new key is the ""corresponding evidence t ‹ The check requirement was edited and the check result content changed too: the change in result may come from  › Tracing (record codes and content fingerprints)"
E051,1,T1 示例主线与 C2 必需,reviewed,10/8 已核,10/8 A 层已核，句子未变,N,,10-08 A,domain-517,D,规则来源,BASIS_WORDS,simulated,This conclusion rests on simulated evidence:,这个结论建立在模拟证据上：,界面文字（为本界面所写）,,,,Y,,,Y,,,,Y,,,,,16,example-main ×8; example-other ×8,#/fixture/member-evidence,土建预留开洞：受阻 ‹ 这个结论建立在模拟证据上：模拟的人工判定 ×2 › 问题：它穿过的构件上没有建出对应的洞口,15,example-main ×7; example-other ×8,#/fixture/member-evidence,Builder's-work openings: Blocked ‹ This conclusion rests on simulated evidence:Simulated human determination ×2 › Problem: No corresponding opening is modelled in the element it passes
E052,1,T1 示例主线与 C2 必需,reviewed,10/8 已核,10/8 A 层已核，句子未变,N,,10-08 A,domain-517,D,规则来源,BASIS_WORDS,real,Basis of this conclusion:,这个结论的依据：,界面文字（为本界面所写）,,,,Y,,,Y,,,,Y,,,,,18,example-main ×9; example-other ×9,#/fixture/member-evidence,土建预留开洞：无法判断 ‹ 这个结论的依据：还没有判定（真实的缺席） ×1 › “无法判断”说的是这项工作能否开始无法判断：不等于这个构件没有问题，也不是系统出错。,18,example-main ×9; example-other ×9,#/fixture/member-evidence,"Builder's-work openings: Unknown ‹ Basis of this conclusion:no determination yet (a real absence) ×1 › ""Unknown"" means whether this work can start cannot be decided: it does"
E053,1,T1 示例主线与 C2 必需,reviewed,10/8 已核,10/8 A 层已核，句子未变,N,,10-08 A,domain-517,D,规则来源,BASIS_WORDS,sharedSimulated,"Basis shared by the items in this group, some of it simulated:",同组事项共用的依据，其中有模拟证据：,界面文字（为本界面所写）,,,,Y,,,Y,,,,Y,,,,,88,example-main ×20; example-other ×68,#/fixture/recheck-requirement-relaxed,building element ｜ 房间数据表与设备明细表：复检前 受阻 → 现在 可以开始 ‹ 同组事项共用的依据，其中有模拟证据：模拟的检查结果 ×2 › 只对这一个事项、这项工作、所列的模型版本成立；不代表整次交接完成。,87,example-main ×19; example-other ×68,#/fixture/recheck-requirement-relaxed,"building element | Room data sheets and equipment schedules: before th ‹ Basis shared by the items in this group, some of it simulated:Simulated check result ×2 › Holds for this one item, this work and the listed model versions only;"
E054,1,T1 示例主线与 C2 必需,reviewed,10/8 已核,10/8 A 层已核，句子未变,N,,10-08 A,domain-517,D,规则来源,BASIS_WORDS,sharedReal,Basis shared by the items in this group:,同组事项共用的依据：,界面文字（为本界面所写）,,,,Y,,,Y,,,,Y,,,,,65,example-main ×10; example-other ×55,#/fixture/recheck-requirement-relaxed,土建预留开洞：无法判断 （复检前后未变） ‹ 同组事项共用的依据：还没有判定（真实的缺席） ×2 › “无法判断”说的是这项工作能否开始无法判断：不等于这个构件没有问题，也不是系统出错。,65,example-main ×10; example-other ×55,#/fixture/recheck-requirement-relaxed,"Builder's-work openings: Unknown (Unchanged by the recheck) ‹ Basis shared by the items in this group:no determination yet (a real absence) ×2 › ""Unknown"" means whether this work can start cannot be decided: it does"
E056,1,T1 示例主线与 C2 必需,reviewed,10/8 已核,10/8 A 层已核，句子未变,N,,10-08 A,domain-517,D,规则来源,BASIS_WORDS,gaps.no-finding,no check result at all (a real absence),没有任何检查结果（真实的缺席）,界面文字（为本界面所写）,,,,Y,,,Y,,,,Y,,,,,46,example-main ×10; example-other ×36,#/fixture/member-evidence,房间数据表与设备明细表：无法判断 ‹ 这个结论的依据：没有任何检查结果（真实的缺席） ×1 › 问题：不是已知的模型缺陷：现有资产标识规则没有覆盖到这个构件,46,example-main ×10; example-other ×36,#/fixture/member-evidence,Room data sheets and equipment schedules: Unknown ‹ Basis of this conclusion:no check result at all (a real absence) ×1 › Problem: Not a known model defect: the existing asset-identity rules d
E057,1,T1 示例主线与 C2 必需,reviewed,10/8 已核,10/8 A 层已核，句子未变,N,,10-08 A,domain-517,D,规则来源,BASIS_WORDS,gaps.no-determination,no determination yet (a real absence),还没有判定（真实的缺席）,界面文字（为本界面所写）,,,,Y,,,Y,,,,Y,,,,,64,example-main ×10; example-other ×54,#/fixture/member-evidence,土建预留开洞：无法判断 ‹ 这个结论的依据：还没有判定（真实的缺席） ×1 › “无法判断”说的是这项工作能否开始无法判断：不等于这个构件没有问题，也不是系统出错。,64,example-main ×10; example-other ×54,#/fixture/member-evidence,"Builder's-work openings: Unknown ‹ Basis of this conclusion:no determination yet (a real absence) ×1 › ""Unknown"" means whether this work can start cannot be decided: it does"
E059,1,T1 示例主线与 C2 必需,reviewed,10/8 已核,10/8 A 层已核，句子未变,N,,10-08 A,domain-517,D,范围限制,BESIDE,readyScope,"Holds for this one item, this work and the listed model versions only; it does not mean the whole handover is complete.",只对这一个事项、这项工作、所列的模型版本成立；不代表整次交接完成。,界面文字（为本界面所写）,,,,Y,,,Y,,,,Y,,,,,54,example-main ×21; example-other ×33,#/fixture/member-evidence,这个结论建立在模拟证据上：模拟的人工判定 ×1 ‹ 只对这一个事项、这项工作、所列的模型版本成立；不代表整次交接完成。 › house - chimney 与 floor ｜ 土建预留开洞：可以开始,52,example-main ×19; example-other ×33,#/fixture/member-evidence,"This conclusion rests on simulated evidence:Simulated human determinat ‹ Holds for this one item, this work and the listed model versions only; it does not mean the whole handover is  › house - chimney and floor | Builder's-work openings: Ready"
E060,1,T1 示例主线与 C2 必需,reviewed,10/8 已核,10/8 A 层已核，句子未变,N,,10-08 A,domain-517,D,范围限制,BESIDE,unknown,"""Unknown"" means whether this work can start cannot be decided: it does not mean the element has no problem, and it is not a system error.",“无法判断”说的是这项工作能否开始无法判断：不等于这个构件没有问题，也不是系统出错。,界面文字（为本界面所写）,,,,Y,,,Y,,,,Y,,,,,88,example-main ×16; example-other ×72,#/fixture/member-evidence,这个结论的依据：还没有判定（真实的缺席） ×1 ‹ “无法判断”说的是这项工作能否开始无法判断：不等于这个构件没有问题，也不是系统出错。 › 问题：不是已知的模型缺陷：还没有协调评审判定它是否穿过接收方的构件,88,example-main ×16; example-other ×72,#/fixture/member-evidence,"Basis of this conclusion:no determination yet (a real absence) ×1 ‹ ""Unknown"" means whether this work can start cannot be decided: it does not mean the element has no problem, an › Problem: Not a known model defect: no coordination review has determin"
E061,1,T1 示例主线与 C2 必需,reviewed,10/8 已核,10/8 A 层已核，句子未变,N,,10-08 A,domain-517,D,范围限制,BESIDE,assetIdentity,"Where the asset-identity value comes from, and which Revit parameter it maps to, the record does not say.",资产标识的取值从哪里来、对应哪个 Revit 参数，记录未提供。,界面文字（为本界面所写）,,,,Y,,,Y,,,,Y,,,,,6,example-main ×3; example-other ×3,#/fixture/member-evidence/item/2/2/0,这是本项目约定的要求，不是通用要求。 规则给出的出处（英文原文）：Project-assumed EPC delivery requirem ‹ 资产标识的取值从哪里来、对应哪个 Revit 参数，记录未提供。 › 然后：这一项复检后的变化,6,example-main ×3; example-other ×3,#/fixture/member-evidence/item/2/2/0,"This is a requirement agreed for this project, not a general one. Sour ‹ Where the asset-identity value comes from, and which Revit parameter it maps to, the record does not say. › Then: how this item changed after a recheck"
E062,1,T1 示例主线与 C2 必需,reviewed,10/8 已核,10/8 A 层已核，句子未变,N,,10-08 A,domain-517,D,范围限制,BESIDE,team,The handling team is an entry in the record; it does not mean the work has been assigned.,处理团队是记录里的安排，不代表已经派发。,界面文字（为本界面所写）,,,,Y,,,Y,,,,Y,,,,,107,example-main ×24; example-other ×83,#/fixture/member-evidence,处理团队 coordination-team 示例处理团队：6 个事项 ‹ 默认处理角色（规则给出的默认，不是指派）：model-coordination 处理团队是记录里的安排，不代表已经派发。 › 问题,107,example-main ×24; example-other ×83,#/fixture/member-evidence,"Handling team coordination-team Example handling team: 6 items ‹ Default handling role (the rule's default, not an assignment): model-coordination The handling team is an entr › Problem"
E063,1,T1 示例主线与 C2 必需,reviewed,10/8 已核,10/8 A 层已核，句子未变,N,,10-08 A,domain-517,D,范围限制,BESIDE,simulatedTeam,Example handling team,示例处理团队,界面文字（为本界面所写）,,,,Y,,,Y,,,,Y,,,,,107,example-main ×24; example-other ×83,#/fixture/member-evidence,需要处理的事项，按处理团队（8 个事项） ‹ 处理团队 coordination-team 示例处理团队：6 个事项 › 默认处理角色（规则给出的默认，不是指派）：model-coordination 处理团队是记录里的安排，不代表已经派发。,107,example-main ×24; example-other ×83,#/fixture/member-evidence,"Items to deal with, by handling team (8 items) ‹ Handling team coordination-team Example handling team: 6 items › Default handling role (the rule's default, not an assignment): model-c"
E065,1,T1 示例主线与 C2 必需,reviewed,10/8 已核,10/8 A 层已核，句子未变,N,,10-08 A,domain-517,D,范围限制,BESIDE,defaultRole,"Default handling role (the rule's default, not an assignment)",默认处理角色（规则给出的默认，不是指派）,界面文字（为本界面所写）,,,,Y,,,Y,,,,Y,,,,,107,example-main ×24; example-other ×83,#/fixture/member-evidence,处理团队 coordination-team 示例处理团队：6 个事项 ‹ 默认处理角色（规则给出的默认，不是指派）：model-coordination 处理团队是记录里的安排，不代表已经派发。 › 问题,107,example-main ×24; example-other ×83,#/fixture/member-evidence,"Handling team coordination-team Example handling team: 6 items ‹ Default handling role (the rule's default, not an assignment): model-coordination The handling team is an entr › Problem"
E066,1,T1 示例主线与 C2 必需,reviewed,10/8 已核,10/8 A 层已核，句子未变,N,,10-08 A,domain-517,D,范围限制,BESIDE,unchanged,Unchanged by the recheck,复检前后未变,界面文字（为本界面所写）,,,,Y,,,Y,,,,Y,,,,,0,,,,111,example-main ×25; example-other ×86,#/fixture/recheck-requirement-relaxed,IfcAirTerminal (IFC class) · 00 groundfloor · model hvac ‹ Builder's-work openings: Unknown (Unchanged by the recheck) › Basis shared by the items in this group:no determination yet (a real a
E067,1,T1 示例主线与 C2 必需,batch-1015,10/15 批，未核,10/15 批，未核,Y,,10-15,domain-517,D,复检：旧证据的去向,CARRY_OVER_REASONS,finding-equivalent,"There is exactly one corresponding check result; model version, check result content, check requirement and checker are the same, aspect by aspect.",对应的检查结果只有一条，模型版本、检查结果内容、检查要求、检查程序逐项相同。,界面文字（为本界面所写）,,,,Y,,,Y,,,,Y,,,,,50,example-main ×14; example-other ×36,#/fixture/recheck-requirement-relaxed,finding-equivalent ‹ 对应的检查结果只有一条，模型版本、检查结果内容、检查要求、检查程序逐项相同。 › finding-changed,49,example-main ×13; example-other ×36,#/fixture/recheck-requirement-relaxed,"finding-equivalent ‹ There is exactly one corresponding check result; model version, check result content, check requirement and ch › finding-changed"
E068,1,T1 示例主线与 C2 必需,batch-1015,10/15 批，未核,10/15 批，未核,Y,,10-15,domain-517,D,复检：旧证据的去向,CARRY_OVER_REASONS,finding-changed,"There is exactly one corresponding check result; compared aspect by aspect, at least one differs.",对应的检查结果只有一条，逐项比较后至少有一个方面不同。,界面文字（为本界面所写）,,,,Y,,,Y,,,,Y,,,,,53,example-main ×8; example-other ×45,#/fixture/recheck-requirement-relaxed,finding-changed ‹ 对应的检查结果只有一条，逐项比较后至少有一个方面不同。 › no-counterpart-in-the-cited-run,53,example-main ×8; example-other ×45,#/fixture/recheck-requirement-relaxed,"finding-changed ‹ There is exactly one corresponding check result; compared aspect by aspect, at least one differs. › no-counterpart-in-the-cited-run"
E069,1,T1 示例主线与 C2 必需,batch-1015,10/15 批，未核,10/15 批，未核,Y,,10-15,domain-517,D,复检：旧证据的去向,CARRY_OVER_REASONS,no-counterpart-in-the-cited-run,"In the validation run this record rests on, this element has no check result under this requirement.",本次记录依据的验证运行里，这个构件在这条要求下没有检查结果。,界面文字（为本界面所写）,,,,Y,,,Y,,,,Y,,,,,20,example-main ×2; example-other ×18,#/fixture/recheck-requirement-relaxed,no-counterpart-in-the-cited-run ‹ 本次记录依据的验证运行里，这个构件在这条要求下没有检查结果。 › counterpart-not-cited-under-the-current-binding,20,example-main ×2; example-other ×18,#/fixture/recheck-requirement-relaxed,"no-counterpart-in-the-cited-run ‹ In the validation run this record rests on, this element has no check result under this requirement. › counterpart-not-cited-under-the-current-binding"
E070,1,T1 示例主线与 C2 必需,batch-1015,10/15 批，未核,10/15 批，未核,Y,,10-15,domain-517,D,复检：旧证据的去向,CARRY_OVER_REASONS,counterpart-not-cited-under-the-current-binding,"The validation run has a corresponding check result, but this record does not cite it.",验证运行里有对应的检查结果，但本次记录没有引用它。,界面文字（为本界面所写）,,,,Y,,,Y,,,,Y,,,,,20,example-main ×2; example-other ×18,#/fixture/recheck-requirement-relaxed,counterpart-not-cited-under-the-current-binding ‹ 验证运行里有对应的检查结果，但本次记录没有引用它。 › sealed-citation-has-no-comparison-basis,20,example-main ×2; example-other ×18,#/fixture/recheck-requirement-relaxed,"counterpart-not-cited-under-the-current-binding ‹ The validation run has a corresponding check result, but this record does not cite it. › sealed-citation-has-no-comparison-basis"
E071,1,T1 示例主线与 C2 必需,batch-1015,10/15 批，未核,10/15 批，未核,Y,,10-15,domain-517,D,复检：旧证据的去向,CARRY_OVER_REASONS,sealed-citation-has-no-comparison-basis,"When the original record was sealed it kept no comparison basis for this citation (a record from an older version). This page will not make one up from the current rules, so it can only say honestly that it cannot compare.",原记录封存时没有保存这条引用的比较依据（旧版本的记录）。本页不会用当前规则去补造，所以只能如实显示无法比较。,界面文字（为本界面所写）,,,,Y,,,Y,,,,Y,,,,,26,example-main ×2; example-other ×24,#/fixture/recheck-requirement-relaxed,sealed-citation-has-no-comparison-basis ‹ 原记录封存时没有保存这条引用的比较依据（旧版本的记录）。本页不会用当前规则去补造，所以只能如实显示无法比较。 › comparison-basis-version-unknown,26,example-main ×2; example-other ×24,#/fixture/recheck-requirement-relaxed,sealed-citation-has-no-comparison-basis ‹ When the original record was sealed it kept no comparison basis for this citation (a record from an older vers › comparison-basis-version-unknown
E072,1,T1 示例主线与 C2 必需,batch-1015,10/15 批，未核,10/15 批，未核,Y,,10-15,domain-517,D,复检：旧证据的去向,CARRY_OVER_REASONS,comparison-basis-version-unknown,The comparison basis the original record kept is of a version this system does not recognise.,原记录保存的比较依据，是本系统不认识的版本。,界面文字（为本界面所写）,,,,Y,,,Y,,,,Y,,,,,20,example-main ×2; example-other ×18,#/fixture/recheck-requirement-relaxed,comparison-basis-version-unknown ‹ 原记录保存的比较依据，是本系统不认识的版本。 › subject-not-present,20,example-main ×2; example-other ×18,#/fixture/recheck-requirement-relaxed,comparison-basis-version-unknown ‹ The comparison basis the original record kept is of a version this system does not recognise. › subject-not-present
E073,1,T1 示例主线与 C2 必需,batch-1015,10/15 批，未核,10/15 批，未核,Y,,10-15,domain-517,D,复检：旧证据的去向,CARRY_OVER_REASONS,subject-not-present,"The element this evidence is about is no longer in this record (where it went: see ""the reason the record gives""). An element that is gone is not fixed.",这条证据所针对的构件，在本次记录里已经不在（去向见“记录给出的原因”）。构件不在不等于已修复。,界面文字（为本界面所写）,,,,Y,,,Y,,,,Y,,,,,26,example-main ×2; example-other ×24,#/fixture/recheck-requirement-relaxed,subject-not-present ‹ 这条证据所针对的构件，在本次记录里已经不在（去向见“记录给出的原因”）。构件不在不等于已修复。 › counterpart-not-unique,26,example-main ×2; example-other ×24,#/fixture/recheck-requirement-relaxed,"subject-not-present ‹ The element this evidence is about is no longer in this record (where it went: see ""the reason the record give › counterpart-not-unique"
E074,1,T1 示例主线与 C2 必需,batch-1015,10/15 批，未核,10/15 批，未核,Y,,10-15,domain-517,D,复检：旧证据的去向,CARRY_OVER_REASONS,counterpart-not-unique,"This time there is more than one candidate corresponding check result, and the system does not choose between them (all candidates: see ""the reason the record gives"").",本次有不止一条候选的对应检查结果，系统不从中挑选（全部候选见“记录给出的原因”）。,界面文字（为本界面所写）,,,,Y,,,Y,,,,Y,,,,,20,example-main ×2; example-other ×18,#/fixture/recheck-requirement-relaxed,counterpart-not-unique ‹ 本次有不止一条候选的对应检查结果，系统不从中挑选（全部候选见“记录给出的原因”）。 › requirement-semantics-basis-unavailable,20,example-main ×2; example-other ×18,#/fixture/recheck-requirement-relaxed,"counterpart-not-unique ‹ This time there is more than one candidate corresponding check result, and the system does not choose between  › requirement-semantics-basis-unavailable"
E075,1,T1 示例主线与 C2 必需,batch-1015,10/15 批，未核,10/15 批，未核,Y,,10-15,domain-517,D,复检：旧证据的去向,CARRY_OVER_REASONS,requirement-semantics-basis-unavailable,The sealed side or the current side has no comparison basis for the check requirement.,封存一方或当前一方没有“检查要求”的比较依据。,界面文字（为本界面所写）,,,,Y,,,Y,,,,Y,,,,,20,example-main ×2; example-other ×18,#/fixture/recheck-requirement-relaxed,requirement-semantics-basis-unavailable ‹ 封存一方或当前一方没有“检查要求”的比较依据。 › comparison-basis-incomplete,20,example-main ×2; example-other ×18,#/fixture/recheck-requirement-relaxed,requirement-semantics-basis-unavailable ‹ The sealed side or the current side has no comparison basis for the check requirement. › comparison-basis-incomplete
E076,1,T1 示例主线与 C2 必需,batch-1015,10/15 批，未核,10/15 批，未核,Y,,10-15,domain-517,D,复检：旧证据的去向,CARRY_OVER_REASONS,comparison-basis-incomplete,"The sealed side or the current side lacks part of the comparison basis (model version, check result content digest or checker fingerprint).",封存一方或当前一方缺少部分比较依据（模型版本、检查结果内容摘要或检查程序指纹）。,界面文字（为本界面所写）,,,,Y,,,Y,,,,Y,,,,,20,example-main ×2; example-other ×18,#/fixture/recheck-requirement-relaxed,comparison-basis-incomplete ‹ 封存一方或当前一方缺少部分比较依据（模型版本、检查结果内容摘要或检查程序指纹）。 › determination-same-reference-same-content,20,example-main ×2; example-other ×18,#/fixture/recheck-requirement-relaxed,"comparison-basis-incomplete ‹ The sealed side or the current side lacks part of the comparison basis (model version, check result content di › determination-same-reference-same-content"
E077,1,T1 示例主线与 C2 必需,batch-1015,10/15 批，未核,10/15 批，未核,Y,,10-15,domain-517,D,复检：旧证据的去向,CARRY_OVER_REASONS,determination-same-reference-same-content,The same determination: the same reference and the same content digest.,同一份判定：引用相同，内容摘要也相同。,界面文字（为本界面所写）,,,,Y,,,Y,,,,Y,,,,,50,example-main ×14; example-other ×36,#/fixture/recheck-requirement-relaxed,比较依据一致 × 6 ‹ 同一份判定：引用相同，内容摘要也相同。 × 6 › “比较依据一致”是什么意思,49,example-main ×13; example-other ×36,#/fixture/recheck-requirement-relaxed,"Comparison basis unchanged × 6 ‹ The same determination: the same reference and the same content digest. × 6 › What ""Comparison basis unchanged"" means"
E078,1,T1 示例主线与 C2 必需,batch-1015,10/15 批，未核,10/15 批，未核,Y,,10-15,domain-517,D,复检：旧证据的去向,CARRY_OVER_REASONS,determination-content-changed-under-the-same-reference,"The same reference, but the determination's content is no longer what the original record read (made again, re-attributed or re-signed). The new determination is read as evidence as usual; it just cannot be called the same determination as the original.",引用相同，但判定的内容已经不是原记录读到的那一份（被重新作出、重新归属或重新签署）。新判定照常作为证据读取，只是不能说它和原判定是同一份。,界面文字（为本界面所写）,,,,Y,,,Y,,,,Y,,,,,20,example-main ×2; example-other ×18,#/fixture/recheck-requirement-relaxed,determination-content-changed-under-the-same-reference ‹ 引用相同，但判定的内容已经不是原记录读到的那一份（被重新作出、重新归属或重新签署）。新判定照常作为证据读取，只是不能说它和原判定是同一份。 › determination-not-cited-by-this-record,20,example-main ×2; example-other ×18,#/fixture/recheck-requirement-relaxed,"determination-content-changed-under-the-same-reference ‹ The same reference, but the determination's content is no longer what the original record read (made again, re › determination-not-cited-by-this-record"
E079,1,T1 示例主线与 C2 必需,batch-1015,10/15 批，未核,10/15 批，未核,Y,,10-15,domain-517,D,复检：旧证据的去向,CARRY_OVER_REASONS,determination-not-cited-by-this-record,"The model version did not change, and this record no longer cites this determination: another determination replaced it.",模型版本没有变，本次记录没有再引用这份判定：它被别的判定取代了。,界面文字（为本界面所写）,,,,Y,,,Y,,,,Y,,,,,21,example-main ×2; example-other ×19,#/fixture/recheck-requirement-relaxed,determination-not-cited-by-this-record ‹ 模型版本没有变，本次记录没有再引用这份判定：它被别的判定取代了。 › determination-not-attributable-to-this-context,21,example-main ×2; example-other ×19,#/fixture/recheck-requirement-relaxed,"determination-not-cited-by-this-record ‹ The model version did not change, and this record no longer cites this determination: another determination re › determination-not-attributable-to-this-context"
E080,1,T1 示例主线与 C2 必需,batch-1015,10/15 批，未核,10/15 批，未核,Y,,10-15,domain-517,D,复检：旧证据的去向,CARRY_OVER_REASONS,determination-not-attributable-to-this-context,"The model version has changed, and the original determination was made against the old version, so it cannot be attributed to the current one. The evidence is not missing and the original determination is not wrong; a determination against the current version is needed.",模型版本已经变化，原判定是针对旧版本作出的，不能归到当前版本。不是证据不存在，也不是原判定错误；需要针对当前版本的判定。,界面文字（为本界面所写）,,,,Y,,,Y,,,,Y,,,,,50,example-main ×2; example-other ×48,#/fixture/recheck-requirement-relaxed,determination-not-attributable-to-this-context ‹ 模型版本已经变化，原判定是针对旧版本作出的，不能归到当前版本。不是证据不存在，也不是原判定错误；需要针对当前版本的判定。 › 变化方面：原码,50,example-main ×2; example-other ×48,#/fixture/recheck-requirement-relaxed,"determination-not-attributable-to-this-context ‹ The model version has changed, and the original determination was made against the old version, so it cannot b › Aspects that changed: codes"
E081,1,T1 示例主线与 C2 必需,batch-1015,10/15 批，未核,10/15 批，未核,Y,,10-15,domain-517,D,复检：旧证据的去向,CARRY_OVER_STATES,equivalent.label,Comparison basis unchanged,比较依据一致,界面文字（为本界面所写）,,,,Y,,,Y,,,,Y,,,,,68,example-main ×20; example-other ×48,#/fixture/recheck-requirement-relaxed,读复检结果时 ‹ “比较依据一致”不代表整个交接不用复核。 › 构件不在了、或找不到对应证据，不代表问题已修复。,150,example-main ×27; example-other ×123,#/fixture/recheck-requirement-relaxed,"When reading a recheck result ‹ ""Comparison basis unchanged"" does not mean the whole handover needs no review. › An element that is gone, or evidence with no counterpart, does not mea"
E082,1,T1 示例主线与 C2 必需,batch-1015,10/15 批，未核,10/15 批，未核,Y,,10-15,domain-517,D,复检：旧证据的去向,CARRY_OVER_STATES,equivalent.meaning,"This old evidence has exactly one counterpart in this record, and every aspect compared is the same. ",这条旧证据在本次记录里有唯一对应的一条，逐项比较都相同。,界面文字（为本界面所写）,,,,Y,,,Y,,,,Y,,,,,58,example-main ×20; example-other ×38,#/fixture/recheck-requirement-relaxed,“比较依据一致”是什么意思 ‹ 这条旧证据在本次记录里有唯一对应的一条，逐项比较都相同。这只说明不必因为引用换了键而重新收集这条证据，不代表整个交接不用复核。 › “比较依据有变化”是什么意思,57,example-main ×19; example-other ×38,#/fixture/recheck-requirement-relaxed,"What ""Comparison basis unchanged"" means ‹ This old evidence has exactly one counterpart in this record, and every aspect compared is the same. It only m › What ""Comparison basis changed"" means"
E083,1,T1 示例主线与 C2 必需,batch-1015,10/15 批，未核,10/15 批，未核,Y,,10-15,domain-517,D,复检：旧证据的去向,CARRY_OVER_STATES,equivalent.caveat,It only means the evidence need not be gathered again because its citation changed key; it does not mean the whole handover needs no review.,这只说明不必因为引用换了键而重新收集这条证据，不代表整个交接不用复核。,界面文字（为本界面所写）,,,,Y,,,Y,,,,Y,,,,,58,example-main ×20; example-other ×38,#/fixture/recheck-requirement-relaxed,“比较依据一致”是什么意思 ‹ 这条旧证据在本次记录里有唯一对应的一条，逐项比较都相同。这只说明不必因为引用换了键而重新收集这条证据，不代表整个交接不用复核。 › “比较依据有变化”是什么意思,57,example-main ×19; example-other ×38,#/fixture/recheck-requirement-relaxed,"What ""Comparison basis unchanged"" means ‹ This old evidence has exactly one counterpart in this record, and every aspect compared is the same. It only m › What ""Comparison basis changed"" means"
E084,1,T1 示例主线与 C2 必需,batch-1015,10/15 批，未核,10/15 批，未核,Y,,10-15,domain-517,D,复检：旧证据的去向,CARRY_OVER_STATES,changed.label,Comparison basis changed,比较依据有变化,界面文字（为本界面所写）,,,,Y,,,Y,,,,Y,,,,,53,example-main ×8; example-other ×45,#/fixture/recheck-requirement-relaxed,只是引用换了键 × 7 ‹ 比较依据有变化 × 2 › 检查结果内容、检查要求变了，模型版本、检查程序未变。 × 2,53,example-main ×8; example-other ×45,#/fixture/recheck-requirement-relaxed,"Only the citation's key changed × 7 ‹ Comparison basis changed × 2 › check result content, check requirement changed; model version, checke"
E085,1,T1 示例主线与 C2 必需,batch-1015,10/15 批，未核,10/15 批，未核,Y,,10-15,domain-517,D,复检：旧证据的去向,CARRY_OVER_STATES,changed.meaning,"This old evidence has exactly one counterpart in this record, but at least one aspect differs. ",这条旧证据在本次记录里有唯一对应的一条，但至少有一个方面不同。,界面文字（为本界面所写）,,,,Y,,,Y,,,,Y,,,,,45,example-main ×8; example-other ×37,#/fixture/recheck-requirement-relaxed,“比较依据有变化”是什么意思 ‹ 这条旧证据在本次记录里有唯一对应的一条，但至少有一个方面不同。结果读起来相同，也仍然算有变化；变了的是哪些方面，见这一条的说明。 › 追溯信息：记录标识、模型版本指纹、记录原码对照,45,example-main ×8; example-other ×37,#/fixture/recheck-requirement-relaxed,"What ""Comparison basis changed"" means ‹ This old evidence has exactly one counterpart in this record, but at least one aspect differs. Even if the res › Tracing: record identity, model version fingerprints, record codes"
E086,1,T1 示例主线与 C2 必需,batch-1015,10/15 批，未核,10/15 批，未核,Y,,10-15,domain-517,D,复检：旧证据的去向,CARRY_OVER_STATES,changed.caveat,"Even if the result reads the same, it still counts as changed; which aspects changed is said on the row.",结果读起来相同，也仍然算有变化；变了的是哪些方面，见这一条的说明。,界面文字（为本界面所写）,,,,Y,,,Y,,,,Y,,,,,45,example-main ×8; example-other ×37,#/fixture/recheck-requirement-relaxed,“比较依据有变化”是什么意思 ‹ 这条旧证据在本次记录里有唯一对应的一条，但至少有一个方面不同。结果读起来相同，也仍然算有变化；变了的是哪些方面，见这一条的说明。 › 追溯信息：记录标识、模型版本指纹、记录原码对照,45,example-main ×8; example-other ×37,#/fixture/recheck-requirement-relaxed,"What ""Comparison basis changed"" means ‹ This old evidence has exactly one counterpart in this record, but at least one aspect differs. Even if the res › Tracing: record identity, model version fingerprints, record codes"
E087,1,T1 示例主线与 C2 必需,batch-1015,10/15 批，未核,10/15 批，未核,Y,,10-15,domain-517,D,复检：旧证据的去向,CARRY_OVER_STATES,no-counterpart.label,No counterpart found,未找到对应证据,界面文字（为本界面所写）,,,,Y,,,Y,,,,Y,,,,,51,example-main ×2; example-other ×49,#/fixture/recheck-requirement-relaxed,no-counterpart ‹ 未找到对应证据 › not-provable,51,example-main ×2; example-other ×49,#/fixture/recheck-requirement-relaxed,no-counterpart ‹ No counterpart found › not-provable
E090,1,T1 示例主线与 C2 必需,batch-1015,10/15 批，未核,10/15 批，未核,Y,,10-15,domain-517,D,复检：旧证据的去向,CARRY_OVER_STATES,not-provable.label,Not enough basis to compare,现有依据不足以比较,界面文字（为本界面所写）,,,,Y,,,Y,,,,Y,,,,,32,example-main ×2; example-other ×30,#/fixture/recheck-requirement-relaxed,not-provable ‹ 现有依据不足以比较 › 旧证据比较：原因原码,32,example-main ×2; example-other ×30,#/fixture/recheck-requirement-relaxed,not-provable ‹ Not enough basis to compare › Old-evidence comparison: reason codes
E093,1,T1 示例主线与 C2 必需,batch-1015,10/15 批，未核,10/15 批，未核,Y,,10-15,domain-517,D,复检：比较了哪些方面,CHANGED_ASPECTS,model-version,model version,模型版本,界面文字（为本界面所写）,,,,Y,,Y,Y,,,,Y,Y,,,,163,example-main ×2; example-other ×18; secondary ×143,#/fixture/recheck-requirement-relaxed,同组事项共用的依据，其中有模拟证据：模拟的检查结果 ×2 ‹ 只对这一个事项、这项工作、所列的模型版本成立；不代表整次交接完成。 › 记录同时显示：和这一项放在一起评估的旧证据里，有 2 条的检查要求变了；记录不说明是放宽还是收紧。读这个结论时要一并看，逐条见“复检前的证据,180,catalogue ×1; example-main ×41; example-other ×138,#/fixture,"The same record after a recheck: neither model was re-issued, yet a co ‹ About this example This example was given: one cited check requirement was relaxed; neither the handing-over n › Open this example's result"
E094,1,T1 示例主线与 C2 必需,batch-1015,10/15 批，未核,10/15 批，未核,Y,,10-15,domain-517,D,复检：比较了哪些方面,CHANGED_ASPECTS,finding-content,check result content,检查结果内容,界面文字（为本界面所写）,,,,Y,,,Y,,,,Y,,,,,20,example-main ×2; example-other ×18,#/fixture/recheck-requirement-relaxed,比较依据有变化 × 2 ‹ 检查结果内容、检查要求变了，模型版本、检查程序未变。 × 2 › 判定引用（6 条）,73,example-main ×13; example-other ×60,#/fixture/recheck-requirement-relaxed,"Comparison basis changed × 2 ‹ check result content, check requirement changed; model version, checker unchanged. × 2 › Determination citation (6 rows)"
E095,1,T1 示例主线与 C2 必需,batch-1015,10/15 批，未核,10/15 批，未核,Y,,10-15,domain-517,D,复检：比较了哪些方面,CHANGED_ASPECTS,requirement-semantics,check requirement,检查要求,界面文字（为本界面所写）,,,,Y,,Y,Y,,,,Y,,,,,20,example-main ×2; example-other ×18,#/fixture/recheck-requirement-relaxed,只对这一个事项、这项工作、所列的模型版本成立；不代表整次交接完成。 ‹ 记录同时显示：和这一项放在一起评估的旧证据里，有 2 条的检查要求变了；记录不说明是放宽还是收紧。读这个结论时要一并看，逐条见“复检前的证据”。 › 两侧模型都没有重新发布，这些项的判断却变了：变化不来自模型改动。每一项的旧证据写明变了的是什么。,74,catalogue ×1; example-main ×13; example-other ×60,#/fixture,"The same record after a recheck: neither model was re-issued, yet a co ‹ About this example This example was given: one cited check requirement was relaxed; neither the handing-over n › Open this example's result"
E096,1,T1 示例主线与 C2 必需,batch-1015,10/15 批，未核,10/15 批，未核,Y,,10-15,domain-517,D,复检：比较了哪些方面,CHANGED_ASPECTS,checker,checker,检查程序,界面文字（为本界面所写）,,G002,,Y,,,Y,Y,,,Y,,,,,36,example-main ×2; local-result ×16; example-other ×18,#/fixture/recheck-requirement-relaxed,比较依据有变化 × 2 ‹ 检查结果内容、检查要求变了，模型版本、检查程序未变。 × 2 › 判定引用（6 条）,20,example-main ×2; example-other ×18,#/fixture/recheck-requirement-relaxed,"Comparison basis changed × 2 ‹ check result content, check requirement changed; model version, checker unchanged. × 2 › Determination citation (6 rows)"
Z10,1,T1 示例主线与 C2 必需,unindexed,D6 未列，是否已核待确认,D6 索引没有列（中文单语的释义表，英文显示原文）；10/8 BIM 读过这张表（W10 出自它），这一条是否已核请 BIM 确认,N,,,,D,,CITATION_GLOSSES,"Product validation rule of this repository; not a project, owner, statutory or buildingSMART requirement. Values from IFC4 ADD2 TC1 IfcAirTerminalTypeEnum.",,本仓库的产品验证规则；不是项目、业主、法规或 buildingSMART 的要求。取值来自 IFC4 ADD2 TC1 的 IfcAirTerminalTypeEnum。,界面文字（为本界面所写）,,,,Y,,,,Y,Y,,,,,,,34,local-result ×16; local-start ×18,flow:check-both:result,"出处（返回数据的引文，英文原文） ‹ 本仓库的产品验证规则；不是项目、业主、法规或 buildingSMART 的要求。取值来自 IFC4 ADD2 TC1 的 IfcAirTerminalTypeEnum。 › Product validation rule of this repository; not a project, owner, stat",0,,,
E097,1,T1 示例主线与 C2 必需,reviewed,10/8 已核,10/8 A 层已核，句子未变,N,,10-08 A,domain-517,D,规则来源,CITATION_KINDS,finding,Check-result citation,检查结果引用,界面文字（为本界面所写）,,,,Y,,,Y,,,,Y,,,,,0,,,,77,example-main ×13; example-other ×64,#/fixture/recheck-requirement-relaxed,"Check results and human determinations are two kinds of evidence, coun ‹ Check-result citation (9 rows) › Comparison basis unchanged × 7"
E098,1,T1 示例主线与 C2 必需,reviewed,10/8 已核,10/8 A 层已核，句子未变,N,,10-08 A,domain-517,D,规则来源,CITATION_KINDS,determination,Determination citation,判定引用,界面文字（为本界面所写）,,,,Y,,,Y,,,,Y,,,,,0,,,,80,example-main ×13; example-other ×67,#/fixture/recheck-requirement-relaxed,"check result content, check requirement changed; model version, checke ‹ Determination citation (6 rows) › Comparison basis unchanged × 6"
E100,1,T1 示例主线与 C2 必需,reviewed,10/8 已核,10/8 A 层已核，句子未变,N,,10-08 A,domain-517,D,规则来源,CITATION_PROVENANCE,finding-real.short,Real check output,真实检查输出,界面文字（为本界面所写）,,G003,,Y,,,Y,,,,Y,Y,,,,452,example-main ×43; example-other ×138; secondary ×271,#/fixture/member-evidence,返回首页 ‹ 随附的模拟示例，不是你的模型；团队等项目设定为演示用，不能用于正式项目决定。 这份记录的结论引用了：真实检查输出、模拟的人工判定，逐条标在结论旁的“依据”一行。 来源说明 › 模拟示例：示例中的项目设定，包括处理团队安排、证据方法的接受等，是演示用设定，不代表真实项目决定；一个结论的证据可能是真实检查的结果、模拟的,179,example-main ×41; example-other ×138,#/fixture/member-evidence,Room data sheets and equipment schedules: Blocked ‹ Basis of this conclusion:Real check output ×2 › Problem: The project's required asset identity is missing
E101,1,T1 示例主线与 C2 必需,reviewed,10/8 已核,10/8 A 层已核，句子未变,N,,10-08 A,domain-517,D,规则来源,CITATION_PROVENANCE,finding-real.long,"A check-result citation without the simulation marker: from a real check run, the product of checking a real IFC model against real rules.",未带模拟标记的检查结果引用：来自真实的检查运行，是真实 IFC 模型按真实规则检查的产物。,界面文字（为本界面所写）,,,,Y,,,Y,,,,Y,Y,,,,452,example-main ×43; example-other ×138; secondary ×271,#/fixture/member-evidence,本页每条引用旁的来源标注按该条引用自身判定（是否带模拟标记），不按整页或整份记录推断： ‹ 真实检查输出 未带模拟标记的检查结果引用：来自真实的检查运行，是真实 IFC 模型按真实规则检查的产物。 › 模拟的检查结果 带模拟标记（以 fixture 开头）的检查结果引用：由示例生成，不是任何真实检查运行的输出。,179,example-main ×41; example-other ×138,#/fixture/member-evidence,"Each citation's source label on this page is decided from that citatio ‹ Real check output A check-result citation without the simulation marker: from a real check run, the product of › Simulated check result A check-result citation with the simulation mar"
E103,1,T1 示例主线与 C2 必需,reviewed,10/8 已核,10/8 A 层已核，句子未变,N,,10-08 A,domain-517,D,规则来源,CITATION_PROVENANCE,finding-fixture.short,Simulated check result,模拟的检查结果,界面文字（为本界面所写）,,G005,,Y,,,Y,,,,Y,Y,,,,452,example-main ×43; example-other ×138; secondary ×271,#/fixture/member-evidence,随附的模拟示例，不是你的模型；团队等项目设定为演示用，不能用于正式项目决定。 这份记录的结论引用了：真实检查输出、模拟的人工判定，逐条标在结 ‹ 模拟示例：示例中的项目设定，包括处理团队安排、证据方法的接受等，是演示用设定，不代表真实项目决定；一个结论的证据可能是真实检查的结果、模拟的检查结果或模拟的人工判定，具体是哪一种，看每个结论旁的“依据”一行（按逐条引用标 › ← 返回示例目录,179,example-main ×41; example-other ×138,#/fixture/member-evidence,Real check output A check-result citation without the simulation marke ‹ Simulated check result A check-result citation with the simulation marker (starting with fixture): generated b › Simulated human determination A determination citation with the simula
E104,1,T1 示例主线与 C2 必需,reviewed,10/8 已核,10/8 A 层已核，句子未变,N,,10-08 A,domain-517,D,规则来源,CITATION_PROVENANCE,finding-fixture.long,"A check-result citation with the simulation marker (starting with fixture): generated by the example, not the output of any real check run.",带模拟标记（以 fixture 开头）的检查结果引用：由示例生成，不是任何真实检查运行的输出。,界面文字（为本界面所写）,,,,Y,,,Y,,,,Y,Y,,,,452,example-main ×43; example-other ×138; secondary ×271,#/fixture/member-evidence,真实检查输出 未带模拟标记的检查结果引用：来自真实的检查运行，是真实 IFC 模型按真实规则检查的产物。 ‹ 模拟的检查结果 带模拟标记（以 fixture 开头）的检查结果引用：由示例生成，不是任何真实检查运行的输出。 › 模拟的人工判定 带模拟标记的判定引用：由示例提供，没有任何协调评审真的发生过。,179,example-main ×41; example-other ×138,#/fixture/member-evidence,Real check output A check-result citation without the simulation marke ‹ Simulated check result A check-result citation with the simulation marker (starting with fixture): generated b › Simulated human determination A determination citation with the simula
E106,1,T1 示例主线与 C2 必需,reviewed,10/8 已核,10/8 A 层已核，句子未变,N,,10-08 A,domain-517,D,规则来源,CITATION_PROVENANCE,determination-fixture.short,Simulated human determination,模拟的人工判定,界面文字（为本界面所写）,,G006,,Y,,,Y,,,,Y,Y,,,,452,example-main ×43; example-other ×138; secondary ×271,#/fixture/member-evidence,返回首页 ‹ 随附的模拟示例，不是你的模型；团队等项目设定为演示用，不能用于正式项目决定。 这份记录的结论引用了：真实检查输出、模拟的人工判定，逐条标在结论旁的“依据”一行。 来源说明 › 模拟示例：示例中的项目设定，包括处理团队安排、证据方法的接受等，是演示用设定，不代表真实项目决定；一个结论的证据可能是真实检查的结果、模拟的,179,example-main ×41; example-other ×138,#/fixture/member-evidence,Builder's-work openings: Blocked ‹ This conclusion rests on simulated evidence:Simulated human determination ×2 › Problem: No corresponding opening is modelled in the element it passes
E107,1,T1 示例主线与 C2 必需,reviewed,10/8 已核,10/8 A 层已核，句子未变,N,,10-08 A,domain-517,D,规则来源,CITATION_PROVENANCE,determination-fixture.long,A determination citation with the simulation marker: supplied by the example; no coordination review ever took place.,带模拟标记的判定引用：由示例提供，没有任何协调评审真的发生过。,界面文字（为本界面所写）,,,,Y,,,Y,,,,Y,Y,,,,452,example-main ×43; example-other ×138; secondary ×271,#/fixture/member-evidence,模拟的检查结果 带模拟标记（以 fixture 开头）的检查结果引用：由示例生成，不是任何真实检查运行的输出。 ‹ 模拟的人工判定 带模拟标记的判定引用：由示例提供，没有任何协调评审真的发生过。 › 来源未标注的判定 未带模拟标记的判定引用：判定不是检查运行的输出，本界面也没有可核依据说明它来自哪里，因此不作真实或模拟的断言。,179,example-main ×41; example-other ×138,#/fixture/member-evidence,Simulated check result A check-result citation with the simulation mar ‹ Simulated human determination A determination citation with the simulation marker: supplied by the example; no › Determination of unstated source A determination citation without the
E109,1,T1 示例主线与 C2 必需,reviewed,10/8 已核,10/8 A 层已核，句子未变,N,,10-08 A,domain-517,D,规则来源,CITATION_PROVENANCE,determination-unmarked.short,Determination of unstated source,来源未标注的判定,界面文字（为本界面所写）,,G007,,Y,,,Y,,,,Y,Y,,,,452,example-main ×43; example-other ×138; secondary ×271,#/fixture/member-evidence,模拟的人工判定 带模拟标记的判定引用：由示例提供，没有任何协调评审真的发生过。 ‹ 来源未标注的判定 未带模拟标记的判定引用：判定不是检查运行的输出，本界面也没有可核依据说明它来自哪里，因此不作真实或模拟的断言。 › 处理团队与默认处理角色,179,example-main ×41; example-other ×138,#/fixture/member-evidence,Simulated human determination A determination citation with the simula ‹ Determination of unstated source A determination citation without the simulation marker: a determination is no › Handling team and default handling role
E110,1,T1 示例主线与 C2 必需,reviewed,10/8 已核,10/8 A 层已核，句子未变,N,,10-08 A,domain-517,D,规则来源,CITATION_PROVENANCE,determination-unmarked.long,"A determination citation without the simulation marker: a determination is not the output of a check run, and this interface has nothing it can verify about where it came from, so it says neither real nor simulated.",未带模拟标记的判定引用：判定不是检查运行的输出，本界面也没有可核依据说明它来自哪里，因此不作真实或模拟的断言。,界面文字（为本界面所写）,,,,Y,,,Y,,,,Y,Y,,,,452,example-main ×43; example-other ×138; secondary ×271,#/fixture/member-evidence,模拟的人工判定 带模拟标记的判定引用：由示例提供，没有任何协调评审真的发生过。 ‹ 来源未标注的判定 未带模拟标记的判定引用：判定不是检查运行的输出，本界面也没有可核依据说明它来自哪里，因此不作真实或模拟的断言。 › 处理团队与默认处理角色,179,example-main ×41; example-other ×138,#/fixture/member-evidence,Simulated human determination A determination citation with the simula ‹ Determination of unstated source A determination citation without the simulation marker: a determination is no › Handling team and default handling role
E111,1,T1 示例主线与 C2 必需,reviewed,10/8 已核,10/8 A 层已核，句子未变,N,,10-08 A,domain-517,D,源修改与复检行动,CONDITION_ENTRIES,named-outcome-observed.text,Only the named outcome observed; the rest of the condition not checked,仅命名结果已观察到；条件其余部分未检查,界面文字（为本界面所写）,G008,G008,,Y,,,Y,,,,Y,,,,,20,example-main ×2; example-other ×18,#/fixture/recheck-requirement-relaxed,named-outcome-observed ‹ 仅命名结果已观察到；条件其余部分未检查 › named-outcome-not-observed,20,example-main ×2; example-other ×18,#/fixture/recheck-requirement-relaxed,named-outcome-observed ‹ Only the named outcome observed; the rest of the condition not checked › named-outcome-not-observed
E113,1,T1 示例主线与 C2 必需,reviewed,10/8 已核,10/8 A 层已核，句子未变,N,,10-08 A,domain-517,D,源修改与复检行动,CONDITION_ENTRIES,named-outcome-not-observed.text,Named outcome not observed,未观察到命名结果,界面文字（为本界面所写）,G009,G009,,Y,,,Y,,,,Y,,,,,25,example-main ×4; example-other ×21,#/fixture/recheck-requirement-relaxed,named-outcome-not-observed ‹ 未观察到命名结果 › no-machine-checkable-part,25,example-main ×4; example-other ×21,#/fixture/recheck-requirement-relaxed,named-outcome-not-observed ‹ Named outcome not observed › no-machine-checkable-part
E114,1,T1 示例主线与 C2 必需,reviewed,10/8 已核,10/8 A 层已核，句子未变,N,,10-08 A,domain-517,D,源修改与复检行动,CONDITION_ENTRIES,named-outcome-not-observed.plain,The outcome named in the original recheck condition is not observed now: the original condition is not reached.,原复检条件里点名的那个结果，现在没有观察到：原条件未达成。,界面文字（为本界面所写）,,,,Y,,,Y,,,,Y,,,,,5,example-main ×2; example-other ×3,#/fixture/recheck-requirement-relaxed/recheck/3/0,四、复检前留下的结束条件，这次达到了吗 ‹ 原复检条件里点名的那个结果，现在没有观察到：原条件未达成。 › 复检前留下的结束条件：这一对的开洞核查结果为“洞口已建且已关联”。只建洞不够。,5,example-main ×2; example-other ×3,#/fixture/recheck-requirement-relaxed/recheck/3/0,4. Was the exit condition left before the recheck reached this time? ‹ The outcome named in the original recheck condition is not observed now: the original condition is not reached › The exit condition left before the recheck: The opening check for this
E115,1,T1 示例主线与 C2 必需,reviewed,10/8 已核,10/8 A 层已核，句子未变,N,,10-08 A,domain-517,D,源修改与复检行动,CONDITION_ENTRIES,no-machine-checkable-part.text,The condition has no machine-checkable part; a person must read it,条件没有可机检部分，需要人阅读,界面文字（为本界面所写）,G010,G010,,Y,,,Y,,,,Y,,,,,87,example-main ×16; example-other ×71,#/fixture/recheck-requirement-relaxed,no-machine-checkable-part ‹ 条件没有可机检部分，需要人阅读 › not-comparable,87,example-main ×16; example-other ×71,#/fixture/recheck-requirement-relaxed,no-machine-checkable-part ‹ The condition has no machine-checkable part; a person must read it › not-comparable
E116,1,T1 示例主线与 C2 必需,reviewed,10/8 已核,10/8 A 层已核，句子未变,N,,10-08 A,domain-517,D,源修改与复检行动,CONDITION_ENTRIES,no-machine-checkable-part.plain,The original recheck condition has no part a machine can check; a person needs to read the original condition and judge it. The record draws no conclusion on it.,原复检条件没有机器能检查的部分，需要人阅读原条件并判断；记录对它不下结论。,界面文字（为本界面所写）,,,,Y,,,Y,,,,Y,,,,,67,example-main ×14; example-other ×53,#/fixture/recheck-requirement-relaxed/recheck/1/0,四、复检前留下的结束条件，这次达到了吗 ‹ 原复检条件没有机器能检查的部分，需要人阅读原条件并判断；记录对它不下结论。 › 复检前留下的结束条件：针对所列模型版本，有一份评审判定记录。,67,example-main ×14; example-other ×53,#/fixture/recheck-requirement-relaxed/recheck/1/0,4. Was the exit condition left before the recheck reached this time? ‹ The original recheck condition has no part a machine can check; a person needs to read the original condition  › The exit condition left before the recheck: A recorded review determin
E117,1,T1 示例主线与 C2 必需,reviewed,10/8 已核,10/8 A 层已核，句子未变,N,,10-08 A,domain-517,D,源修改与复检行动,CONDITION_ENTRIES,not-comparable.text,Cannot be compared: the corresponding elements are incomplete,不可比较：对应的构件不完整,界面文字（为本界面所写）,G011,G011,,Y,,,Y,,,,Y,,,,,29,example-main ×2; example-other ×27,#/fixture/recheck-requirement-relaxed,not-comparable ‹ 不可比较：对应的构件不完整 › no-recheck-condition,29,example-main ×2; example-other ×27,#/fixture/recheck-requirement-relaxed,not-comparable ‹ Cannot be compared: the corresponding elements are incomplete › no-recheck-condition
E119,1,T1 示例主线与 C2 必需,reviewed,10/8 已核,10/8 A 层已核，句子未变,N,,10-08 A,domain-517,D,源修改与复检行动,CONDITION_ENTRIES,no-recheck-condition.text,The original record had no recheck condition,原记录没有复检条件,界面文字（为本界面所写）,G012,G012,,Y,,,Y,,,,Y,,,,,70,example-main ×12; example-other ×58,#/fixture/recheck-requirement-relaxed,no-recheck-condition ‹ 原记录没有复检条件 › 旧证据比较：状态原码,69,example-main ×11; example-other ×58,#/fixture/recheck-requirement-relaxed,no-recheck-condition ‹ The original record had no recheck condition › Old-evidence comparison: state codes
E120,1,T1 示例主线与 C2 必需,changed,10/8 后改句，需重核,W4：句子未变；#50 起只在原判断为“可以开始”时显示，需 BIM 确认,Y,,10-08 A,domain-517,D,源修改与复检行动,CONDITION_ENTRIES,no-recheck-condition.plain,The original record had no recheck condition: the original conclusion left nothing outstanding.,原记录没有复检条件：原来的判断没有留下待办。,界面文字（为本界面所写）,,,,Y,,,Y,,,,Y,,,,,50,example-main ×10; example-other ×40,#/fixture/recheck-requirement-relaxed/recheck/0/0,四、复检前留下的结束条件，这次达到了吗 ‹ 原记录没有复检条件：原来的判断没有留下待办。 › 这里只说复检前留下的结束条件被证明到了什么程度，与现在的结论分开读：结论变了，不等于原条件已满足。,49,example-main ×9; example-other ×40,#/fixture/recheck-requirement-relaxed/recheck/0/0,4. Was the exit condition left before the recheck reached this time? ‹ The original record had no recheck condition: the original conclusion left nothing outstanding. › This says only how far the exit condition left before the recheck has
E121,1,T1 示例主线与 C2 必需,reviewed,10/8 已核,10/8 A 层已核，句子未变,N,,10-08 A,domain-517,D,源修改与复检行动,CONDITION_STATES,named-outcome-observed,Only the named outcome observed; the rest of the condition not checked,仅命名结果已观察到；条件其余部分未检查,界面文字（为本界面所写）,G008,G008,,Y,,,Y,,,,Y,,,,,20,example-main ×2; example-other ×18,#/fixture/recheck-requirement-relaxed,named-outcome-observed ‹ 仅命名结果已观察到；条件其余部分未检查 › named-outcome-not-observed,20,example-main ×2; example-other ×18,#/fixture/recheck-requirement-relaxed,named-outcome-observed ‹ Only the named outcome observed; the rest of the condition not checked › named-outcome-not-observed
E122,1,T1 示例主线与 C2 必需,reviewed,10/8 已核,10/8 A 层已核，句子未变,N,,10-08 A,domain-517,D,源修改与复检行动,CONDITION_STATES,named-outcome-not-observed,Named outcome not observed,未观察到命名结果,界面文字（为本界面所写）,G009,G009,,Y,,,Y,,,,Y,,,,,25,example-main ×4; example-other ×21,#/fixture/recheck-requirement-relaxed,named-outcome-not-observed ‹ 未观察到命名结果 › no-machine-checkable-part,25,example-main ×4; example-other ×21,#/fixture/recheck-requirement-relaxed,named-outcome-not-observed ‹ Named outcome not observed › no-machine-checkable-part
E123,1,T1 示例主线与 C2 必需,reviewed,10/8 已核,10/8 A 层已核，句子未变,N,,10-08 A,domain-517,D,源修改与复检行动,CONDITION_STATES,no-machine-checkable-part,The condition has no machine-checkable part; a person must read it,条件没有可机检部分，需要人阅读,界面文字（为本界面所写）,G010,G010,,Y,,,Y,,,,Y,,,,,87,example-main ×16; example-other ×71,#/fixture/recheck-requirement-relaxed,no-machine-checkable-part ‹ 条件没有可机检部分，需要人阅读 › not-comparable,87,example-main ×16; example-other ×71,#/fixture/recheck-requirement-relaxed,no-machine-checkable-part ‹ The condition has no machine-checkable part; a person must read it › not-comparable
E124,1,T1 示例主线与 C2 必需,reviewed,10/8 已核,10/8 A 层已核，句子未变,N,,10-08 A,domain-517,D,源修改与复检行动,CONDITION_STATES,not-comparable,Cannot be compared: the corresponding elements are incomplete,不可比较：对应的构件不完整,界面文字（为本界面所写）,G011,G011,,Y,,,Y,,,,Y,,,,,29,example-main ×2; example-other ×27,#/fixture/recheck-requirement-relaxed,not-comparable ‹ 不可比较：对应的构件不完整 › no-recheck-condition,29,example-main ×2; example-other ×27,#/fixture/recheck-requirement-relaxed,not-comparable ‹ Cannot be compared: the corresponding elements are incomplete › no-recheck-condition
E125,1,T1 示例主线与 C2 必需,reviewed,10/8 已核,10/8 A 层已核，句子未变,N,,10-08 A,domain-517,D,源修改与复检行动,CONDITION_STATES,no-recheck-condition,The original record had no recheck condition,原记录没有复检条件,界面文字（为本界面所写）,G012,G012,,Y,,,Y,,,,Y,,,,,70,example-main ×12; example-other ×58,#/fixture/recheck-requirement-relaxed,no-recheck-condition ‹ 原记录没有复检条件 › 旧证据比较：状态原码,69,example-main ×11; example-other ×58,#/fixture/recheck-requirement-relaxed,no-recheck-condition ‹ The original record had no recheck condition › Old-evidence comparison: state codes
E126,1,T1 示例主线与 C2 必需,reviewed,10/8 已核,10/8 A 层已核，句子未变,N,,10-08 A,domain-517,D,源修改与复检行动,CONSEQUENCE_KINDS,work-cannot-start,This work cannot start,这项工作不能开始,界面文字（为本界面所写）,,,,Y,,,Y,,,,Y,,,,,30,example-main ×7; example-other ×23,#/fixture/member-evidence/item/2/2/0,对这项工作的后果 ‹ 这项工作不能开始 › 有重新标识的风险：引用这些标识的文件届时也须重新出具,30,example-main ×7; example-other ×23,#/fixture/member-evidence/item/2/2/0,What it means for this work ‹ This work cannot start › Risk of re-identification: documents that cite these identifiers would
E127,1,T1 示例主线与 C2 必需,changed,10/8 后改句，需重核,W8：“暂停”暗示工作已经开始；#50 已改句（10/8 已核的是改前原句），需重核,Y,,10-08 A,domain-517,D,源修改与复检行动,CONSEQUENCE_KINDS,work-suspended,This work is held until decided,这项工作暂缓，等有结论再定,界面文字（为本界面所写）,,,,Y,,,Y,,,,Y,,,,,73,example-main ×15; example-other ×58,#/fixture/member-evidence/item/0/2/0,对这项工作的后果 ‹ 这项工作暂停 › 完成后拿什么复检,73,example-main ×15; example-other ×58,#/fixture/member-evidence/item/0/2/0,What it means for this work ‹ This work is suspended › What a recheck must show
E129,1,T1 示例主线与 C2 必需,reviewed,10/8 已核,10/8 A 层已核，句子未变,N,,10-08 A,domain-517,D,源修改与复检行动,CONSEQUENCE_KINDS,re-identification-and-reissue-risk,Risk of re-identification: documents that cite these identifiers would then have to be reissued too,有重新标识的风险：引用这些标识的文件届时也须重新出具,界面文字（为本界面所写）,,,,Y,,,Y,,,,Y,,,,,30,example-main ×7; example-other ×23,#/fixture/member-evidence/item/2/2/0,这项工作不能开始 ‹ 有重新标识的风险：引用这些标识的文件届时也须重新出具 › 完成后拿什么复检,30,example-main ×7; example-other ×23,#/fixture/member-evidence/item/2/2/0,This work cannot start ‹ Risk of re-identification: documents that cite these identifiers would then have to be reissued too › What a recheck must show
E130,1,T1 示例主线与 C2 必需,reviewed,10/8 已核,10/8 A 层已核，句子未变,N,,10-08 A,domain-517,D,范围限制,DEMO_NOTICE,,"Simulated example: the project settings in the example, including the handling teams and the acceptance of evidence methods, are demonstration settings, not real project decisions; the evidence for a conclusion may be a real check result, a simulated check result or a simulated human determination — which one, the ""Basis"" line beside each conclusion says (citation by citation). Not for formal project decisions, and no formal check record can be exported.",模拟示例：示例中的项目设定，包括处理团队安排、证据方法的接受等，是演示用设定，不代表真实项目决定；一个结论的证据可能是真实检查的结果、模拟的检查结果或模拟的人工判定，具体是哪一种，看每个结论旁的“依据”一行（按逐条引用标明）。不能用于正式项目决定，也不能导出正式检查记录。,界面文字（为本界面所写）,,,,Y,,Y,Y,,,,Y,Y,,,,465,catalogue ×1; example-main ×43; example-other ×138; secondary ×283,#/fixture,随附的模拟示例，不是你的模型；团队等项目设定为演示用，不能用于正式项目决定。 结论引用的证据是真实的还是模拟的，逐条标在结论旁的“依据”一行 ‹ 模拟示例：示例中的项目设定，包括处理团队安排、证据方法的接受等，是演示用设定，不代表真实项目决定；一个结论的证据可能是真实检查的结果、模拟的检查结果或模拟的人工判定，具体是哪一种，看每个结论旁的“依据”一行（按逐条引用标 › 选择一个模拟示例,321,catalogue ×1; example-main ×41; example-other ×138; secondary ×141,#/fixture,"A simulated example shipped with the tool, not your model; project set ‹ Simulated example: the project settings in the example, including the handling teams and the acceptance of evi › Choose a simulated example"
E131,1,T1 示例主线与 C2 必需,reviewed,10/8 已核,10/8 A 层已核，句子未变,N,,10-08 A,domain-517,D,规则来源,DETAILS_WORDS,heading,What exactly is missing,具体缺什么,界面文字（为本界面所写）,,,,Y,,,Y,,,,Y,,,,,0,,,,16,example-main ×8; example-other ×8,#/fixture/member-evidence/item/0/2/0,"The name is taken from the model file itself; it may be empty or share ‹ 4. What exactly is missing › This conclusion cites no check result, so there are no requirement det"
E133,1,T1 示例主线与 C2 必需,reviewed,10/8 已核,10/8 A 层已核，句子未变,N,,10-08 A,domain-517,D,规则来源,DETAILS_WORDS,determinations,"This conclusion cites human determinations, not check results; a determination has no requirement details. What is missing is said in the conclusion and in ""What to do"" above.",这个结论引用的是人工判定，不是检查结果；判定没有要求明细。缺的是什么，见上面的结论和“要做什么”。,界面文字（为本界面所写）,,,,Y,,,Y,,,,Y,,,,,2,example-main ×1; example-other ×1,#/fixture/member-evidence/item/0/4/0,四、具体缺什么 ‹ 这个结论引用的是人工判定，不是检查结果；判定没有要求明细。缺的是什么，见上面的结论和“要做什么”。 › 然后：这一项复检后的变化,2,example-main ×1; example-other ×1,#/fixture/member-evidence/item/0/4/0,"4. What exactly is missing ‹ This conclusion cites human determinations, not check results; a determination has no requirement details. Wha › Then: how this item changed after a recheck"
E134,1,T1 示例主线与 C2 必需,reviewed,10/8 已核,10/8 A 层已核，句子未变,N,,10-08 A,domain-517,D,规则来源,DETAILS_WORDS,nothingCited,"This conclusion cites no check result, so there are no requirement details to show.",这个结论没有引用任何检查结果，所以没有要求明细可以显示。,界面文字（为本界面所写）,,,,Y,,,Y,,,,Y,,,,,8,example-main ×4; example-other ×4,#/fixture/member-evidence/item/0/2/0,四、具体缺什么 ‹ 这个结论没有引用任何检查结果，所以没有要求明细可以显示。 › 然后：这一项复检后的变化,8,example-main ×4; example-other ×4,#/fixture/member-evidence/item/0/2/0,"4. What exactly is missing ‹ This conclusion cites no check result, so there are no requirement details to show. › Then: how this item changed after a recheck"
E135,1,T1 示例主线与 C2 必需,reviewed,10/8 已核,10/8 A 层已核，句子未变,N,,10-08 A,domain-517,D,规则来源,DETAILS_WORDS,requirement,Requirement not met,不满足的要求,界面文字（为本界面所写）,,,,Y,,,Y,,,,Y,,,,,36,example-main ×9; example-other ×27,#/fixture/member-evidence/item/2/2/0,四、具体缺什么 ‹ 不满足的要求 › EPC_Delivery.SystemCode,36,example-main ×9; example-other ×27,#/fixture/member-evidence/item/2/2/0,4. What exactly is missing ‹ Requirement not met › EPC_Delivery.SystemCode
E136,1,T1 示例主线与 C2 必需,reviewed,10/8 已核,10/8 A 层已核，句子未变,N,,10-08 A,domain-517,D,规则来源,DETAILS_WORDS,requirementMet,Requirement,要求,界面文字（为本界面所写）,G013,G013,,Y,,,Y,,Y,,Y,,,,,40,example-main ×6; local-start ×10; example-other ×24,#/fixture/recheck-requirement-relaxed/recheck/5/0,本次记录引用的对应证据：fixture/finding/ec6d9787-ff54-505d-a9c7-eb09f4b6dce2复制 模拟的 ‹ 复检前那次评估时，这条证据的要求和结果如下。有这段说明不等于这一行可以比较；这一行的状态以上面写的为准。 › 要求,39,example-main ×5; local-start ×10; example-other ×24,#/fixture/recheck-requirement-relaxed/recheck/5/0,"At the assessment before the recheck, this evidence's requirement and  ‹ Requirement › IFCRELCONTAINEDINSPATIALSTRUCTURE"
E137,1,T1 示例主线与 C2 必需,reviewed,10/8 已核,10/8 A 层已核，句子未变,N,,10-08 A,domain-517,D,规则来源,DETAILS_WORDS,rule,Rule,规则编号,界面文字（为本界面所写）,,,,Y,,,Y,,,,Y,,,,,66,example-main ×15; example-other ×51,#/fixture/member-evidence/item/2/2/0,EPC_Delivery.SystemCode ‹ 规则编号 › R-005B,65,example-main ×14; example-other ×51,#/fixture/member-evidence/item/2/2/0,EPC_Delivery.SystemCode ‹ Rule › R-005B
E138,1,T1 示例主线与 C2 必需,reviewed,10/8 已核,10/8 A 层已核，句子未变,N,,10-08 A,domain-517,D,规则来源,DETAILS_WORDS,status,Result of that check,那次检查的结果,界面文字（为本界面所写）,,,,Y,,,Y,,,,Y,,,,,66,example-main ×15; example-other ×51,#/fixture/member-evidence/item/2/2/0,R-005B ‹ 那次检查的结果 › 不通过,65,example-main ×14; example-other ×51,#/fixture/member-evidence/item/2/2/0,R-005B ‹ Result of that check › Fail
E139,1,T1 示例主线与 C2 必需,reviewed,10/8 已核,10/8 A 层已核，句子未变,N,,10-08 A,domain-517,D,规则来源,DETAILS_WORDS,reason,Reason,原因,界面文字（为本界面所写）,,,,Y,,,Y,,,,Y,Y,,,,206,example-main ×15; example-other ×51; secondary ×140,#/fixture/member-evidence/item/2/2/0,不通过 ‹ 原因 › 所要求的属性集不存在（要补的是整个属性集，不是给已有属性填值）,65,example-main ×14; example-other ×51,#/fixture/member-evidence/item/2/2/0,Fail ‹ Reason › The required property set does not exist
E140,1,T1 示例主线与 C2 必需,reviewed,10/8 已核,10/8 A 层已核，句子未变,N,,10-08 A,domain-517,D,规则来源,DETAILS_WORDS,actual,Value that check observed,那次检查观察到的值,界面文字（为本界面所写）,,,,Y,,,Y,,,,Y,,,,,66,example-main ×15; example-other ×51,#/fixture/member-evidence/item/2/2/0,The required property set does not exist ‹ 那次检查观察到的值 › 那次检查没有观察到值,65,example-main ×14; example-other ×51,#/fixture/member-evidence/item/2/2/0,The required property set does not exist ‹ Value that check observed › That check observed no value
E141,1,T1 示例主线与 C2 必需,reviewed,10/8 已核,10/8 A 层已核，句子未变,N,,10-08 A,domain-517,D,规则来源,DETAILS_WORDS,noActual,That check observed no value,那次检查没有观察到值,界面文字（为本界面所写）,,,,Y,,,Y,,,,Y,,,,,66,example-main ×15; example-other ×51,#/fixture/member-evidence/item/2/2/0,那次检查观察到的值 ‹ 那次检查没有观察到值 › 规则的原话（英文）,65,example-main ×14; example-other ×51,#/fixture/member-evidence/item/2/2/0,Value that check observed ‹ That check observed no value › The rule's own words
E143,1,T1 示例主线与 C2 必需,reviewed,10/8 已核,10/8 A 层已核，句子未变,N,,10-08 A,domain-517,D,规则来源,DETAILS_WORDS,expected,The rule's own words,规则的原话（英文）,界面文字（为本界面所写）,G014,G014,,Y,,,Y,Y,,,Y,,,,,74,example-main ×15; local-result ×8; example-other ×51,#/fixture/member-evidence/item/2/2/0,那次检查没有观察到值 ‹ 规则的原话（英文） › SystemCode data shall be provided in the dataset EPC_Delivery,73,example-main ×14; local-result ×8; example-other ×51,#/fixture/member-evidence/item/2/2/0,That check observed no value ‹ The rule's own words › SystemCode data shall be provided in the dataset EPC_Delivery
E144,1,T1 示例主线与 C2 必需,reviewed,10/8 已核,10/8 A 层已核，句子未变,N,,10-08 A,domain-517,D,规则来源,DETAILS_WORDS,source,Source the rule gives: ,规则给出的出处（英文原文）：,界面文字（为本界面所写）,,,,Y,,,Y,,,,Y,,,,,66,example-main ×15; example-other ×51,#/fixture/member-evidence/item/2/2/0,SystemCode data shall be provided in the dataset EPC_Delivery ‹ 这是本项目约定的要求，不是通用要求。 规则给出的出处（英文原文）：Project-assumed EPC delivery requirement; not a buildingSMART obligation. › 不满足的要求,65,example-main ×14; example-other ×51,#/fixture/member-evidence/item/2/2/0,"SystemCode data shall be provided in the dataset EPC_Delivery ‹ This is a requirement agreed for this project, not a general one. Source the rule gives: Project-assumed EPC d › Requirement not met"
E145,1,T1 示例主线与 C2 必需,changed,10/8 后改句，需重核,W7：“约定”说重了；#50 已改句（10/8 已核的是改前原句），需重核,Y,,10-08 A,domain-517,D,规则来源,DETAILS_WORDS,projectAssumption,"This is a requirement assumed for this project (ProjectAssumption), not a general one.",这是本项目假定的要求（ProjectAssumption），不是通用要求。,界面文字（为本界面所写）,,,,Y,,,Y,,,,Y,,,,,36,example-main ×9; example-other ×27,#/fixture/member-evidence/item/2/2/0,SystemCode data shall be provided in the dataset EPC_Delivery ‹ 这是本项目约定的要求，不是通用要求。 规则给出的出处（英文原文）：Project-assumed EPC delivery requirement; not a buildingSMART obligation. › 不满足的要求,36,example-main ×9; example-other ×27,#/fixture/member-evidence/item/2/2/0,"SystemCode data shall be provided in the dataset EPC_Delivery ‹ This is a requirement agreed for this project, not a general one. Source the rule gives: Project-assumed EPC d › Requirement not met"
E147,1,T1 示例主线与 C2 必需,reviewed,10/8 已核,10/8 A 层已核，句子未变,N,,10-08 A,domain-517,D,规则来源,DETAILS_WORDS,prior,"At the assessment before the recheck, this evidence's requirement and result were as follows. Having this description does not make the row comparable; the row's state is what is written above.",复检前那次评估时，这条证据的要求和结果如下。有这段说明不等于这一行可以比较；这一行的状态以上面写的为准。,界面文字（为本界面所写）,,,,Y,,,Y,,,,Y,,,,,60,example-main ×12; example-other ×48,#/fixture/recheck-requirement-relaxed/recheck/5/0,本次记录引用的对应证据：fixture/finding/ec6d9787-ff54-505d-a9c7-eb09f4b6dce2复制 模拟的 ‹ 复检前那次评估时，这条证据的要求和结果如下。有这段说明不等于这一行可以比较；这一行的状态以上面写的为准。 › 要求,59,example-main ×11; example-other ×48,#/fixture/recheck-requirement-relaxed/recheck/5/0,"Corresponding evidence this record cites: fixture/finding/ec6d9787-ff5 ‹ At the assessment before the recheck, this evidence's requirement and result were as follows. Having this desc › Requirement"
E148,1,T1 示例主线与 C2 必需,reviewed,10/8 已核,10/8 A 层已核，句子未变,N,,10-08 A,domain-517,D,规则来源,DETAILS_WORDS,currentAbsent,The corresponding evidence this record cites: its requirement details are not given in the record.,本次记录引用的对应证据：要求明细记录未提供。,界面文字（为本界面所写）,,,,Y,,,Y,,,,Y,,,,,54,example-main ×12; example-other ×42,#/fixture/recheck-requirement-relaxed/recheck/5/0,规则给出的出处（英文原文）：ISO 19650-1:2018 §5.4 — deliverables must be spatially l ‹ 本次记录引用的对应证据：要求明细记录未提供。 › 对应的检查结果只有一条，模型版本、检查结果内容、检查要求、检查程序逐项相同。,53,example-main ×11; example-other ×42,#/fixture/recheck-requirement-relaxed/recheck/5/0,"Source the rule gives: ISO 19650-1:2018 §5.4 — deliverables must be sp ‹ The corresponding evidence this record cites: its requirement details are not given in the record. › There is exactly one corresponding check result; model version, check"
Q12,1,T1 示例主线与 C2 必需,new,新增，未核,#48 新增，未核,Y,,,,D,,DIRECTORY,exampleIntro,Each example is one check record.,每个示例是一份检查记录。,界面文字（为本界面所写）,,,Y,Y,,Y,,,,,,,,,,1,catalogue ×1,#/fixture,选择一个模拟示例 ‹ 每个示例是一份检查记录。 › 第一步,1,catalogue ×1,#/fixture,Choose a simulated example ‹ Each example is one check record. › Step 1
E149,1,T1 示例主线与 C2 必需,batch-1015,10/15 批，未核,10/15 批，未核,Y,,10-15,domain-517,D,复检：构件去向,DISPOSITIONS,present,Still in this check's scope; conclusion and condition are read separately,仍在本次检查范围内；判断与条件另看,界面文字（为本界面所写）,G015,G015,,Y,,,Y,,,,Y,,,,,20,example-main ×2; example-other ×18,#/fixture/recheck-requirement-relaxed,复检前记录里的事项（13 个），现在的情况 ‹ 仍在本次检查范围内；判断与条件另看 × 13 › 复检前引用的旧证据（15 条），和本次记录比较的结果,20,example-main ×2; example-other ×18,#/fixture/recheck-requirement-relaxed,"The items in the record before the recheck (13), and where they stand  ‹ Still in this check's scope; conclusion and condition are read separately × 13 › The old evidence cited before the recheck (15 rows), compared with thi"
E150,1,T1 示例主线与 C2 必需,batch-1015,10/15 批，未核,10/15 批，未核,Y,,10-15,domain-517,D,复检：构件去向,DISPOSITIONS,element-deleted-in-reissued-model,Deleted in the re-issued model; that is not a fix,在重发模型中删除，不等于修复,界面文字（为本界面所写）,G016,G016,,Y,,,Y,,,,Y,,,,,23,example-main ×2; example-other ×21,#/fixture/recheck-requirement-relaxed,element-deleted-in-reissued-model ‹ 在重发模型中删除，不等于修复 › element-out-of-subject-class,23,example-main ×2; example-other ×21,#/fixture/recheck-requirement-relaxed,element-deleted-in-reissued-model ‹ Deleted in the re-issued model; that is not a fix › element-out-of-subject-class
E151,1,T1 示例主线与 C2 必需,batch-1015,10/15 批，未核,10/15 批，未核,Y,,10-15,domain-517,D,复检：构件去向,DISPOSITIONS,element-out-of-subject-class,No longer of this activity's subject classes; that is not a fix,已不属于此活动对象类别，不等于修复,界面文字（为本界面所写）,G017,G017,,Y,,,Y,,,,Y,,,,,20,example-main ×2; example-other ×18,#/fixture/recheck-requirement-relaxed,element-out-of-subject-class ‹ 已不属于此活动对象类别，不等于修复 › pairing-no-longer-derived,20,example-main ×2; example-other ×18,#/fixture/recheck-requirement-relaxed,element-out-of-subject-class ‹ No longer of this activity's subject classes; that is not a fix › pairing-no-longer-derived
E152,1,T1 示例主线与 C2 必需,batch-1015,10/15 批，未核,10/15 批，未核,Y,,10-15,domain-517,D,复检：构件去向,DISPOSITIONS,pairing-no-longer-derived,These two elements are no longer paired for checking; that does not mean the opening was added,这两个构件现在不再被配成一对来检查，不等于开洞已补,界面文字（为本界面所写）,G018,G018,,Y,,,Y,,,,Y,,,,,31,example-main ×2; example-other ×29,#/fixture/recheck-requirement-relaxed,pairing-no-longer-derived ‹ 这两个构件现在不再被配成一对来检查，不等于开洞已补 › outside-declared-scope,31,example-main ×2; example-other ×29,#/fixture/recheck-requirement-relaxed,pairing-no-longer-derived ‹ These two elements are no longer paired for checking; that does not mean the opening was added › outside-declared-scope
E153,1,T1 示例主线与 C2 必需,batch-1015,10/15 批，未核,10/15 批，未核,Y,,10-15,domain-517,D,复检：构件去向,DISPOSITIONS,outside-declared-scope,This scope was not declared this time; that does not mean the problem is gone,本次未声明该范围，不等于问题解除,界面文字（为本界面所写）,G019,G019,,Y,,,Y,,,,Y,,,,,20,example-main ×2; example-other ×18,#/fixture/recheck-requirement-relaxed,outside-declared-scope ‹ 本次未声明该范围，不等于问题解除 › 复检前留下的条件：状态原码（没有“整句条件已满足”）,20,example-main ×2; example-other ×18,#/fixture/recheck-requirement-relaxed,"outside-declared-scope ‹ This scope was not declared this time; that does not mean the problem is gone › Conditions left before the recheck: state codes (there is no ""the whol"
E154,1,T1 示例主线与 C2 必需,batch-1015,10/15 批，未核,10/15 批，未核,Y,,10-15,domain-517,D,复检：构件去向,DISPOSITION_ENTRIES,present.text,Still in this check's scope; conclusion and condition are read separately,仍在本次检查范围内；判断与条件另看,界面文字（为本界面所写）,G015,G015,,Y,,,Y,,,,Y,,,,,20,example-main ×2; example-other ×18,#/fixture/recheck-requirement-relaxed,复检前记录里的事项（13 个），现在的情况 ‹ 仍在本次检查范围内；判断与条件另看 × 13 › 复检前引用的旧证据（15 条），和本次记录比较的结果,20,example-main ×2; example-other ×18,#/fixture/recheck-requirement-relaxed,"The items in the record before the recheck (13), and where they stand  ‹ Still in this check's scope; conclusion and condition are read separately × 13 › The old evidence cited before the recheck (15 rows), compared with thi"
E156,1,T1 示例主线与 C2 必需,batch-1015,10/15 批，未核,10/15 批，未核,Y,,10-15,domain-517,D,复检：构件去向,DISPOSITION_ENTRIES,element-deleted-in-reissued-model.text,Deleted in the re-issued model; that is not a fix,在重发模型中删除，不等于修复,界面文字（为本界面所写）,G016,G016,,Y,,,Y,,,,Y,,,,,23,example-main ×2; example-other ×21,#/fixture/recheck-requirement-relaxed,element-deleted-in-reissued-model ‹ 在重发模型中删除，不等于修复 › element-out-of-subject-class,23,example-main ×2; example-other ×21,#/fixture/recheck-requirement-relaxed,element-deleted-in-reissued-model ‹ Deleted in the re-issued model; that is not a fix › element-out-of-subject-class
E158,1,T1 示例主线与 C2 必需,batch-1015,10/15 批，未核,10/15 批，未核,Y,,10-15,domain-517,D,复检：构件去向,DISPOSITION_ENTRIES,element-out-of-subject-class.text,No longer of this activity's subject classes; that is not a fix,已不属于此活动对象类别，不等于修复,界面文字（为本界面所写）,G017,G017,,Y,,,Y,,,,Y,,,,,20,example-main ×2; example-other ×18,#/fixture/recheck-requirement-relaxed,element-out-of-subject-class ‹ 已不属于此活动对象类别，不等于修复 › pairing-no-longer-derived,20,example-main ×2; example-other ×18,#/fixture/recheck-requirement-relaxed,element-out-of-subject-class ‹ No longer of this activity's subject classes; that is not a fix › pairing-no-longer-derived
E160,1,T1 示例主线与 C2 必需,batch-1015,10/15 批，未核,10/15 批，未核,Y,,10-15,domain-517,D,复检：构件去向,DISPOSITION_ENTRIES,pairing-no-longer-derived.text,These two elements are no longer paired for checking; that does not mean the opening was added,这两个构件现在不再被配成一对来检查，不等于开洞已补,界面文字（为本界面所写）,G018,G018,,Y,,,Y,,,,Y,,,,,31,example-main ×2; example-other ×29,#/fixture/recheck-requirement-relaxed,pairing-no-longer-derived ‹ 这两个构件现在不再被配成一对来检查，不等于开洞已补 › outside-declared-scope,31,example-main ×2; example-other ×29,#/fixture/recheck-requirement-relaxed,pairing-no-longer-derived ‹ These two elements are no longer paired for checking; that does not mean the opening was added › outside-declared-scope
E162,1,T1 示例主线与 C2 必需,batch-1015,10/15 批，未核,10/15 批，未核,Y,,10-15,domain-517,D,复检：构件去向,DISPOSITION_ENTRIES,outside-declared-scope.text,This scope was not declared this time; that does not mean the problem is gone,本次未声明该范围，不等于问题解除,界面文字（为本界面所写）,G019,G019,,Y,,,Y,,,,Y,,,,,20,example-main ×2; example-other ×18,#/fixture/recheck-requirement-relaxed,outside-declared-scope ‹ 本次未声明该范围，不等于问题解除 › 复检前留下的条件：状态原码（没有“整句条件已满足”）,20,example-main ×2; example-other ×18,#/fixture/recheck-requirement-relaxed,"outside-declared-scope ‹ This scope was not declared this time; that does not mean the problem is gone › Conditions left before the recheck: state codes (there is no ""the whol"
E164,1,T1 示例主线与 C2 必需,batch-1015,10/15 批，未核,10/15 批，未核,Y,,10-15,domain-517,D,构件卡片用语,ELEMENT_WORDS,unnamed,No name filled in in the model,模型中没有填写名称,界面文字（为本界面所写）,,,,N,,,,,,,,,本地结果页的代码能到达，本次渲染未触发（取决于用户自己的模型）,,,0,,,,0,,,
E166,1,T1 示例主线与 C2 必需,batch-1015,10/15 批，未核,10/15 批，未核,Y,,10-15,domain-517,D,构件卡片用语,ELEMENT_WORDS,noStorey,No storey assignment in the model,模型中没有楼层归属,界面文字（为本界面所写）,,,,Y,,,Y,,,,Y,,,,,13,example-main ×3; example-other ×10,#/fixture/member-evidence/item/0/4/0,楼层 ‹ 模型中没有楼层归属 › 所属模型,37,example-main ×7; example-other ×30,#/fixture/member-evidence,house - chimney: IfcChimney (IFC class) · 00 groundfloor · model hvac ‹ house - roof: IfcRoof (IFC class) · No storey assignment in the model · model architecture › What to do
E167,1,T1 示例主线与 C2 必需,batch-1015,10/15 批，未核,10/15 批，未核,Y,,10-15,domain-517,D,构件卡片用语,ELEMENT_WORDS,noDiscipline,The record gives no discipline; this interface does not infer one from a model identifier,记录未提供专业信息；本界面不从模型标识推断专业,界面文字（为本界面所写）,,,,Y,,,Y,,,,Y,,,,,157,example-main ×39; example-other ×118,#/fixture/member-evidence/item/0/1/0,专业 ‹ 记录未提供专业信息；本界面不从模型标识推断专业 › GlobalId,155,example-main ×37; example-other ×118,#/fixture/member-evidence/item/0/1/0,Discipline ‹ The record gives no discipline; this interface does not infer one from a model identifier › GlobalId
E168,1,T1 示例主线与 C2 必需,batch-1015,10/15 批，未核,10/15 批，未核,Y,,10-15,domain-517,D,构件卡片用语,ELEMENT_WORDS,modelIsNotDiscipline,"This is a model identifier, not a statement of discipline",这是模型标识，不是专业声明,界面文字（为本界面所写）,,,,Y,,,Y,,,,Y,,,,,157,example-main ×39; example-other ×118,#/fixture/member-evidence/item/0/1/0,hvac：本次交接中交出方的模型 ‹ 这是模型标识，不是专业声明 › 专业,155,example-main ×37; example-other ×118,#/fixture/member-evidence/item/0/1/0,"hvac: the handing-over side's model in this handover ‹ This is a model identifier, not a statement of discipline › Discipline"
E169,1,T1 示例主线与 C2 必需,batch-1015,10/15 批，未核,10/15 批，未核,Y,,10-15,domain-517,D,构件卡片用语,ELEMENT_WORDS,noClassName,(IFC class),本界面没有这个类别的中文名,界面文字（为本界面所写）,,,,Y,,,Y,Y,,,Y,,,,,0,,,,192,example-main ×41; local-result ×13; example-other ×138,#/fixture/member-evidence,Element details and what to do ‹ IfcAirTerminal (IFC class) · 00 groundfloor · model hvac › What to do
E170,1,T1 示例主线与 C2 必需,batch-1015,10/15 批，未核,10/15 批，未核,Y,,10-15,domain-517,D,构件卡片用语,ELEMENT_WORDS,naming,"The name is taken from the model file itself; it may be empty or shared with other elements. To find it in the model, use the GlobalId.",名称取自模型文件本身，可能为空，也可能与别的构件重名；要在模型里定位，请用 GlobalId。,界面文字（为本界面所写）,,,,Y,,,Y,,,,Y,,,,,157,example-main ×39; example-other ×118,#/fixture/member-evidence/item/0/1/0,hvac::38WbwIGD90nB_3T2BTU5Ed ‹ 名称取自模型文件本身，可能为空，也可能与别的构件重名；要在模型里定位，请用 GlobalId。 › 然后：这一项复检后的变化,155,example-main ×37; example-other ×118,#/fixture/member-evidence/item/0/1/0,hvac::38WbwIGD90nB_3T2BTU5Ed ‹ The name is taken from the model file itself; it may be empty or shared with other elements. To find it in the › Then: how this item changed after a recheck
E593,1,T1 示例主线与 C2 必需,b-tier,B 层，10/8 未核,B 层，10/8 未核（让到 10/15）,Y,,10-08 B,candidate-ui,U,候选（可让出）：处理角色／指派、行动——界面用语表里带含义的句子,EVIDENCE,reissueColumns.role,Role (from this request's handover),角色（取自本次请求的交接）,界面文字（为本界面所写）,,,,Y,,,Y,,,,Y,,,,,20,example-main ×2; example-other ×18,#/fixture/recheck-requirement-relaxed,交接的哪一侧 ‹ 角色（取自本次请求的交接） › 模型,20,example-main ×2; example-other ×18,#/fixture/recheck-requirement-relaxed,Side of the handover ‹ Role (from this request's handover) › Model
E596,1,T1 示例主线与 C2 必需,b-tier,B 层，10/8 未核,B 层，10/8 未核（让到 10/15）,Y,,10-08 B,candidate-ui,U,候选（可让出）：处理角色／指派、行动——界面用语表里带含义的句子,EVIDENCE,notReissued,Unchanged (original version),没有变（原版本）,界面文字（为本界面所写）,,,,Y,,,Y,,,,Y,,,,,18,example-main ×2; example-other ×16,#/fixture/recheck-requirement-relaxed,hvac ‹ 没有变（原版本） › 接收方,18,example-main ×2; example-other ×16,#/fixture/recheck-requirement-relaxed,hvac ‹ Unchanged (original version) › Receiving side
E171,1,T1 示例主线与 C2 必需,batch-1015,10/15 批，未核,10/15 批，未核,Y,,10-15,domain-517,D,示例目录说明,EXAMPLES,member-evidence.step,Step 1,第一步,界面文字（为本界面所写）,,,Y,Y,,Y,,,,,,,,,,1,catalogue ×1,#/fixture,每个示例是一份检查记录。 ‹ 第一步 › 一次首次检查：交了模型，发现这些事项,1,catalogue ×1,#/fixture,"Each example is one check record. ‹ Step 1 › A first check: the model was handed over, and these items were found"
E172,1,T1 示例主线与 C2 必需,batch-1015,10/15 批，未核,10/15 批，未核,Y,,10-15,domain-517,D,示例目录说明,EXAMPLES,member-evidence.question,"The handing-over side has handed over its model: which items need dealing with, who deals with each, and what does each one need?",交出方交了模型：有哪些事项要处理，各由谁处理，每一项要做什么？,界面文字（为本界面所写）,,,Y,Y,,Y,,,,,,,,,,1,catalogue ×1,#/fixture,一次首次检查：交了模型，发现这些事项 ‹ 交出方交了模型：有哪些事项要处理，各由谁处理，每一项要做什么？ › 示例说明 这个示例被给了：随附样例项目的两份模型；处理团队的安排，以及人工判定（是否穿过、洞口情况、两侧模型是否对齐），由示例设定。,1,catalogue ×1,#/fixture,"A first check: the model was handed over, and these items were found ‹ The handing-over side has handed over its model: which items need dealing with, who deals with each, and what  › About this example This example was given: the bundled sample project'"
E173,1,T1 示例主线与 C2 必需,batch-1015,10/15 批，未核,10/15 批，未核,Y,,10-15,domain-517,D,示例目录说明,EXAMPLES,member-evidence.given,"This example was given: the bundled sample project's two models; the handling teams, and the human determinations (whether something passes through, the state of openings, whether the two models are aligned), set by the example.",这个示例被给了：随附样例项目的两份模型；处理团队的安排，以及人工判定（是否穿过、洞口情况、两侧模型是否对齐），由示例设定。,界面文字（为本界面所写）,,,Y,Y,,Y,,,,,,,,,,1,catalogue ×1,#/fixture,交出方交了模型：有哪些事项要处理，各由谁处理，每一项要做什么？ ‹ 示例说明 这个示例被给了：随附样例项目的两份模型；处理团队的安排，以及人工判定（是否穿过、洞口情况、两侧模型是否对齐），由示例设定。 › 打开这个示例的结果,1,catalogue ×1,#/fixture,"The handing-over side has handed over its model: which items need deal ‹ About this example This example was given: the bundled sample project's two models; the handling teams, and th › Open this example's result"
E174,1,T1 示例主线与 C2 必需,batch-1015,10/15 批，未核,10/15 批，未核,Y,,10-15,domain-517,D,示例目录说明,EXAMPLES,recheck-requirement-relaxed.step,Step 2,第二步,界面文字（为本界面所写）,,,Y,Y,,Y,,,,,,,,,,1,catalogue ×1,#/fixture,打开这个示例的结果 ‹ 第二步 › 模型未改，但交接判断发生变化,1,catalogue ×1,#/fixture,"Open this example's result ‹ Step 2 › The models did not change, but a handover conclusion did"
E175,1,T1 示例主线与 C2 必需,batch-1015,10/15 批，未核,10/15 批，未核,Y,,10-15,domain-517,D,示例目录说明,EXAMPLES,recheck-requirement-relaxed.question,"The same record after a recheck: neither model was re-issued, yet a conclusion changed. Which one changed, and why?",同一份记录复检之后：两侧模型都没有重新发布，却有判断变了。变的是哪一项，为什么？,界面文字（为本界面所写）,,,Y,Y,,Y,,,,,,,,,,1,catalogue ×1,#/fixture,模型未改，但交接判断发生变化 ‹ 同一份记录复检之后：两侧模型都没有重新发布，却有判断变了。变的是哪一项，为什么？ › 示例说明 这个示例被给了：一条被引用的检查要求放宽了；交出方和接收方的模型版本都没有变。,1,catalogue ×1,#/fixture,"The models did not change, but a handover conclusion did ‹ The same record after a recheck: neither model was re-issued, yet a conclusion changed. Which one changed, and › About this example This example was given: one cited check requirement"
E176,1,T1 示例主线与 C2 必需,batch-1015,10/15 批，未核,10/15 批，未核,Y,,10-15,domain-517,D,示例目录说明,EXAMPLES,recheck-requirement-relaxed.given,This example was given: one cited check requirement was relaxed; neither the handing-over nor the receiving side's model version changed.,这个示例被给了：一条被引用的检查要求放宽了；交出方和接收方的模型版本都没有变。,界面文字（为本界面所写）,,,Y,Y,,Y,,,,,,,,,,1,catalogue ×1,#/fixture,同一份记录复检之后：两侧模型都没有重新发布，却有判断变了。变的是哪一项，为什么？ ‹ 示例说明 这个示例被给了：一条被引用的检查要求放宽了；交出方和接收方的模型版本都没有变。 › 打开这个示例的结果,1,catalogue ×1,#/fixture,"The same record after a recheck: neither model was re-issued, yet a co ‹ About this example This example was given: one cited check requirement was relaxed; neither the handing-over n › Open this example's result"
E177,1,T1 示例主线与 C2 必需,reviewed,10/8 已核,10/8 A 层已核，句子未变,N,,10-08 A,domain-517,D,范围限制,EXAMPLE_NOTE,,An example's description is written by whoever built the example and says only what the example was given; it is not a conclusion of any check. What the check concluded is on the result page only.,示例说明由搭建示例的人提供，只说这个示例被给了什么；它不是检查得出的结论。检查得出了什么，只看结果页。,界面文字（为本界面所写）,,,Y,Y,,Y,,,,,,,,,,1,catalogue ×1,#/fixture,打开这个示例的结果 ‹ 示例说明由搭建示例的人提供，只说这个示例被给了什么；它不是检查得出的结论。检查得出了什么，只看结果页。 › 其他模拟示例,1,catalogue ×1,#/fixture,Open this example's result ‹ An example's description is written by whoever built the example and says only what the example was given; it  › Other simulated examples
E603,1,T1 示例主线与 C2 必需,b-tier,B 层，10/8 未核,B 层，10/8 未核（让到 10/15）,Y,,10-08 B,candidate-ui,U,候选（可让出）：处理角色／指派、行动——界面用语表里带含义的句子,FAULT_WORDS,note,"This is a problem of the program itself, not a judgement about any project or model; there are no check results to show.",这是程序自身的问题，不是对任何项目或模型的判断；没有任何检查结果可以显示。,界面文字（为本界面所写）,,,,N,,,,,,,,,本地结果页的代码能到达，本次渲染未触发（取决于用户自己的模型）,,,0,,,,0,,,
E604,1,T1 示例主线与 C2 必需,b-tier,B 层，10/8 未核,B 层，10/8 未核（让到 10/15）,Y,,10-08 B,candidate-ui,U,候选（可让出）：处理角色／指派、行动——界面用语表里带含义的句子,FAULT_WORDS,fault,Program fault: no check data was received,程序故障：没有拿到检查数据,界面文字（为本界面所写）,,,,N,,,,,,,,,本地结果页的代码能到达，本次渲染未触发（取决于用户自己的模型）,,,0,,,,0,,,
E178,1,T1 示例主线与 C2 必需,reviewed,10/8 已核,10/8 A 层已核，句子未变,N,,10-08 A,domain-517,D,PASS／FAIL／N/A／拒绝区别,FINDING_STATUS,FAIL,Fail,不通过,界面文字（为本界面所写）,,,,Y,,,Y,Y,,,Y,,,,,49,example-main ×9; local-result ×13; example-other ×27,#/fixture/member-evidence/item/2/2/0,那次检查的结果 ‹ 不通过 › 原因,49,example-main ×9; local-result ×13; example-other ×27,#/fixture/member-evidence/item/2/2/0,Result of that check ‹ Fail › Reason
E179,1,T1 示例主线与 C2 必需,reviewed,10/8 已核,10/8 A 层已核，句子未变,N,,10-08 A,domain-517,D,PASS／FAIL／N/A／拒绝区别,FINDING_STATUS,PASS,Pass,通过,界面文字（为本界面所写）,,,,Y,,,Y,Y,,,Y,,,,,34,example-main ×6; local-result ×4; example-other ×24,#/fixture/recheck-requirement-relaxed/recheck/5/0,规则只证明构件有楼层或空间归属，没有验证接收方模型有对应楼层。 ‹ 这个结论靠的是两侧模型的对齐确认，不是共享定位标记通过。 › 这个结论依据的结果,33,example-main ×5; local-result ×4; example-other ×24,#/fixture/recheck-requirement-relaxed/recheck/5/0,Result of that check ‹ Pass › Reason
E180,1,T1 示例主线与 C2 必需,reviewed,10/8 已核,10/8 A 层已核，句子未变,N,,10-08 A,domain-517,D,PASS／FAIL／N/A／拒绝区别,FINDING_STATUS,N/A,Not applicable,不适用,界面文字（为本界面所写）,,,,Y,,,,Y,,,,,,,,8,local-result ×8,flow:check-both:result,不计算几何。没有形体的构件不会让整次检查中断，它的检查结果、标识和下一步照常显示；本次结果也没有 3D 视图。 ‹ 这是一次检查的结果，不是交接判断：页面只说每个构件在每条要求下通过、不通过还是不适用，不对任何工作能否开始下结论。 › 本次结果：共 3 条检查结果,8,local-result ×8,flow:check-both:result,2 rows: Fail ‹ 1 row: Not applicable › The unit is one result: one element under one requirement; where a mod
E566,1,T1 示例主线与 C2 必需,batch-1015,10/15 批，未核,10/15 批，未核,Y,,10-15,new-1005,U,10/5 新增：首次结果卡片的折叠（#41，界面用语）,FIRST,cardDetails,Element details and what to do,构件信息和要做什么,界面文字（为本界面所写）,,,,Y,,,Y,,,,Y,,,,,4,example-main ×2; example-other ×2,#/fixture/member-evidence,问题：不是已知的模型缺陷：还没有协调评审判定它是否穿过接收方的构件 ‹ 构件信息和要做什么 › 风口 IfcAirTerminal · 00 groundfloor · 模型 hvac,4,example-main ×2; example-other ×2,#/fixture/member-evidence,Problem: Not a known model defect: no coordination review has determin ‹ Element details and what to do › IfcAirTerminal (IFC class) · 00 groundfloor · model hvac
E567,1,T1 示例主线与 C2 必需,batch-1015,10/15 批，未核,10/15 批，未核,Y,,10-15,new-1005,U,10/5 新增：首次结果卡片的折叠（#41，界面用语）,FIRST,cardElements,Element details,构件信息,界面文字（为本界面所写）,,,,Y,,,Y,,,,Y,,,,,0,,,,4,example-main ×2; example-other ×2,#/fixture/member-evidence,Problem: Not a known model defect: no coordination review has determin ‹ Element details and what to do › IfcAirTerminal (IFC class) · 00 groundfloor · model hvac
E568,1,T1 示例主线与 C2 必需,batch-1015,10/15 批，未核,10/15 批，未核,Y,,10-15,new-1005,U,10/5 新增：首次结果卡片的折叠（#41，界面用语）,FIRST,openCard,See this item,查看这一项,界面文字（为本界面所写）,,,,Y,,,Y,,,,Y,,,,,4,example-main ×2; example-other ×2,#/fixture/member-evidence,这不是已知的模型缺陷。还没有协调评审判定它是否穿过接收方的构件；需要开一次评审，记录“不穿过”或写明穿过哪些构件 ‹ 查看这一项 › 一个构件,36,example-main ×16; example-other ×20,#/fixture/member-evidence,This is not a known model defect. No coordination review has yet deter ‹ See this item › One element
E572,1,T1 示例主线与 C2 必需,batch-1015,10/15 批，未核,10/15 批，未核,Y,,10-15,new-1005,U,10/5 新增：#42 修改的英文（界面用语）,FIRST,notRevised," (Chinese only: that page has not been translated or revised yet, and still uses internal terms)",（该页尚未改版，仍是内部用语）,界面文字（为本界面所写）,,,,Y,,,Y,,,,Y,,,,,167,example-main ×43; example-other ×124,#/fixture/member-evidence,追溯信息：记录标识、规则版本、记录原码 ‹ 这份记录的请求范围、版本与来源（该页尚未改版，仍是内部用语） › assessment digest,165,example-main ×41; example-other ×124,#/fixture/member-evidence,"Tracing: record identity, rule version, record codes ‹ This record's requested scope, versions and sources (Chinese only: that page has not been translated or revise › assessment digest"
E584,1,T1 示例主线与 C2 必需,b-tier,B 层，10/8 未核,B 层，10/8 未核（让到 10/15）,Y,,10-08 B,candidate-ui,U,候选（可让出）：处理角色／指派、行动——界面用语表里带含义的句子,FIRST,team,Handling team ,处理团队 ,界面文字（为本界面所写）,G052,G052,,Y,,,Y,,,,Y,,,,,103,example-main ×22; example-other ×81,#/fixture/member-evidence/item/0/2/0,随附的模拟示例，不是你的模型；团队等项目设定为演示用，不能用于正式项目决定。 这份记录的结论引用了：真实检查输出、模拟的人工判定，逐条标在结 ‹ 模拟示例：示例中的项目设定，包括处理团队安排、证据方法的接受等，是演示用设定，不代表真实项目决定；一个结论的证据可能是真实检查的结果、模拟的检查结果或模拟的人工判定，具体是哪一种，看每个结论旁的“依据”一行（按逐条引用标 › ← 返回事项列表（回到这一项的位置）,179,example-main ×41; example-other ×138,#/fixture/member-evidence,"Items to deal with, by handling team (8 items) ‹ Handling team coordination-team Example handling team: 6 items › Default handling role (the rule's default, not an assignment): model-c"
E585,1,T1 示例主线与 C2 必需,b-tier,B 层，10/8 未核,B 层，10/8 未核（让到 10/15）,Y,,10-08 B,candidate-ui,U,候选（可让出）：处理角色／指派、行动——界面用语表里带含义的句子,FIRST,verdictLine,: the work concerned is ,：对应的那项工作 ,界面文字（为本界面所写）,,,,Y,,,Y,,,,Y,,,,,0,,,,4,example-main ×2; example-other ×2,#/fixture/member-evidence,This result: 13 in all; to deal with: 8 ‹ 4 items: the work concerned is Blocked › 4 items: the work concerned is Unknown
E586,1,T1 示例主线与 C2 必需,b-tier,B 层，10/8 未核,B 层，10/8 未核（让到 10/15）,Y,,10-08 B,candidate-ui,U,候选（可让出）：处理角色／指派、行动——界面用语表里带含义的句子,FIRST,quietLine,: {summary} (listed further down this page),：{summary}（列在本页下方）,界面文字（为本界面所写）,,,,Y,,,Y,,,,Y,,,,,4,example-main ×2; example-other ×2,#/fixture/member-evidence,4 个事项：对应的那项工作 无法判断 ‹ 5 个事项：记录没有给出后续处理动作（列在本页下方） › 一个事项是一个构件（或被放在一起评估的一对构件）在接收方的一项工作上的结论。同一个构件可以出现在几个事项里，所以事项数不是缺陷数。这份记录共,4,example-main ×2; example-other ×2,#/fixture/member-evidence,4 items: the work concerned is Unknown ‹ 5 items: the record gives no follow-up action (listed further down this page) › An item is the conclusion for one element (or a pair of elements asses
E587,1,T1 示例主线与 C2 必需,b-tier,B 层，10/8 未核,B 层，10/8 未核（让到 10/15）,Y,,10-08 B,candidate-ui,U,候选（可让出）：处理角色／指派、行动——界面用语表里带含义的句子,FIRST,problem,Problem,问题,界面文字（为本界面所写）,,,,Y,,,Y,,,,Y,,,,,107,example-main ×24; example-other ×83,#/fixture/member-evidence,默认处理角色（规则给出的默认，不是指派）：model-coordination 处理团队是记录里的安排，不代表已经派发。 ‹ 问题 › 哪项工作：结论,107,example-main ×24; example-other ×83,#/fixture/member-evidence,"Default handling role (the rule's default, not an assignment): model-c ‹ Problem › Which work: conclusion"
E588,1,T1 示例主线与 C2 必需,b-tier,B 层，10/8 未核,B 层，10/8 未核（让到 10/15）,Y,,10-08 B,candidate-ui,U,候选（可让出）：处理角色／指派、行动——界面用语表里带含义的句子,FIRST,columns.work,Which work: conclusion,哪项工作：结论,界面文字（为本界面所写）,,,,Y,,,Y,,,,Y,,,,,4,example-main ×2; example-other ×2,#/fixture/member-evidence,问题 ‹ 哪项工作：结论 › 事项数,4,example-main ×2; example-other ×2,#/fixture/member-evidence,Problem ‹ Which work: conclusion › Items
E589,1,T1 示例主线与 C2 必需,b-tier,B 层，10/8 未核,B 层，10/8 未核（让到 10/15）,Y,,10-08 B,candidate-ui,U,候选（可让出）：处理角色／指派、行动——界面用语表里带含义的句子,FIRST,openHeading.one,"{label}, by handling team ({count} item)",{label}，按处理团队（{count} 个事项）,界面文字（为本界面所写）,,G053,,Y,,,Y,,,,Y,,,,,4,example-main ×2; example-other ×2,#/fixture/member-evidence,一个事项是一个构件（或被放在一起评估的一对构件）在接收方的一项工作上的结论。同一个构件可以出现在几个事项里，所以事项数不是缺陷数。这份记录共 ‹ 需要处理的事项，按处理团队（8 个事项） › 处理团队 coordination-team 示例处理团队：6 个事项,0,,,
E590,1,T1 示例主线与 C2 必需,b-tier,B 层，10/8 未核,B 层，10/8 未核（让到 10/15）,Y,,10-08 B,candidate-ui,U,候选（可让出）：处理角色／指派、行动——界面用语表里带含义的句子,FIRST,openHeading.other,"{label}, by handling team ({count} items)",{label}，按处理团队（{count} 个事项）,界面文字（为本界面所写）,,G053,,Y,,,Y,,,,Y,,,,,4,example-main ×2; example-other ×2,#/fixture/member-evidence,一个事项是一个构件（或被放在一起评估的一对构件）在接收方的一项工作上的结论。同一个构件可以出现在几个事项里，所以事项数不是缺陷数。这份记录共 ‹ 需要处理的事项，按处理团队（8 个事项） › 处理团队 coordination-team 示例处理团队：6 个事项,4,example-main ×2; example-other ×2,#/fixture/member-evidence,"An item is the conclusion for one element (or a pair of elements asses ‹ Items to deal with, by handling team (8 items) › Handling team coordination-team Example handling team: 6 items"
E181,1,T1 示例主线与 C2 必需,reviewed,10/8 已核,10/8 A 层已核，句子未变,N,,10-08 A,domain-517,D,处理角色／指派,HANDOVER_SIDES,producing,the handing-over side's model in this handover,本次交接中交出方的模型,界面文字（为本界面所写）,,,,Y,,,Y,,,,Y,,,,,0,,,,155,example-main ×37; example-other ×118,#/fixture/member-evidence/item/0/1/0,"Model ‹ hvac: the handing-over side's model in this handover › This is a model identifier, not a statement of discipline"
E182,1,T1 示例主线与 C2 必需,reviewed,10/8 已核,10/8 A 层已核，句子未变,N,,10-08 A,domain-517,D,处理角色／指派,HANDOVER_SIDES,consuming,the receiving side's model in this handover,本次交接中接收方的模型,界面文字（为本界面所写）,,,,Y,,,Y,,,,Y,,,,,0,,,,25,example-main ×6; example-other ×19,#/fixture/member-evidence/item/0/3/0,"Model ‹ architecture: the receiving side's model in this handover › This is a model identifier, not a statement of discipline"
E183,1,T1 示例主线与 C2 必需,batch-1015,10/15 批，未核,10/15 批，未核,Y,,10-15,domain-517,D,首页标题与入口说明,HOME,title,Items still to be dealt with in a model handover,查看模型交接中仍需处理的事项,界面文字（为本界面所写）,,,Y,Y,Y,,,,,,,,,,,1,home ×1,#/,English ‹ 查看模型交接中仍需处理的事项 › 帮助 BIM 经理了解：一次交接前检查发现了什么；复检之后，哪些判断变了、哪些事项仍需处理、每一项涉及哪些构件、依据是什么、下一步做什么。,1,home ×1,#/,"English ‹ Items still to be dealt with in a model handover › For a BIM manager: what a pre-handover check found; after a recheck, w"
E184,1,T1 示例主线与 C2 必需,batch-1015,10/15 批，未核,10/15 批，未核,Y,,10-15,domain-517,D,首页标题与入口说明,HOME,lede,"For a BIM manager: what a pre-handover check found; after a recheck, which conclusions changed, which items still need dealing with, which elements each one involves, what it rests on, and what to do next.",帮助 BIM 经理了解：一次交接前检查发现了什么；复检之后，哪些判断变了、哪些事项仍需处理、每一项涉及哪些构件、依据是什么、下一步做什么。,界面文字（为本界面所写）,,,Y,Y,Y,,,,,,,,,,,1,home ×1,#/,查看模型交接中仍需处理的事项 ‹ 帮助 BIM 经理了解：一次交接前检查发现了什么；复检之后，哪些判断变了、哪些事项仍需处理、每一项涉及哪些构件、依据是什么、下一步做什么。 › 当前提供模拟示例，以及对自己 IFC4 文件的一项有限产品验证练习；不能导入 Revit 文件本身，也不提供整体合规或可施工结论。,1,home ×1,#/,"Items still to be dealt with in a model handover ‹ For a BIM manager: what a pre-handover check found; after a recheck, which conclusions changed, which items st › Available now: simulated examples, and one limited product validation"
E188,1,T1 示例主线与 C2 必需,batch-1015,10/15 批，未核,10/15 批，未核,Y,,10-15,domain-517,D,首页标题与入口说明,HOME,example.title,Look at a simulated example,看一个模拟示例,界面文字（为本界面所写）,,,Y,Y,Y,,,,,,,,,,,1,home ×1,#/,现在可以做什么 ‹ 看一个模拟示例 › 从一次首次检查出发：找到需要处理的事项，看清涉及的构件、要做什么、由谁处理、完成后拿什么复检；然后再看同一事项复检后的变化。示例里模拟的内容,1,home ×1,#/,"What you can do now ‹ Look at a simulated example › Start from a first check: find the items that need dealing with, and s"
E189,1,T1 示例主线与 C2 必需,batch-1015,10/15 批，未核,10/15 批，未核,Y,,10-15,domain-517,D,首页标题与入口说明,HOME,example.body,"Start from a first check: find the items that need dealing with, and see which elements they involve, what to do, who deals with it and what a recheck must show; then see how the same item changed after a recheck. What is simulated in the example is marked where it appears.",从一次首次检查出发：找到需要处理的事项，看清涉及的构件、要做什么、由谁处理、完成后拿什么复检；然后再看同一事项复检后的变化。示例里模拟的内容，页面上逐处标明。,界面文字（为本界面所写）,,,Y,Y,Y,,,,,,,,,,,1,home ×1,#/,看一个模拟示例 ‹ 从一次首次检查出发：找到需要处理的事项，看清涉及的构件、要做什么、由谁处理、完成后拿什么复检；然后再看同一事项复检后的变化。示例里模拟的内容，页面上逐处标明。 › 选择模拟示例,1,home ×1,#/,"Look at a simulated example ‹ Start from a first check: find the items that need dealing with, and see which elements they involve, what to  › Choose a simulated example"
E190,1,T1 示例主线与 C2 必需,batch-1015,10/15 批，未核,10/15 批，未核,Y,,10-15,domain-517,D,首页标题与入口说明,HOME,example.action,Choose a simulated example,选择模拟示例,界面文字（为本界面所写）,,,Y,Y,Y,Y,,,,,,,,,,1,home ×1,#/,从一次首次检查出发：找到需要处理的事项，看清涉及的构件、要做什么、由谁处理、完成后拿什么复检；然后再看同一事项复检后的变化。示例里模拟的内容 ‹ 选择模拟示例 › 检查自己的 IFC 模型（产品验证练习）,2,home ×1; catalogue ×1,#/,"Start from a first check: find the items that need dealing with, and s ‹ Choose a simulated example › Check your own IFC model (product validation exercise)"
E191,1,T1 示例主线与 C2 必需,batch-1015,10/15 批，未核,10/15 批，未核,Y,,10-15,domain-517,D,首页标题与入口说明,HOME,attempt.title,See the check attempt on the bundled project,查看随附项目的检查尝试,界面文字（为本界面所写）,,,Y,Y,Y,,,,,,,,,,,1,home ×1,#/,开始本地检查 ‹ 查看随附项目的检查尝试 › 仓库随附一个样例项目。对它的检查尝试没有开始评估；这里说明原因。这个入口不是导入入口：只看这个样例项目，不能换成别的模型。,1,home ×1,#/,Start a local check ‹ See the check attempt on the bundled project › The repository comes with a sample project. The check attempt on it di
E192,1,T1 示例主线与 C2 必需,changed,10/8 后改句，需重核,10/8 后改句（#29，7721a9c）；原属 10-15,Y,,10-15,domain-517,D,首页标题与入口说明,HOME,attempt.body,"The repository comes with a sample project. The check attempt on it did not start an assessment; this explains why. This entry is not an import: it shows only this sample project, and you cannot swap in another model.",仓库随附一个样例项目。对它的检查尝试没有开始评估；这里说明原因。这个入口不是导入入口：只看这个样例项目，不能换成别的模型。,界面文字（为本界面所写）,,,Y,Y,Y,,,,,,,,,,,1,home ×1,#/,查看随附项目的检查尝试 ‹ 仓库随附一个样例项目。对它的检查尝试没有开始评估；这里说明原因。这个入口不是导入入口：只看这个样例项目，不能换成别的模型。 › 查看这次检查尝试,1,home ×1,#/,See the check attempt on the bundled project ‹ The repository comes with a sample project. The check attempt on it did not start an assessment; this explains › See this check attempt
E193,1,T1 示例主线与 C2 必需,batch-1015,10/15 批，未核,10/15 批，未核,Y,,10-15,domain-517,D,首页标题与入口说明,HOME,attempt.action,See this check attempt,查看这次检查尝试,界面文字（为本界面所写）,,,Y,Y,Y,,,,,,,,,,,1,home ×1,#/,仓库随附一个样例项目。对它的检查尝试没有开始评估；这里说明原因。这个入口不是导入入口：只看这个样例项目，不能换成别的模型。 ‹ 查看这次检查尝试 › 现在还不能做什么,1,home ×1,#/,The repository comes with a sample project. The check attempt on it di ‹ See this check attempt › What you cannot do yet
E195,1,T1 示例主线与 C2 必需,reviewed,10/8 已核,10/8 A 层已核，句子未变,N,,10-08 A,domain-517,D,范围限制（首页写明不能做什么）,HOME,cannot[1],"Give an overall compliance, ready-to-build or ""ready to hand over"" conclusion",给出整体合规、可施工或“可以交付”的结论,界面文字（为本界面所写）,,G020,Y,Y,Y,,,,,,,,,,,1,home ×1,#/,导入 Revit 文件本身（.rvt），或用产品验证练习以外的规则检查自己的模型 ‹ 给出整体合规、可施工或“可以交付”的结论 › 写回模型、上传到云端，或在 Revit 里打开构件,0,,,
E196,1,T1 示例主线与 C2 必需,reviewed,10/8 已核,10/8 A 层已核，句子未变,N,,10-08 A,domain-517,D,范围限制（首页写明不能做什么）,HOME,cannot[2],"Write back to a model, upload to the cloud, or open an element in Revit",写回模型、上传到云端，或在 Revit 里打开构件,界面文字（为本界面所写）,G021,G021,Y,Y,Y,,,,,,,,,,,1,home ×1,#/,给出整体合规、可施工或“可以交付”的结论 ‹ 写回模型、上传到云端，或在 Revit 里打开构件 › 这些功能没有实现，所以页面上没有对应的入口。,1,home ×1,#/,"Give an overall compliance, ready-to-build or ""can be handed over"" con ‹ Write back to a model, upload to the cloud, or open an element in Revit › These are not implemented, so the page has no entry for them."
E197,1,T1 示例主线与 C2 必需,batch-1015,10/15 批，未核,10/15 批，未核,Y,,10-15,domain-517,D,首页标题与入口说明,HOME,canHeading,What you can do now,现在可以做什么,界面文字（为本界面所写）,,,Y,Y,Y,,,,,,,,,,,1,home ×1,#/,当前提供模拟示例，以及对自己 IFC4 文件的一项有限产品验证练习；不能导入 Revit 文件本身，也不提供整体合规或可施工结论。 ‹ 现在可以做什么 › 看一个模拟示例,1,home ×1,#/,"Available now: simulated examples, and one limited product validation  ‹ What you can do now › Look at a simulated example"
E198,1,T1 示例主线与 C2 必需,batch-1015,10/15 批，未核,10/15 批，未核,Y,,10-15,domain-517,D,首页标题与入口说明,HOME,cannotHeading,What you cannot do yet,现在还不能做什么,界面文字（为本界面所写）,,,Y,Y,Y,,,,,,,,,,,1,home ×1,#/,查看这次检查尝试 ‹ 现在还不能做什么 › 导入 Revit 文件本身（.rvt），或用产品验证练习以外的规则检查自己的模型,1,home ×1,#/,"See this check attempt ‹ What you cannot do yet › Import a Revit file itself (.rvt), or check your own model against rul"
E199,1,T1 示例主线与 C2 必需,reviewed,10/8 已核,10/8 A 层已核，句子未变,N,,10-08 A,domain-517,D,范围限制（首页写明不能做什么）,HOME,cannotNote,"These are not implemented, so the page has no entry for them.",这些功能没有实现，所以页面上没有对应的入口。,界面文字（为本界面所写）,,,Y,Y,Y,,,,,,,,,,,1,home ×1,#/,写回模型、上传到云端，或在 Revit 里打开构件 ‹ 这些功能没有实现，所以页面上没有对应的入口。,1,home ×1,#/,"Write back to a model, upload to the cloud, or open an element in Revi ‹ These are not implemented, so the page has no entry for them."
E578,1,T1 示例主线与 C2 必需,b-tier,B 层，10/8 未核,B 层，10/8 未核（让到 10/15）,Y,,10-08 B,candidate-ui,U,候选（可让出）：处理角色／指派、行动——界面用语表里带含义的句子,ITEM,noFollowUp,"The record gives no follow-up action, handling team or default handling role for this item.",记录没有为这一项给出后续处理动作、处理团队或默认处理角色。,界面文字（为本界面所写）,,,,Y,,,Y,,,,Y,,,,,40,example-main ×17; example-other ×23,#/fixture/member-evidence/item/0/1/0,二、后续 ‹ 记录没有为这一项给出后续处理动作、处理团队或默认处理角色。 › 三、是哪个构件,38,example-main ×15; example-other ×23,#/fixture/member-evidence/item/0/1/0,"2. Follow-up ‹ The record gives no follow-up action, handling team or default handling role for this item. › 3. Which element"
E579,1,T1 示例主线与 C2 必需,b-tier,B 层，10/8 未核,B 层，10/8 未核（让到 10/15）,Y,,10-08 B,candidate-ui,U,候选（可让出）：处理角色／指派、行动——界面用语表里带含义的句子,ITEM,needs,What this work needs,这项工作需要什么,界面文字（为本界面所写）,,,,Y,,,Y,,,,Y,,,,,26,example-main ×13; example-other ×13,#/fixture/member-evidence/item/0/1/0,已有协调评审判定：它不穿过接收方模型里的任何构件。不穿过就不需要开洞，所以开洞情况没有被评估——这不是“开洞没问题” ‹ 这项工作需要什么 › 要知道交出方的构件在哪里穿过墙、楼板和屋顶，才能在这些构件上开洞。,25,example-main ×12; example-other ×13,#/fixture/member-evidence/item/0/1/0,"A coordination-review determination says it passes through no element  ‹ What this work needs › Needs to know where MEP penetrates architectural fabric, so openings c"
E580,1,T1 示例主线与 C2 必需,b-tier,B 层，10/8 未核,B 层，10/8 未核（让到 10/15）,Y,,10-08 B,candidate-ui,U,候选（可让出）：处理角色／指派、行动——界面用语表里带含义的句子,ITEM,leaf,Final outcome,终点 outcome,界面文字（为本界面所写）,,,,Y,,,Y,,,,Y,,,,,26,example-main ×13; example-other ×13,#/fixture/member-evidence/item/0/1/0,记录未携带 ‹ 终点 outcome › penetration-determination/no-penetration,25,example-main ×12; example-other ×13,#/fixture/member-evidence/item/0/1/0,Not carried in the record ‹ Final outcome › penetration-determination/no-penetration
E581,1,T1 示例主线与 C2 必需,b-tier,B 层，10/8 未核,B 层，10/8 未核（让到 10/15）,Y,,10-08 B,candidate-ui,U,候选（可让出）：处理角色／指派、行动——界面用语表里带含义的句子,ITEM,context,"Background citations: not the basis of this conclusion, shown word for word.",背景引用：不是这个结论的依据，逐字显示。,界面文字（为本界面所写）,,,,Y,,,Y,,,,Y,,,,,6,example-main ×3; example-other ×3,#/fixture/member-evidence/item/1/2/0,fixture-determination/alignment/confirmed复制 模拟的人工判定 ‹ 背景引用：不是这个结论的依据，逐字显示。 › insufficient_evidence epc-delivery 2.2 acb11f11-bf18-5516-a6f2-21e451a,5,example-main ×2; example-other ×3,#/fixture/member-evidence/item/1/2/0,"fixture-determination/alignment/confirmedCopy Simulated human determin ‹ Background citations: not the basis of this conclusion, shown word for word. › insufficient_evidence epc-delivery 2.2 acb11f11-bf18-5516-a6f2-21e451a"
E582,1,T1 示例主线与 C2 必需,b-tier,B 层，10/8 未核,B 层，10/8 未核（让到 10/15）,Y,,10-08 B,candidate-ui,U,候选（可让出）：处理角色／指派、行动——界面用语表里带含义的句子,ITEM,actionHeading,"2. What to do, who deals with it, what a recheck must show",二、要做什么、由谁处理、完成后拿什么复检,界面文字（为本界面所写）,G031,G031,,Y,,,Y,,,,Y,,,,,147,example-main ×34; example-other ×113,#/fixture/member-evidence/item/0/2/0,要知道交出方的构件在哪里穿过墙、楼板和屋顶，才能在这些构件上开洞。 ‹ 二、要做什么、由谁处理、完成后拿什么复检 › 要做什么,146,example-main ×33; example-other ×113,#/fixture/member-evidence/item/0/2/0,"Needs to know where MEP penetrates architectural fabric, so openings c ‹ 2. What to do, who deals with it, what a recheck must show › What to do"
E583,1,T1 示例主线与 C2 必需,b-tier,B 层，10/8 未核,B 层，10/8 未核（让到 10/15）,Y,,10-08 B,candidate-ui,U,候选（可让出）：处理角色／指派、行动——界面用语表里带含义的句子,ITEM,followUpHeading,2. Follow-up,二、后续,界面文字（为本界面所写）,,,,Y,,,Y,,,,Y,,,,,10,example-main ×5; example-other ×5,#/fixture/member-evidence/item/0/1/0,要知道交出方的构件在哪里穿过墙、楼板和屋顶，才能在这些构件上开洞。 ‹ 二、后续 › 记录没有为这一项给出后续处理动作、处理团队或默认处理角色。,9,example-main ×4; example-other ×5,#/fixture/member-evidence/item/0/1/0,"Needs to know where MEP penetrates architectural fabric, so openings c ‹ 2. Follow-up › The record gives no follow-up action, handling team or default handlin"
E200,1,T1 示例主线与 C2 必需,reviewed,10/8 已核,10/8 A 层已核，句子未变,N,,10-08 A,domain-517,D,范围限制,ITEM_UNIT,,"An item is the conclusion for one element (or a pair of elements assessed together) on one piece of the receiving side's work. The same element can appear in several items, so the number of items is not a number of defects.",一个事项是一个构件（或被放在一起评估的一对构件）在接收方的一项工作上的结论。同一个构件可以出现在几个事项里，所以事项数不是缺陷数。,界面文字（为本界面所写）,,,,Y,,,Y,,,,Y,,,,,181,example-main ×43; example-other ×138,#/fixture/member-evidence,5 个事项：记录没有给出后续处理动作（列在本页下方） ‹ 一个事项是一个构件（或被放在一起评估的一对构件）在接收方的一项工作上的结论。同一个构件可以出现在几个事项里，所以事项数不是缺陷数。这份记录共涉及 6 个不同的构件。 › 需要处理的事项，按处理团队（8 个事项）,179,example-main ×41; example-other ×138,#/fixture/member-evidence,"5 items: the record gives no follow-up action (listed further down thi ‹ An item is the conclusion for one element (or a pair of elements assessed together) on one piece of the receiv › Items to deal with, by handling team (8 items)"
E201,1,T1 示例主线与 C2 必需,batch-1015,10/15 批，未核,10/15 批，未核,Y,,10-15,domain-517,D,复检：引用换键,KEY_CHANGED,yes,"The citation changed key (the new key is the ""corresponding evidence this record cites"" above). A change of key is not itself a change.",引用换了键（新键就是上面“本次记录引用的对应证据”）。换键本身不算变化。,界面文字（为本界面所写）,,,,Y,,,Y,,,,Y,,,,,33,example-main ×6; example-other ×27,#/fixture/recheck-requirement-relaxed/recheck/7/0,对应的检查结果只有一条，逐项比较后至少有一个方面不同。 ‹ 引用换了键（新键就是上面“本次记录引用的对应证据”）。换键本身不算变化。 › 检查要求被修改过，检查结果内容也变了：结果的变化可能来自要求的修改（例如要求放宽），不能据此说模型修好了。记录不说明要求是放宽还是收紧。,33,example-main ×6; example-other ×27,#/fixture/recheck-requirement-relaxed/recheck/7/0,"There is exactly one corresponding check result; compared aspect by as ‹ The citation changed key (the new key is the ""corresponding evidence this record cites"" above). A change of ke › The check requirement was edited and the check result content changed"
E203,1,T1 示例主线与 C2 必需,b-tier,B 层，10/8 未核,B 层，10/8 未核（让到 10/15）,Y,,10-08 B,domain-517,D,主路径：结论所依据的结果,LEAF_READINGS,asset-identity/satisfied,"The project asset-identity requirements that apply to it passed, and it was actually evaluated",适用于它的项目资产标识要求评为通过，并且它确实被评估到,界面文字（为本界面所写）,,,,Y,,,Y,,,,Y,,,,,5,example-main ×2; example-other ×3,#/fixture/recheck-requirement-relaxed/recheck/7/2,这个结论依据的结果 ‹ 适用于它的项目资产标识要求评为通过，并且它确实被评估到 › 模型,5,example-main ×2; example-other ×3,#/fixture/recheck-requirement-relaxed/recheck/7/2,"The result this conclusion rests on ‹ The project asset-identity requirements that apply to it passed, and it was actually evaluated › Models"
E204,1,T1 示例主线与 C2 必需,b-tier,B 层，10/8 未核,B 层，10/8 未核（让到 10/15）,Y,,10-08 B,domain-517,D,主路径：结论所依据的结果,LEAF_READINGS,asset-identity/unmet,The project asset-identity requirement is not met,项目资产标识的要求没有满足,界面文字（为本界面所写）,,,,Y,,,Y,,,,Y,,,,,30,example-main ×7; example-other ×23,#/fixture/member-evidence/item/2/2/0,这个结论依据的结果 ‹ 项目资产标识的要求没有满足 › 这项工作需要什么,30,example-main ×7; example-other ×23,#/fixture/member-evidence/item/2/2/0,The result this conclusion rests on ‹ The project asset-identity requirement is not met › What this work needs
E205,1,T1 示例主线与 C2 必需,b-tier,B 层，10/8 未核,B 层，10/8 未核（让到 10/15）,Y,,10-08 B,domain-517,D,主路径：结论所依据的结果,LEAF_READINGS,asset-identity/not-yet-evaluated,The asset-identity rules did not cover it,资产标识的规则没有覆盖到它,界面文字（为本界面所写）,,,,Y,,,Y,,,,Y,,,,,12,example-main ×3; example-other ×9,#/fixture/member-evidence/item/2/1/0,这个结论依据的结果 ‹ 资产标识的规则没有覆盖到它 › 这项工作需要什么,12,example-main ×3; example-other ×9,#/fixture/member-evidence/item/2/1/0,The result this conclusion rests on ‹ The asset-identity rules did not cover it › What this work needs
E208,1,T1 示例主线与 C2 必需,b-tier,B 层，10/8 未核,B 层，10/8 未核（让到 10/15）,Y,,10-08 B,domain-517,D,主路径：结论所依据的结果,LEAF_READINGS,in-model-position/not-yet-evaluated,The storey or space check did not cover it,楼层或空间归属的检查没有覆盖到它,界面文字（为本界面所写）,,,,Y,,,Y,,,,Y,,,,,16,example-main ×5; example-other ×11,#/fixture/member-evidence,事项数 ‹ 不是已知的模型缺陷：楼层或空间归属的检查没有覆盖到它 › 吊顶平面与包封布置：无法判断,12,example-main ×3; example-other ×9,#/fixture/member-evidence/item/1/1/0,The result this conclusion rests on ‹ The storey or space check did not cover it › What this work needs
E209,1,T1 示例主线与 C2 必需,b-tier,B 层，10/8 未核,B 层，10/8 未核（让到 10/15）,Y,,10-08 B,domain-517,D,主路径：结论所依据的结果,LEAF_READINGS,cross-model-alignment/confirmed,"A record confirms the two models are aligned to a common datum (by the method the project accepts, for the listed model versions)",已有记录确认两侧模型对齐到共同的基准（按项目接受的方法，针对所列模型版本）,界面文字（为本界面所写）,,,,Y,,,Y,,,,Y,,,,,21,example-main ×9; example-other ×12,#/fixture/member-evidence/item/1/2/0,这个结论依据的结果 ‹ 已有记录确认两侧模型对齐到共同的基准（按项目接受的方法，针对所列模型版本） › 这项工作需要什么,19,example-main ×7; example-other ×12,#/fixture/member-evidence/item/1/2/0,"The result this conclusion rests on ‹ A record confirms the two models are aligned to a common datum (by the method the project accepts, for the lis › What this work needs"
E212,1,T1 示例主线与 C2 必需,b-tier,B 层，10/8 未核,B 层，10/8 未核（让到 10/15）,Y,,10-08 B,domain-517,D,主路径：结论所依据的结果,LEAF_READINGS,penetration-determination/no-penetration,"A coordination-review determination says it passes through no element of the receiving model. With no penetration no opening is needed, so the opening was not assessed — this is not ""the opening is fine""",已有协调评审判定：它不穿过接收方模型里的任何构件。不穿过就不需要开洞，所以开洞情况没有被评估——这不是“开洞没问题”,界面文字（为本界面所写）,,,,Y,,,Y,,,,Y,,,,,7,example-main ×3; example-other ×4,#/fixture/member-evidence/item/0/1/0,这个结论依据的结果 ‹ 已有协调评审判定：它不穿过接收方模型里的任何构件。不穿过就不需要开洞，所以开洞情况没有被评估——这不是“开洞没问题” › 这项工作需要什么,7,example-main ×3; example-other ×4,#/fixture/member-evidence/item/0/1/0,The result this conclusion rests on ‹ A coordination-review determination says it passes through no element of the receiving model. With no penetrat › What this work needs
E214,1,T1 示例主线与 C2 必需,b-tier,B 层，10/8 未核,B 层，10/8 未核（让到 10/15）,Y,,10-08 B,domain-517,D,主路径：结论所依据的结果,LEAF_READINGS,penetration-determination/not-yet-determined,No coordination review has determined yet whether it passes through elements of the receiving model,还没有协调评审判定它是否穿过接收方模型里的构件,界面文字（为本界面所写）,,,,Y,,,Y,,,,Y,,,,,28,example-main ×6; example-other ×22,#/fixture/member-evidence/item/0/2/0,这个结论依据的结果 ‹ 还没有协调评审判定它是否穿过接收方模型里的构件 › 这项工作需要什么,28,example-main ×6; example-other ×22,#/fixture/member-evidence/item/0/2/0,The result this conclusion rests on ‹ No coordination review has determined yet whether it passes through elements of the receiving model › What this work needs
E215,1,T1 示例主线与 C2 必需,b-tier,B 层，10/8 未核,B 层，10/8 未核（让到 10/15）,Y,,10-08 B,domain-517,D,主路径：结论所依据的结果,LEAF_READINGS,opening-status/cross-referenced,"This pair: the opening is modelled in the element passed through, and linked to the element passing through it",这一对：洞口已建在被穿过的构件上，并且已关联到穿过它的这个构件,界面文字（为本界面所写）,,,,Y,,,Y,,,,Y,,,,,7,example-main ×3; example-other ×4,#/fixture/member-evidence/item/0/3/0,这个结论依据的结果 ‹ 这一对：洞口已建在被穿过的构件上，并且已关联到穿过它的这个构件 › 这项工作需要什么,7,example-main ×3; example-other ×4,#/fixture/member-evidence/item/0/3/0,"The result this conclusion rests on ‹ This pair: the opening is modelled in the element passed through, and linked to the element passing through it › What this work needs"
E217,1,T1 示例主线与 C2 必需,b-tier,B 层，10/8 未核,B 层，10/8 未核（让到 10/15）,Y,,10-08 B,domain-517,D,主路径：结论所依据的结果,LEAF_READINGS,opening-status/not-modelled,This pair: no opening is modelled in the element passed through,这一对：被穿过的构件上没有建出洞口,界面文字（为本界面所写）,,,,Y,,,Y,,,,Y,,,,,7,example-main ×3; example-other ×4,#/fixture/member-evidence/item/0/4/0,这个结论依据的结果 ‹ 这一对：被穿过的构件上没有建出洞口 › 这项工作需要什么,7,example-main ×3; example-other ×4,#/fixture/member-evidence/item/0/4/0,The result this conclusion rests on ‹ This pair: no opening is modelled in the element passed through › What this work needs
E219,1,T1 示例主线与 C2 必需,b-tier,B 层，10/8 未核,B 层，10/8 未核（让到 10/15）,Y,,10-08 B,domain-517,D,主路径：结论所依据的结果,LEAF_READING_WORDS,label,The result this conclusion rests on,这个结论依据的结果,界面文字（为本界面所写）,,,,Y,,,Y,,,,Y,,,,,157,example-main ×39; example-other ×118,#/fixture/member-evidence/item/0/1/0,只对这一个事项、这项工作、所列的模型版本成立；不代表整次交接完成。 ‹ 这个结论依据的结果 › 已有协调评审判定：它不穿过接收方模型里的任何构件。不穿过就不需要开洞，所以开洞情况没有被评估——这不是“开洞没问题”,155,example-main ×37; example-other ×118,#/fixture/member-evidence/item/0/1/0,"Holds for this one item, this work and the listed model versions only; ‹ The result this conclusion rests on › A coordination-review determination says it passes through no element"
L002,1,T1 示例主线与 C2 必需,new,新增，未核,#29 新增，未核,Y,,,,D,,LOCAL_CHECK,home.title,Check your own IFC model (product validation exercise),检查自己的 IFC 模型（产品验证练习）,界面文字（为本界面所写）,,,Y,Y,Y,,,,,,,,,,,1,home ×1,#/,选择模拟示例 ‹ 检查自己的 IFC 模型（产品验证练习） › 选择自己导出的 IFC4 文件，只用一条产品验证规则检查风口的预定义类型。运行前会说明检查什么、要求从哪里来、结果不能说明什么，以及本机会留,1,home ×1,#/,Choose a simulated example ‹ Check your own IFC model (product validation exercise) › Choose an IFC4 file you exported and check the predefined type of its
L003,1,T1 示例主线与 C2 必需,new,新增，未核,#29 新增，未核,Y,,,,D,,LOCAL_CHECK,home.body,"Choose an IFC4 file you exported and check the predefined type of its air terminals against one product validation rule. Before it runs, the page says what is checked, where the requirement comes from, what the result cannot tell you, and what this computer keeps.",选择自己导出的 IFC4 文件，只用一条产品验证规则检查风口的预定义类型。运行前会说明检查什么、要求从哪里来、结果不能说明什么，以及本机会留下哪些记录。,界面文字（为本界面所写）,,,Y,Y,Y,,,,,,,,,,,1,home ×1,#/,检查自己的 IFC 模型（产品验证练习） ‹ 选择自己导出的 IFC4 文件，只用一条产品验证规则检查风口的预定义类型。运行前会说明检查什么、要求从哪里来、结果不能说明什么，以及本机会留下哪些记录。 › 开始本地检查,1,home ×1,#/,Check your own IFC model (product validation exercise) ‹ Choose an IFC4 file you exported and check the predefined type of its air terminals against one product valida › Start a local check
L004,1,T1 示例主线与 C2 必需,new,新增，未核,#29 新增，未核,Y,,,,D,,LOCAL_CHECK,home.status,"Available now: simulated examples, and one limited product validation exercise on your own IFC4 files. A Revit file itself cannot be imported, and there is no overall compliance or ready-to-build conclusion.",当前提供模拟示例，以及对自己 IFC4 文件的一项有限产品验证练习；不能导入 Revit 文件本身，也不提供整体合规或可施工结论。,界面文字（为本界面所写）,,,Y,Y,Y,,,,,,,,,,,1,home ×1,#/,帮助 BIM 经理了解：一次交接前检查发现了什么；复检之后，哪些判断变了、哪些事项仍需处理、每一项涉及哪些构件、依据是什么、下一步做什么。 ‹ 当前提供模拟示例，以及对自己 IFC4 文件的一项有限产品验证练习；不能导入 Revit 文件本身，也不提供整体合规或可施工结论。 › 现在可以做什么,1,home ×1,#/,"For a BIM manager: what a pre-handover check found; after a recheck, w ‹ Available now: simulated examples, and one limited product validation exercise on your own IFC4 files. A Revit › What you can do now"
L007,1,T1 示例主线与 C2 必需,new,新增，未核,#29 新增，未核,Y,,,,D,,LOCAL_CHECK,home.cannot[0],"Import a Revit file itself (.rvt), or check your own model against rules other than the product validation exercise",导入 Revit 文件本身（.rvt），或用产品验证练习以外的规则检查自己的模型,界面文字（为本界面所写）,,,Y,Y,Y,,,,,,,,,,,1,home ×1,#/,现在还不能做什么 ‹ 导入 Revit 文件本身（.rvt），或用产品验证练习以外的规则检查自己的模型 › 给出整体合规、可施工或“可以交付”的结论,1,home ×1,#/,"What you cannot do yet ‹ Import a Revit file itself (.rvt), or check your own model against rules other than the product validation exe › Give an overall compliance, ready-to-build or ""can be handed over"" con"
L008,1,T1 示例主线与 C2 必需,new,新增，未核,#29 新增，未核,Y,,,,D,,LOCAL_CHECK,home.cannot[1],"Give an overall compliance, ready-to-build or ""can be handed over"" conclusion",给出整体合规、可施工或“可以交付”的结论,界面文字（为本界面所写）,,G020,Y,Y,Y,,,,,,,,,,,1,home ×1,#/,导入 Revit 文件本身（.rvt），或用产品验证练习以外的规则检查自己的模型 ‹ 给出整体合规、可施工或“可以交付”的结论 › 写回模型、上传到云端，或在 Revit 里打开构件,1,home ×1,#/,"Import a Revit file itself (.rvt), or check your own model against rul ‹ Give an overall compliance, ready-to-build or ""can be handed over"" conclusion › Write back to a model, upload to the cloud, or open an element in Revi"
L009,1,T1 示例主线与 C2 必需,same-reviewed,同句已核,#29 新增，未核；句子与已核 E196 逐字相同,N,句子与已核 E196 逐字相同,,,D,,LOCAL_CHECK,home.cannot[2],"Write back to a model, upload to the cloud, or open an element in Revit",写回模型、上传到云端，或在 Revit 里打开构件,界面文字（为本界面所写）,G021,G021,Y,Y,Y,,,,,,,,,,,1,home ×1,#/,给出整体合规、可施工或“可以交付”的结论 ‹ 写回模型、上传到云端，或在 Revit 里打开构件 › 这些功能没有实现，所以页面上没有对应的入口。,1,home ×1,#/,"Give an overall compliance, ready-to-build or ""can be handed over"" con ‹ Write back to a model, upload to the cloud, or open an element in Revit › These are not implemented, so the page has no entry for them."
L050,1,T1 示例主线与 C2 必需,new,新增，未核,#29 新增，未核,Y,,,,D,,LOCAL_CHECK,disciplines.Architecture,Architecture,建筑（Architecture）,界面文字（为本界面所写）,,,,Y,,,Y,Y,Y,,Y,Y,,,,22,local-result ×8; local-start ×14,flow:check-both:result,product-validation 1.0 Product Validation Rules ‹ Building-Architecture.ifc（你声明的专业：建筑（Architecture）） › Building-Hvac.ifc（你声明的专业：暖通（HVAC））,346,example-main ×41; local-result ×8; local-start ×18; example-other ×138; secondary ×141,#/fixture/member-evidence,Project pcert-sample ‹ Handover: MEP → Architecture · Coordination › Back to the home page
L052,1,T1 示例主线与 C2 必需,new,新增，未核,#29 新增，未核,Y,,,,D,,LOCAL_CHECK,disciplines.MEP,MEP,机电（MEP）,界面文字（为本界面所写）,,,,Y,,,Y,,Y,,Y,,,,,14,local-start ×14,flow:local:chosen,暖通（HVAC） ‹ 机电（MEP） › 给排水（Plumbing）,34,example-main ×2; local-start ×14; example-other ×18,#/fixture/recheck-requirement-relaxed,Project pcert-sample ‹ Handover: MEP → Architecture · Coordination › Back to the home page
E222,1,T1 示例主线与 C2 必需,batch-1015,10/15 批，未核,10/15 批，未核,Y,,10-15,domain-517,D,入口名称,MODE_LABELS,fixture,Simulated example,模拟示例,界面文字（为本界面所写）,,,,Y,,Y,Y,,,,Y,Y,,,,465,catalogue ×1; example-main ×43; example-other ×138; secondary ×283,#/fixture,English ‹ 模拟示例 › 返回首页,321,catalogue ×1; example-main ×41; example-other ×138; secondary ×141,#/fixture,English ‹ Simulated example › Back to the home page
E225,1,T1 示例主线与 C2 必需,batch-1015,10/15 批，未核,10/15 批，未核,Y,,10-15,domain-517,D,复检：引用换键,ONLY_REKEYED,,Only the citation's key changed,只是引用换了键,界面文字（为本界面所写）,,,,Y,,,Y,,,,Y,,,,,30,example-main ×12; example-other ×18,#/fixture/recheck-requirement-relaxed/recheck/5/0,58491270f2af3ded52165b6024e1097e9128a80cbbc6f6d6ed844aeb8fecb10d ‹ 比较依据一致 只是引用换了键 › 检查结果引用：2c232698-eeff-592e-a20a-a48be0847c64复制 真实检查输出,37,example-main ×13; example-other ×24,#/fixture/recheck-requirement-relaxed,Comparison basis unchanged × 7 ‹ Only the citation's key changed × 7 › Comparison basis changed × 2
E226,1,T1 示例主线与 C2 必需,reviewed,10/8 已核,10/8 A 层已核，句子未变,N,,10-08 A,domain-517,D,范围限制,PROVENANCE_NOTICE,,"Each citation's source label on this page is decided from that citation alone (whether it carries the simulation marker), never inferred for the whole page or record:",本页每条引用旁的来源标注按该条引用自身判定（是否带模拟标记），不按整页或整份记录推断：,界面文字（为本界面所写）,,,,Y,,,Y,,,,Y,Y,,,,452,example-main ×43; example-other ×138; secondary ×271,#/fixture/member-evidence,证据来源的标注 ‹ 本页每条引用旁的来源标注按该条引用自身判定（是否带模拟标记），不按整页或整份记录推断： › 真实检查输出 未带模拟标记的检查结果引用：来自真实的检查运行，是真实 IFC 模型按真实规则检查的产物。,179,example-main ×41; example-other ×138,#/fixture/member-evidence,How the source of evidence is labelled ‹ Each citation's source label on this page is decided from that citation alone (whether it carries the simulati › Real check output A check-result citation without the simulation marke
E227,1,T1 示例主线与 C2 必需,reviewed,10/8 已核,10/8 A 层已核，句子未变,N,,10-08 A,domain-517,D,英文判断词,READING_GUIDE,verdictWords,The three conclusion words,三个判断词,界面文字（为本界面所写）,,,,Y,,,Y,,,,Y,,,,,181,example-main ×43; example-other ×138,#/fixture/member-evidence,一个事项是一个构件（或被放在一起评估的一对构件）在接收方的一项工作上的结论。同一个构件可以出现在几个事项里，所以事项数不是缺陷数。 ‹ 三个判断词 › 可以开始,179,example-main ×41; example-other ×138,#/fixture/member-evidence,An item is the conclusion for one element (or a pair of elements asses ‹ The three conclusion words › Ready
E228,1,T1 示例主线与 C2 必需,reviewed,10/8 已核,10/8 A 层已核，句子未变,N,,10-08 A,domain-517,D,英文判断词,READING_GUIDE,verdictLine,{label}: {meaning}.,{label}：{meaning}。,界面文字（为本界面所写）,,,,Y,Y,Y,Y,Y,Y,Y,Y,Y,,,zh,181,example-main ×43; example-other ×138,#/fixture/member-evidence,跳到正文 › 当前：中文,358,home ×1; catalogue ×1; example-main ×41; local-result ×16; local-start ×19; second-entry ×1; example-other ×138; secondary ×141,#/,"Items still to be dealt with in a model handover ‹ For a BIM manager: what a pre-handover check found; after a recheck, which conclusions changed, which items st › Available now: simulated examples, and one limited product validation"
E229,1,T1 示例主线与 C2 必需,reviewed,10/8 已核,10/8 A 层已核，句子未变,N,,10-08 A,domain-517,D,英文判断词,READING_GUIDE,provenance,How the source of evidence is labelled,证据来源的标注,界面文字（为本界面所写）,,,,Y,,,Y,,,,Y,,,,,181,example-main ×43; example-other ×138,#/fixture/member-evidence,每个判断只针对接收方的一项工作、本次评估范围内的这一项，以及所列的模型版本；它不是“模型好不好”的总评，也不是“某项检查通过了”。 ‹ 证据来源的标注 › 本页每条引用旁的来源标注按该条引用自身判定（是否带模拟标记），不按整页或整份记录推断：,179,example-main ×41; example-other ×138,#/fixture/member-evidence,"Each conclusion is about one piece of the receiving side's work, this  ‹ How the source of evidence is labelled › Each citation's source label on this page is decided from that citatio"
E230,1,T1 示例主线与 C2 必需,reviewed,10/8 已核,10/8 A 层已核，句子未变,N,,10-08 A,domain-517,D,英文判断词,READING_GUIDE,teams,Handling team and default handling role,处理团队与默认处理角色,界面文字（为本界面所写）,,,,Y,,,Y,,,,Y,,,,,181,example-main ×43; example-other ×138,#/fixture/member-evidence,来源未标注的判定 未带模拟标记的判定引用：判定不是检查运行的输出，本界面也没有可核依据说明它来自哪里，因此不作真实或模拟的断言。 ‹ 处理团队与默认处理角色 › 处理团队取自记录里的人员安排；默认处理角色是规则给出的默认，是安排的输入，不是指派。两者分开显示。,179,example-main ×41; example-other ×138,#/fixture/member-evidence,Determination of unstated source A determination citation without the  ‹ Handling team and default handling role › The handling team is taken from the staffing in the record; the defaul
E231,1,T1 示例主线与 C2 必需,reviewed,10/8 已核,10/8 A 层已核，句子未变,N,,10-08 A,domain-517,D,英文判断词,READING_GUIDE,teamsBody,"The handling team is taken from the staffing in the record; the default handling role is the rule's default, an input to the staffing, not an assignment. The two are shown apart.",处理团队取自记录里的人员安排；默认处理角色是规则给出的默认，是安排的输入，不是指派。两者分开显示。,界面文字（为本界面所写）,,,,Y,,,Y,,,,Y,,,,,181,example-main ×43; example-other ×138,#/fixture/member-evidence,处理团队与默认处理角色 ‹ 处理团队取自记录里的人员安排；默认处理角色是规则给出的默认，是安排的输入，不是指派。两者分开显示。 › 追溯信息：记录标识、规则版本、记录原码,179,example-main ×41; example-other ×138,#/fixture/member-evidence,"Handling team and default handling role ‹ The handling team is taken from the staffing in the record; the default handling role is the rule's default, a › Tracing: record identity, rule version, record codes"
E232,1,T1 示例主线与 C2 必需,reviewed,10/8 已核,10/8 A 层已核，句子未变,N,,10-08 A,domain-517,D,范围限制,READY_NOTES,ceiling-and-bulkhead-geometry[0],The rule proves only that the element has a storey or space assignment; it does not check that the receiving model has a matching storey.,规则只证明构件有楼层或空间归属，没有验证接收方模型有对应楼层。,界面文字（为本界面所写）,,,,Y,,,Y,,,,Y,,,,,33,example-main ×13; example-other ×20,#/fixture/member-evidence,这个结论建立在模拟证据上：真实检查输出 ×1 模拟的人工判定 ×1 ‹ 规则只证明构件有楼层或空间归属，没有验证接收方模型有对应楼层。 › 这个结论靠的是两侧模型的对齐确认，不是共享定位标记通过。,31,example-main ×11; example-other ×20,#/fixture/member-evidence,This conclusion rests on simulated evidence:Real check output ×1 Simul ‹ The rule proves only that the element has a storey or space assignment; it does not check that the receiving m › This conclusion rests on a confirmation that the two models are aligne
E233,1,T1 示例主线与 C2 必需,reviewed,10/8 已核,10/8 A 层已核，句子未变,N,,10-08 A,domain-517,D,范围限制,READY_NOTES,ceiling-and-bulkhead-geometry[1],"This conclusion rests on a confirmation that the two models are aligned, not on a shared positioning marker passing.",这个结论靠的是两侧模型的对齐确认，不是共享定位标记通过。,界面文字（为本界面所写）,,,,Y,,,Y,,,,Y,,,,,33,example-main ×13; example-other ×20,#/fixture/member-evidence,规则只证明构件有楼层或空间归属，没有验证接收方模型有对应楼层。 ‹ 这个结论靠的是两侧模型的对齐确认，不是共享定位标记通过。 › house fireplace cap ｜ 吊顶平面与包封布置：可以开始,31,example-main ×11; example-other ×20,#/fixture/member-evidence,"The rule proves only that the element has a storey or space assignment ‹ This conclusion rests on a confirmation that the two models are aligned, not on a shared positioning marker pa › house fireplace cap | Reflected ceiling and bulkhead layout: Ready"
E565,1,T1 示例主线与 C2 必需,reviewed,10/8 已核,10/8 A 层已核，句子未变,N,,10-08 A,additional-zh,U,#27／#31 中文终稿,REASON_GLOSSES,"The predefined type ""NOTDEFINED"" does not meet the required type",,预定义类型“NOTDEFINED”不属于要求的取值,界面文字（中文）,,,,N,,,,,,,,,本地结果页的代码能到达，本次渲染未触发（取决于用户自己的模型）,,,0,,,,0,,,
Z01,1,T1 示例主线与 C2 必需,changed,10/8 后改句，需重核,W10：属性集的释义：改为可执行的说法（让导出写出属性集和其中要求的属性）；#50 已改句（10/8 已核的是改前原句），需重核,Y,,,,D,,REASON_GLOSSES,The required property set does not exist,,所要求的属性集不存在（要让导出写出这个属性集以及其中所要求的属性，不是给已有属性填值）,界面文字（为本界面所写）,,,,Y,,,Y,,,,Y,,,,,36,example-main ×9; example-other ×27,#/fixture/member-evidence/item/2/2/0,原因 ‹ 所要求的属性集不存在（要补的是整个属性集，不是给已有属性填值） › The required property set does not exist,0,,,
Z02,1,T1 示例主线与 C2 必需,unindexed,D6 未列，是否已核待确认,D6 索引没有列（中文单语的释义表，英文显示原文）；10/8 BIM 读过这张表（W10 出自它），这一条是否已核请 BIM 确认,N,,,,D,,REASON_GLOSSES,Requirement satisfied.,,要求已满足,界面文字（为本界面所写）,,,,Y,,,Y,Y,,,Y,,,,,31,example-main ×6; local-result ×1; example-other ×24,#/fixture/recheck-requirement-relaxed/recheck/5/0,原因 ‹ 要求已满足 › Requirement satisfied.,0,,,
Z03,1,T1 示例主线与 C2 必需,unindexed,D6 未列，是否已核待确认,D6 索引没有列（中文单语的释义表，英文显示原文）；10/8 BIM 读过这张表（W10 出自它），这一条是否已核请 BIM 确认,N,,,,D,,REASON_GLOSSES,No applicable elements exist in this model.,,这个模型里没有这条要求适用的构件,界面文字（为本界面所写）,,,,Y,,,,Y,,,,,,,,2,local-result ×2,#/local/c653c7e0bb676a4a/finding/e43d5972-49ae-52ec-ba20-e6bda07966c6,PV-001 风口要声明四种预定义类型之一：不适用 ‹ 不适用：这个模型里没有这条要求适用的构件。不适用不是通过。 › 回到 Revit 找哪个对象,0,,,
E234,1,T1 示例主线与 C2 必需,batch-1015,10/15 批，未核,10/15 批，未核,Y,,10-15,domain-517,D,复检结果页,RECHECK,title,Recheck result,复检结果,界面文字（为本界面所写）,,,,Y,,,Y,,,,Y,Y,,,,134,secondary ×134,#/fixture/recheck-comparison/activity/0,← 记录上下文 ‹ 复检结果 › 活动：builders-work-openings,20,example-main ×2; example-other ×18,#/fixture/recheck-requirement-relaxed,"← Back to the examples ‹ Recheck result: items to deal with › Simulated example: The models did not change, but a handover conclusio"
E238,1,T1 示例主线与 C2 必需,batch-1015,10/15 批，未核,10/15 批，未核,Y,,10-15,domain-517,D,复检结果页,RECHECK,resultTitle,Recheck result: items to deal with,复检结果：需要处理的事项,界面文字（为本界面所写）,,,,Y,,,Y,,,,Y,,,,,20,example-main ×2; example-other ×18,#/fixture/recheck-requirement-relaxed,← 返回示例目录 ‹ 复检结果：需要处理的事项 › 模拟示例：模型未改，但交接判断发生变化,20,example-main ×2; example-other ×18,#/fixture/recheck-requirement-relaxed,"← Back to the examples ‹ Recheck result: items to deal with › Simulated example: The models did not change, but a handover conclusio"
E239,1,T1 示例主线与 C2 必需,batch-1015,10/15 批，未核,10/15 批，未核,Y,,10-15,domain-517,D,复检结果页,RECHECK,summary.one,This result: {count} item,本次结果：共 {count} 个事项,界面文字（为本界面所写）,,G023,,Y,,,Y,,,,Y,,,,,24,example-main ×4; example-other ×20,#/fixture/member-evidence,模拟示例：一次首次检查：交了模型，发现这些事项 ‹ 本次结果：共 13 个事项，其中 8 个需要处理 › 4 个事项：对应的那项工作 受阻,20,example-main ×2; example-other ×18,#/fixture/recheck-requirement-relaxed,"Simulated example: The models did not change, but a handover conclusio ‹ This result: 13 items › 7 items: the record gives an action"
E240,1,T1 示例主线与 C2 必需,batch-1015,10/15 批，未核,10/15 批，未核,Y,,10-15,domain-517,D,复检结果页,RECHECK,summary.other,This result: {count} items,本次结果：共 {count} 个事项,界面文字（为本界面所写）,,G023,,Y,,,Y,,,,Y,,,,,24,example-main ×4; example-other ×20,#/fixture/member-evidence,模拟示例：一次首次检查：交了模型，发现这些事项 ‹ 本次结果：共 13 个事项，其中 8 个需要处理 › 4 个事项：对应的那项工作 受阻,18,example-main ×2; example-other ×16,#/fixture/recheck-requirement-relaxed,"Simulated example: The models did not change, but a handover conclusio ‹ This result: 13 items › 7 items: the record gives an action"
E241,1,T1 示例主线与 C2 必需,batch-1015,10/15 批，未核,10/15 批，未核,Y,,10-15,domain-517,D,复检结果页,RECHECK,groupLine.one,{count} item,{count} 个事项,界面文字（为本界面所写）,,G024,,Y,,,Y,,,,Y,,,,,24,example-main ×4; example-other ×20,#/fixture/member-evidence,需要处理的事项，按处理团队（8 个事项） ‹ 处理团队 coordination-team 示例处理团队：6 个事项 › 默认处理角色（规则给出的默认，不是指派）：model-coordination 处理团队是记录里的安排，不代表已经派发。,6,example-main ×2; example-other ×4,#/fixture/member-evidence,Room data sheets and equipment schedules: Unknown ‹ 1 item › The project's required asset identity is missing
E242,1,T1 示例主线与 C2 必需,batch-1015,10/15 批，未核,10/15 批，未核,Y,,10-15,domain-517,D,复检结果页,RECHECK,groupLine.other,{count} items,{count} 个事项,界面文字（为本界面所写）,,G024,,Y,Y,Y,Y,,,,Y,,,,,24,example-main ×4; example-other ×20,#/fixture/member-evidence,需要处理的事项，按处理团队（8 个事项） ‹ 处理团队 coordination-team 示例处理团队：6 个事项 › 默认处理角色（规则给出的默认，不是指派）：model-coordination 处理团队是记录里的安排，不代表已经派发。,181,home ×1; catalogue ×1; example-main ×41; example-other ×138,#/,"Items still to be dealt with in a model handover ‹ For a BIM manager: what a pre-handover check found; after a recheck, which conclusions changed, which items st › Available now: simulated examples, and one limited product validation"
E243,1,T1 示例主线与 C2 必需,batch-1015,10/15 批，未核,10/15 批，未核,Y,,10-15,domain-517,D,复检结果页,RECHECK,groupSummary,: {summary},：{summary},界面文字（为本界面所写）,,,,Y,Y,Y,Y,Y,Y,Y,Y,Y,,,en、zh,458,example-main ×30; local-result ×16; local-start ×10; example-other ×125; secondary ×277,#/fixture/member-evidence,跳到正文 › 当前：中文,358,home ×1; catalogue ×1; example-main ×41; local-result ×16; local-start ×19; second-entry ×1; example-other ×138; secondary ×141,#/,Skip to the content › Current: English
E244,1,T1 示例主线与 C2 必需,batch-1015,10/15 批，未核,10/15 批，未核,Y,,10-15,domain-517,D,复检结果页,RECHECK,models,Models: {headline}.,模型：{headline}。,界面文字（为本界面所写）,,,,Y,,,Y,,,,Y,,,,,20,example-main ×2; example-other ×18,#/fixture/recheck-requirement-relaxed,6 个事项：记录没有给出后续处理动作 ‹ 模型：两侧模型都没有重新发布（版本未变）。 › 1 个事项的结论和复检前不同：,20,example-main ×2; example-other ×18,#/fixture/recheck-requirement-relaxed,6 items: the record gives no follow-up action ‹ Models: Neither model was re-issued (versions unchanged). › 1 item's conclusion differs from before the recheck:
E245,1,T1 示例主线与 C2 必需,batch-1015,10/15 批，未核,10/15 批，未核,Y,,10-15,domain-517,D,复检结果页,RECHECK,moved.one,{count} item's conclusion differs from before the recheck:,{count} 个事项的结论和复检前不同：,界面文字（为本界面所写）,,G025,,Y,,,Y,,,,Y,,,,,12,example-main ×2; example-other ×10,#/fixture/recheck-requirement-relaxed,模型：两侧模型都没有重新发布（版本未变）。 ‹ 1 个事项的结论和复检前不同： › building element ｜ 房间数据表与设备明细表：复检前 受阻 → 现在 可以开始,2,example-main ×2,#/fixture/recheck-requirement-relaxed,Models: Neither model was re-issued (versions unchanged). ‹ 1 item's conclusion differs from before the recheck: › building element | Room data sheets and equipment schedules: before th
E246,1,T1 示例主线与 C2 必需,batch-1015,10/15 批，未核,10/15 批，未核,Y,,10-15,domain-517,D,复检结果页,RECHECK,moved.other,{count} items' conclusions differ from before the recheck:,{count} 个事项的结论和复检前不同：,界面文字（为本界面所写）,,G025,,Y,,,Y,,,,Y,,,,,12,example-main ×2; example-other ×10,#/fixture/recheck-requirement-relaxed,模型：两侧模型都没有重新发布（版本未变）。 ‹ 1 个事项的结论和复检前不同： › building element ｜ 房间数据表与设备明细表：复检前 受阻 → 现在 可以开始,10,example-other ×10,#/fixture/recheck-member-gone,A determination made against an old version cannot be attributed to th ‹ 2 items' conclusions differ from before the recheck: › chimney cover | Reflected ceiling and bulkhead layout: before the rech
E247,1,T1 示例主线与 C2 必需,batch-1015,10/15 批，未核,10/15 批，未核,Y,,10-15,domain-517,D,复检结果页,RECHECK,requirementChanged,"Of the old evidence cited before the recheck ({count} in all), the check requirement changed for {edited}.",复检前引用的 {count} 条旧证据里，有 {edited} 条的检查要求变了。,界面文字（为本界面所写）,,,,Y,,,Y,,,,Y,,,,,4,example-main ×2; example-other ×2,#/fixture/recheck-requirement-relaxed,两侧模型都没有重新发布，这些项的判断却变了：变化不来自模型改动。每一项的旧证据写明变了的是什么。 ‹ 复检前引用的 15 条旧证据里，有 2 条的检查要求变了。 › 需要处理的事项（7 个事项）,4,example-main ×2; example-other ×2,#/fixture/recheck-requirement-relaxed,"Neither model was re-issued, yet these conclusions changed: the change ‹ Of the old evidence cited before the recheck (15 in all), the check requirement changed for 2. › Items to deal with (7 items)"
E248,1,T1 示例主线与 C2 必需,batch-1015,10/15 批，未核,10/15 批，未核,Y,,10-15,domain-517,D,复检结果页,RECHECK,groupHeading.one,{label} ({count} item),{label}（{count} 个事项）,界面文字（为本界面所写）,,G026,,Y,,,Y,,,,Y,,,,,24,example-main ×4; example-other ×20,#/fixture/member-evidence,一个事项是一个构件（或被放在一起评估的一对构件）在接收方的一项工作上的结论。同一个构件可以出现在几个事项里，所以事项数不是缺陷数。这份记录共 ‹ 需要处理的事项，按处理团队（8 个事项） › 处理团队 coordination-team 示例处理团队：6 个事项,2,example-other ×2,#/fixture/recheck-comparison,The record gives no action for any item. ‹ Items to check by hand (1 item) › The record does not say what these items' conclusions are now. An elem
E249,1,T1 示例主线与 C2 必需,batch-1015,10/15 批，未核,10/15 批，未核,Y,,10-15,domain-517,D,复检结果页,RECHECK,groupHeading.other,{label} ({count} items),{label}（{count} 个事项）,界面文字（为本界面所写）,,G026,,Y,,,Y,,,,Y,,,,,24,example-main ×4; example-other ×20,#/fixture/member-evidence,一个事项是一个构件（或被放在一起评估的一对构件）在接收方的一项工作上的结论。同一个构件可以出现在几个事项里，所以事项数不是缺陷数。这份记录共 ‹ 需要处理的事项，按处理团队（8 个事项） › 处理团队 coordination-team 示例处理团队：6 个事项,24,example-main ×4; example-other ×20,#/fixture/member-evidence,"An item is the conclusion for one element (or a pair of elements asses ‹ Items to deal with, by handling team (8 items) › Handling team coordination-team Example handling team: 6 items"
E250,1,T1 示例主线与 C2 必需,batch-1015,10/15 批，未核,10/15 批，未核,Y,,10-15,domain-517,D,复检结果页,RECHECK,cannotHeading,What this preview cannot do,本预览做不了的事,界面文字（为本界面所写）,,,,Y,,,Y,,,,Y,,,,,151,example-main ×28; example-other ×123,#/fixture/recheck-requirement-relaxed,记录同时显示：和这一项放在一起评估的旧证据里，有 2 条的检查要求变了；记录不说明是放宽还是收紧。读这个结论时要一并看，逐条见“复检前的证据 ‹ 本预览做不了的事 › 发起新的复检或上传新模型,150,example-main ×27; example-other ×123,#/fixture/recheck-requirement-relaxed,"The record also shows that, among the old evidence assessed together w ‹ What this preview cannot do › Start a new recheck or upload a new model"
E251,1,T1 示例主线与 C2 必需,batch-1015,10/15 批，未核,10/15 批，未核,Y,,10-15,domain-517,D,复检结果页,RECHECK,cannotNote,"These actions are not implemented, so the page has no buttons for them.",这些动作没有实现，所以页面上没有对应的按钮。,界面文字（为本界面所写）,,,,Y,,,Y,,,,Y,,,,,20,example-main ×2; example-other ×18,#/fixture/recheck-requirement-relaxed,导出复检记录 ‹ 这些动作没有实现，所以页面上没有对应的按钮。 › 如何阅读这一页,20,example-main ×2; example-other ×18,#/fixture/recheck-requirement-relaxed,"Export a recheck record ‹ These actions are not implemented, so the page has no buttons for them. › How to read this page"
E252,1,T1 示例主线与 C2 必需,batch-1015,10/15 批，未核,10/15 批，未核,Y,,10-15,domain-517,D,复检结果页,RECHECK,limitsHeading,When reading a recheck result,读复检结果时,界面文字（为本界面所写）,,,,Y,,,Y,,,,Y,,,,,151,example-main ×28; example-other ×123,#/fixture/recheck-requirement-relaxed,处理团队取自记录里的人员安排；默认处理角色是规则给出的默认，是安排的输入，不是指派。两者分开显示。 ‹ 读复检结果时 › “比较依据一致”不代表整个交接不用复核。,150,example-main ×27; example-other ×123,#/fixture/recheck-requirement-relaxed,"The handling team is taken from the staffing in the record; the defaul ‹ When reading a recheck result › ""Comparison basis unchanged"" does not mean the whole handover needs no"
E253,1,T1 示例主线与 C2 必需,batch-1015,10/15 批，未核,10/15 批，未核,Y,,10-15,domain-517,D,复检结果页,RECHECK,sideModel,{side} model,{side}模型,界面文字（为本界面所写）,,,,Y,Y,Y,Y,Y,Y,Y,Y,Y,,,zh,458,example-main ×30; local-result ×16; local-start ×10; example-other ×125; secondary ×277,#/fixture/member-evidence,跳到正文 › 当前：中文,358,home ×1; catalogue ×1; example-main ×41; local-result ×16; local-start ×19; second-entry ×1; example-other ×138; secondary ×141,#/,"English ‹ Items still to be dealt with in a model handover › For a BIM manager: what a pre-handover check found; after a recheck, w"
E254,1,T1 示例主线与 C2 必需,batch-1015,10/15 批，未核,10/15 批，未核,Y,,10-15,domain-517,D,复检结果页,RECHECK,detailsSummary,"Before-and-after details: models, items, old evidence",复检前后的比较明细：模型、事项、旧证据,界面文字（为本界面所写）,,,,Y,,,Y,,,,Y,,,,,20,example-main ×2; example-other ×18,#/fixture/recheck-requirement-relaxed,“无法比较”不是“证据缺失”：旧记录没保存比较依据时，本页如实显示无法比较。 ‹ 复检前后的比较明细：模型、事项、旧证据 › 模型,20,example-main ×2; example-other ×18,#/fixture/recheck-requirement-relaxed,"""Cannot be compared"" is not ""evidence missing"": where the old record k ‹ Before-and-after details: models, items, old evidence › Models"
E255,1,T1 示例主线与 C2 必需,same-reviewed,同句已核,10/15 批，未核；句子与已核 E477 逐字相同,N,句子与已核 E477 逐字相同,10-15,domain-517,D,复检结果页,RECHECK,modelsHeading,Models,模型,界面文字（为本界面所写）,G027,G028,,Y,,,Y,Y,Y,,Y,Y,,,,320,example-main ×28; local-result ×16; local-start ×10; example-other ×123; secondary ×143,#/fixture/recheck-requirement-relaxed,返回首页 ‹ 随附的模拟示例，不是你的模型；团队等项目设定为演示用，不能用于正式项目决定。 这份记录的结论引用了：真实检查输出、模拟的检查结果、模拟的人工判定，逐条标在结论旁的“依据”一行。 来源说明 › 模拟示例：示例中的项目设定，包括处理团队安排、证据方法的接受等，是演示用设定，不代表真实项目决定；一个结论的证据可能是真实检查的结果、模拟的,176,example-main ×27; local-result ×16; local-start ×10; example-other ×123,#/fixture/recheck-requirement-relaxed,6 items: the record gives no follow-up action ‹ Models: Neither model was re-issued (versions unchanged). › 1 item's conclusion differs from before the recheck:
E256,1,T1 示例主线与 C2 必需,batch-1015,10/15 批，未核,10/15 批，未核,Y,,10-15,domain-517,D,复检结果页,RECHECK,itemsHeading.one,"The item in the record before the recheck ({count}), and where it stands now",复检前记录里的事项（{count} 个），现在的情况,界面文字（为本界面所写）,,G029,,Y,,,Y,,,,Y,,,,,20,example-main ×2; example-other ×18,#/fixture/recheck-requirement-relaxed,本页只说明哪一侧变了、记录证明了什么，不根据重新发布的方向预判好坏。 ‹ 复检前记录里的事项（13 个），现在的情况 › 仍在本次检查范围内；判断与条件另看 × 13,2,example-other ×2,#/fixture/recheck-comparison,"This page only says which side changed and what the record shows; it d ‹ The item in the record before the recheck (1), and where it stands now › These two elements are no longer paired for checking; that does not me"
E257,1,T1 示例主线与 C2 必需,batch-1015,10/15 批，未核,10/15 批，未核,Y,,10-15,domain-517,D,复检结果页,RECHECK,itemsHeading.other,"The items in the record before the recheck ({count}), and where they stand now",复检前记录里的事项（{count} 个），现在的情况,界面文字（为本界面所写）,,G029,,Y,,,Y,,,,Y,,,,,20,example-main ×2; example-other ×18,#/fixture/recheck-requirement-relaxed,本页只说明哪一侧变了、记录证明了什么，不根据重新发布的方向预判好坏。 ‹ 复检前记录里的事项（13 个），现在的情况 › 仍在本次检查范围内；判断与条件另看 × 13,18,example-main ×2; example-other ×16,#/fixture/recheck-requirement-relaxed,"This page only says which side changed and what the record shows; it d ‹ The items in the record before the recheck (13), and where they stand now › Still in this check's scope; conclusion and condition are read separat"
E258,1,T1 示例主线与 C2 必需,batch-1015,10/15 批，未核,10/15 批，未核,Y,,10-15,domain-517,D,复检结果页,RECHECK,evidenceHeading.one,"The old evidence cited before the recheck ({count} row), compared with this record",复检前引用的旧证据（{count} 条），和本次记录比较的结果,界面文字（为本界面所写）,,G030,,Y,,,Y,,,,Y,,,,,20,example-main ×2; example-other ×18,#/fixture/recheck-requirement-relaxed,仍在本次检查范围内；判断与条件另看 × 13 ‹ 复检前引用的旧证据（15 条），和本次记录比较的结果 › 检查结果和人工判定是两种证据，分开计数，不相加。,0,,,
E259,1,T1 示例主线与 C2 必需,batch-1015,10/15 批，未核,10/15 批，未核,Y,,10-15,domain-517,D,复检结果页,RECHECK,evidenceHeading.other,"The old evidence cited before the recheck ({count} rows), compared with this record",复检前引用的旧证据（{count} 条），和本次记录比较的结果,界面文字（为本界面所写）,,G030,,Y,,,Y,,,,Y,,,,,20,example-main ×2; example-other ×18,#/fixture/recheck-requirement-relaxed,仍在本次检查范围内；判断与条件另看 × 13 ‹ 复检前引用的旧证据（15 条），和本次记录比较的结果 › 检查结果和人工判定是两种证据，分开计数，不相加。,20,example-main ×2; example-other ×18,#/fixture/recheck-requirement-relaxed,"Still in this check's scope; conclusion and condition are read separat ‹ The old evidence cited before the recheck (15 rows), compared with this record › Check results and human determinations are two kinds of evidence, coun"
E260,1,T1 示例主线与 C2 必需,batch-1015,10/15 批，未核,10/15 批，未核,Y,,10-15,domain-517,D,复检结果页,RECHECK,kindsNote,"Check results and human determinations are two kinds of evidence, counted apart and never added together.",检查结果和人工判定是两种证据，分开计数，不相加。,界面文字（为本界面所写）,,,,Y,,,Y,,,,Y,,,,,20,example-main ×2; example-other ×18,#/fixture/recheck-requirement-relaxed,复检前引用的旧证据（15 条），和本次记录比较的结果 ‹ 检查结果和人工判定是两种证据，分开计数，不相加。 › 检查结果引用（9 条）,20,example-main ×2; example-other ×18,#/fixture/recheck-requirement-relaxed,"The old evidence cited before the recheck (15 rows), compared with thi ‹ Check results and human determinations are two kinds of evidence, counted apart and never added together. › Check-result citation (9 rows)"
E261,1,T1 示例主线与 C2 必需,batch-1015,10/15 批，未核,10/15 批，未核,Y,,10-15,domain-517,D,复检结果页,RECHECK,traceSummary,"Tracing: record identity, model version fingerprints, record codes",追溯信息：记录标识、模型版本指纹、记录原码对照,界面文字（为本界面所写）,,,,Y,,,Y,,,,Y,,,,,20,example-main ×2; example-other ×18,#/fixture/recheck-requirement-relaxed,这条旧证据在本次记录里有唯一对应的一条，但至少有一个方面不同。结果读起来相同，也仍然算有变化；变了的是哪些方面，见这一条的说明。 ‹ 追溯信息：记录标识、模型版本指纹、记录原码对照 › 这份记录的请求范围、版本与来源（该页尚未改版，仍是内部用语）,20,example-main ×2; example-other ×18,#/fixture/recheck-requirement-relaxed,"This old evidence has exactly one counterpart in this record, but at l ‹ Tracing: record identity, model version fingerprints, record codes › This record's requested scope, versions and sources (Chinese only: tha"
E262,1,T1 示例主线与 C2 必需,batch-1015,10/15 批，未核,10/15 批，未核,Y,,10-15,domain-517,D,复检结果页,RECHECK,priorDigest,Fingerprint of the record before the recheck (assessment digest),复检前记录的指纹（assessment digest）,界面文字（为本界面所写）,,,,Y,,,Y,,,,Y,,,,,20,example-main ×2; example-other ×18,#/fixture/recheck-requirement-relaxed,recheck ‹ 复检前记录的指纹（assessment digest） › 6c524a06485f4f309a54ce76ce9ba39a628ba8f49d777d33c5e841fe348282e0复制,20,example-main ×2; example-other ×18,#/fixture/recheck-requirement-relaxed,recheck ‹ Fingerprint of the record before the recheck (assessment digest) › 6c524a06485f4f309a54ce76ce9ba39a628ba8f49d777d33c5e841fe348282e0Copy
E263,1,T1 示例主线与 C2 必需,batch-1015,10/15 批，未核,10/15 批，未核,Y,,10-15,domain-517,D,复检结果页,RECHECK,currentDigest,Fingerprint of this record (assessment digest),本记录的指纹（assessment digest）,界面文字（为本界面所写）,,,,Y,,,Y,,,,Y,,,,,20,example-main ×2; example-other ×18,#/fixture/recheck-requirement-relaxed,6c524a06485f4f309a54ce76ce9ba39a628ba8f49d777d33c5e841fe348282e0复制 ‹ 本记录的指纹（assessment digest） › 506bf207cd74279a0e895ffe8f72db743bf63159f8aa8262c06818a7b1658bb5复制,20,example-main ×2; example-other ×18,#/fixture/recheck-requirement-relaxed,6c524a06485f4f309a54ce76ce9ba39a628ba8f49d777d33c5e841fe348282e0Copy ‹ Fingerprint of this record (assessment digest) › 506bf207cd74279a0e895ffe8f72db743bf63159f8aa8262c06818a7b1658bb5Copy
E264,1,T1 示例主线与 C2 必需,batch-1015,10/15 批，未核,10/15 批，未核,Y,,10-15,domain-517,D,复检结果页,RECHECK,noChange,(an empty list in the record: no model changed),（记录中为空列表：没有模型变化）,界面文字（为本界面所写）,,,,Y,,,Y,,,,Y,,,,,10,example-main ×2; example-other ×8,#/fixture/recheck-requirement-relaxed,changed_models ‹ （记录中为空列表：没有模型变化） › 复检前记录,10,example-main ×2; example-other ×8,#/fixture/recheck-requirement-relaxed,changed_models ‹ (an empty list in the record: no model changed) › Side
E265,1,T1 示例主线与 C2 必需,batch-1015,10/15 批，未核,10/15 批，未核,Y,,10-15,domain-517,D,复检结果页,RECHECK,versionColumns.side,Side,,界面文字（为本界面所写）,,,,Y,,,Y,,,,Y,,,,,0,,,,20,example-main ×2; example-other ×18,#/fixture/recheck-requirement-relaxed,This recheck uses the same pair of model versions as the original reco ‹ Side of the handover › Role (from this request's handover)
E266,1,T1 示例主线与 C2 必需,batch-1015,10/15 批，未核,10/15 批，未核,Y,,10-15,domain-517,D,复检结果页,RECHECK,versionColumns.prior,Record before the recheck,复检前记录,界面文字（为本界面所写）,,,,Y,,,Y,,,,Y,,,,,20,example-main ×2; example-other ×18,#/fixture/recheck-requirement-relaxed,本页只说明哪一侧变了、记录证明了什么，不根据重新发布的方向预判好坏。 ‹ 复检前记录里的事项（13 个），现在的情况 › 仍在本次检查范围内；判断与条件另看 × 13,20,example-main ×2; example-other ×18,#/fixture/recheck-requirement-relaxed,Side ‹ Record before the recheck › This record
E267,1,T1 示例主线与 C2 必需,batch-1015,10/15 批，未核,10/15 批，未核,Y,,10-15,domain-517,D,复检结果页,RECHECK,versionColumns.current,This record,本记录,界面文字（为本界面所写）,,,,Y,,,Y,,,,Y,,,,,20,example-main ×2; example-other ×18,#/fixture/recheck-requirement-relaxed,6c524a06485f4f309a54ce76ce9ba39a628ba8f49d777d33c5e841fe348282e0复制 ‹ 本记录的指纹（assessment digest） › 506bf207cd74279a0e895ffe8f72db743bf63159f8aa8262c06818a7b1658bb5复制,20,example-main ×2; example-other ×18,#/fixture/recheck-requirement-relaxed,"Back to the home page ‹ A simulated example shipped with the tool, not your model; project settings such as teams are for demonstratio › Simulated example: the project settings in the example, including the"
E268,1,T1 示例主线与 C2 必需,batch-1015,10/15 批，未核,10/15 批，未核,Y,,10-15,domain-517,D,复检结果页,RECHECK,versionNote,"A version is a content fingerprint, not a file name. Which side changed is taken from the record's changed_models; this page does not compare fingerprints.",版本以内容指纹表示，不以文件名当版本。哪一侧变了取自记录的 changed_models，本页不比较指纹。,界面文字（为本界面所写）,,,,Y,,,Y,,,,Y,,,,,20,example-main ×2; example-other ×18,#/fixture/recheck-requirement-relaxed,architecture 3ff9b10bd00c7b96dded51e7ca5a6b69efbea38b049adcdd05fcd247d ‹ 版本以内容指纹表示，不以文件名当版本。哪一侧变了取自记录的 changed_models，本页不比较指纹。 › 事项现在的情况：记录原码,20,example-main ×2; example-other ×18,#/fixture/recheck-requirement-relaxed,"architecture 3ff9b10bd00c7b96dded51e7ca5a6b69efbea38b049adcdd05fcd247d ‹ A version is a content fingerprint, not a file name. Which side changed is taken from the record's changed_mod › Where items stand now: record codes"
E269,1,T1 示例主线与 C2 必需,batch-1015,10/15 批，未核,10/15 批，未核,Y,,10-15,domain-517,D,复检结果页,RECHECK,glossaryDispositions,Where items stand now: record codes,事项现在的情况：记录原码,界面文字（为本界面所写）,,,,Y,,,Y,,,,Y,,,,,20,example-main ×2; example-other ×18,#/fixture/recheck-requirement-relaxed,版本以内容指纹表示，不以文件名当版本。哪一侧变了取自记录的 changed_models，本页不比较指纹。 ‹ 事项现在的情况：记录原码 › 记录里的代码,20,example-main ×2; example-other ×18,#/fixture/recheck-requirement-relaxed,"A version is a content fingerprint, not a file name. Which side change ‹ Where items stand now: record codes › Code in the record"
E270,1,T1 示例主线与 C2 必需,batch-1015,10/15 批，未核,10/15 批，未核,Y,,10-15,domain-517,D,复检结果页,RECHECK,glossaryConditions,"Conditions left before the recheck: state codes (there is no ""the whole condition is met"")",复检前留下的条件：状态原码（没有“整句条件已满足”）,界面文字（为本界面所写）,,,,Y,,,Y,,,,Y,,,,,20,example-main ×2; example-other ×18,#/fixture/recheck-requirement-relaxed,本次未声明该范围，不等于问题解除 ‹ 复检前留下的条件：状态原码（没有“整句条件已满足”） › 记录里的代码,20,example-main ×2; example-other ×18,#/fixture/recheck-requirement-relaxed,"This scope was not declared this time; that does not mean the problem  ‹ Conditions left before the recheck: state codes (there is no ""the whole condition is met"") › Code in the record"
E271,1,T1 示例主线与 C2 必需,batch-1015,10/15 批，未核,10/15 批，未核,Y,,10-15,domain-517,D,复检结果页,RECHECK,glossaryStates,Old-evidence comparison: state codes,旧证据比较：状态原码,界面文字（为本界面所写）,,,,Y,,,Y,,,,Y,,,,,20,example-main ×2; example-other ×18,#/fixture/recheck-requirement-relaxed,原记录没有复检条件 ‹ 旧证据比较：状态原码 › 记录里的代码,20,example-main ×2; example-other ×18,#/fixture/recheck-requirement-relaxed,The original record had no recheck condition ‹ Old-evidence comparison: state codes › Code in the record
E272,1,T1 示例主线与 C2 必需,batch-1015,10/15 批，未核,10/15 批，未核,Y,,10-15,domain-517,D,复检结果页,RECHECK,glossaryReasons,Old-evidence comparison: reason codes,旧证据比较：原因原码,界面文字（为本界面所写）,,,,Y,,,Y,,,,Y,,,,,20,example-main ×2; example-other ×18,#/fixture/recheck-requirement-relaxed,现有依据不足以比较 ‹ 旧证据比较：原因原码 › 记录里的代码,20,example-main ×2; example-other ×18,#/fixture/recheck-requirement-relaxed,Not enough basis to compare ‹ Old-evidence comparison: reason codes › Code in the record
E273,1,T1 示例主线与 C2 必需,batch-1015,10/15 批，未核,10/15 批，未核,Y,,10-15,domain-517,D,复检结果页,RECHECK,glossaryAspects,Aspects that changed: codes,变化方面：原码,界面文字（为本界面所写）,,,,Y,,,Y,,,,Y,,,,,20,example-main ×2; example-other ×18,#/fixture/recheck-requirement-relaxed,模型版本已经变化，原判定是针对旧版本作出的，不能归到当前版本。不是证据不存在，也不是原判定错误；需要针对当前版本的判定。 ‹ 变化方面：原码 › 记录里的代码,20,example-main ×2; example-other ×18,#/fixture/recheck-requirement-relaxed,"The model version has changed, and the original determination was made ‹ Aspects that changed: codes › Code in the record"
E274,1,T1 示例主线与 C2 必需,reviewed,10/8 已核,10/8 A 层已核，句子未变,N,,10-08 A,domain-517,D,范围限制,RECHECK_CANNOT,[0],Start a new recheck or upload a new model,发起新的复检或上传新模型,界面文字（为本界面所写）,,,,Y,,,Y,,,,Y,,,,,151,example-main ×28; example-other ×123,#/fixture/recheck-requirement-relaxed,本预览做不了的事 ‹ 发起新的复检或上传新模型 › 把事项标记为已解决、关闭或接受风险,150,example-main ×27; example-other ×123,#/fixture/recheck-requirement-relaxed,"What this preview cannot do ‹ Start a new recheck or upload a new model › Mark an item resolved, closed or risk-accepted"
E275,1,T1 示例主线与 C2 必需,reviewed,10/8 已核,10/8 A 层已核，句子未变,N,,10-08 A,domain-517,D,范围限制,RECHECK_CANNOT,[1],"Mark an item resolved, closed or risk-accepted",把事项标记为已解决、关闭或接受风险,界面文字（为本界面所写）,,,,Y,,,Y,,,,Y,,,,,151,example-main ×28; example-other ×123,#/fixture/recheck-requirement-relaxed,发起新的复检或上传新模型 ‹ 把事项标记为已解决、关闭或接受风险 › 指派或通知责任人,150,example-main ×27; example-other ×123,#/fixture/recheck-requirement-relaxed,"Start a new recheck or upload a new model ‹ Mark an item resolved, closed or risk-accepted › Assign or notify anyone"
E276,1,T1 示例主线与 C2 必需,reviewed,10/8 已核,10/8 A 层已核，句子未变,N,,10-08 A,domain-517,D,范围限制,RECHECK_CANNOT,[2],Assign or notify anyone,指派或通知责任人,界面文字（为本界面所写）,,,,Y,,,Y,,,,Y,,,,,151,example-main ×28; example-other ×123,#/fixture/recheck-requirement-relaxed,把事项标记为已解决、关闭或接受风险 ‹ 指派或通知责任人 › 在 Revit 中打开或定位构件,150,example-main ×27; example-other ×123,#/fixture/recheck-requirement-relaxed,"Mark an item resolved, closed or risk-accepted ‹ Assign or notify anyone › Open or locate an element in Revit"
E277,1,T1 示例主线与 C2 必需,reviewed,10/8 已核,10/8 A 层已核，句子未变,N,,10-08 A,domain-517,D,范围限制,RECHECK_CANNOT,[3],Open or locate an element in Revit,在 Revit 中打开或定位构件,界面文字（为本界面所写）,,,,Y,,,Y,,,,Y,,,,,151,example-main ×28; example-other ×123,#/fixture/recheck-requirement-relaxed,指派或通知责任人 ‹ 在 Revit 中打开或定位构件 › 导出复检记录,150,example-main ×27; example-other ×123,#/fixture/recheck-requirement-relaxed,Assign or notify anyone ‹ Open or locate an element in Revit › Export a recheck record
E278,1,T1 示例主线与 C2 必需,reviewed,10/8 已核,10/8 A 层已核，句子未变,N,,10-08 A,domain-517,D,范围限制,RECHECK_CANNOT,[4],Export a recheck record,导出复检记录,界面文字（为本界面所写）,,,,Y,,,Y,,,,Y,,,,,151,example-main ×28; example-other ×123,#/fixture/recheck-requirement-relaxed,在 Revit 中打开或定位构件 ‹ 导出复检记录 › 这些动作没有实现，所以页面上没有对应的按钮。,150,example-main ×27; example-other ×123,#/fixture/recheck-requirement-relaxed,"Open or locate an element in Revit ‹ Export a recheck record › These actions are not implemented, so the page has no buttons for them"
E280,1,T1 示例主线与 C2 必需,b-tier,B 层，10/8 未核,B 层，10/8 未核（让到 10/15）,Y,,10-08 B,domain-517,D,复检单项页（含复检前的结束条件）,RECHECK_ITEM,back,← Back to the recheck items (to this item's place),← 返回复检事项列表（回到这一项的位置）,界面文字（为本界面所写）,,,,Y,,,Y,,,,Y,,,,,131,example-main ×26; example-other ×105,#/fixture/recheck-requirement-relaxed/recheck/0/0,模拟示例：示例中的项目设定，包括处理团队安排、证据方法的接受等，是演示用设定，不代表真实项目决定；一个结论的证据可能是真实检查的结果、模拟的 ‹ ← 返回复检事项列表（回到这一项的位置） › 复检事项 · 一个构件,130,example-main ×25; example-other ×105,#/fixture/recheck-requirement-relaxed/recheck/0/0,"Simulated example: the project settings in the example, including the  ‹ ← Back to the recheck items (to this item's place) › Recheck item · One element"
E281,1,T1 示例主线与 C2 必需,b-tier,B 层，10/8 未核,B 层，10/8 未核（让到 10/15）,Y,,10-08 B,domain-517,D,复检单项页（含复检前的结束条件）,RECHECK_ITEM,kicker,Recheck item · {count},复检事项 · {count},界面文字（为本界面所写）,,,,Y,,,Y,,,,Y,,,,,131,example-main ×26; example-other ×105,#/fixture/recheck-requirement-relaxed/recheck/0/0,← 返回复检事项列表（回到这一项的位置） ‹ 复检事项 · 一个构件 › building element,130,example-main ×25; example-other ×105,#/fixture/recheck-requirement-relaxed/recheck/0/0,← Back to the recheck items (to this item's place) ‹ Recheck item · One element › building element
E283,1,T1 示例主线与 C2 必需,same-reviewed,同句已核,B 层，10/8 未核（让到 10/15）；句子与已核 E477 逐字相同,N,句子与已核 E477 逐字相同,10-08 B,domain-517,D,复检单项页（含复检前的结束条件）,RECHECK_ITEM,model,Models,模型,界面文字（为本界面所写）,G027,G028,,Y,,,Y,Y,Y,,Y,Y,,,,320,example-main ×28; local-result ×16; local-start ×10; example-other ×123; secondary ×143,#/fixture/recheck-requirement-relaxed,返回首页 ‹ 随附的模拟示例，不是你的模型；团队等项目设定为演示用，不能用于正式项目决定。 这份记录的结论引用了：真实检查输出、模拟的检查结果、模拟的人工判定，逐条标在结论旁的“依据”一行。 来源说明 › 模拟示例：示例中的项目设定，包括处理团队安排、证据方法的接受等，是演示用设定，不代表真实项目决定；一个结论的证据可能是真实检查的结果、模拟的,176,example-main ×27; local-result ×16; local-start ×10; example-other ×123,#/fixture/recheck-requirement-relaxed,6 items: the record gives no follow-up action ‹ Models: Neither model was re-issued (versions unchanged). › 1 item's conclusion differs from before the recheck:
E284,1,T1 示例主线与 C2 必需,b-tier,B 层，10/8 未核,B 层，10/8 未核（让到 10/15）,Y,,10-08 B,domain-517,D,复检单项页（含复检前的结束条件）,RECHECK_ITEM,actionHeading,"2. What to do, who deals with it, what a recheck must show",二、要做什么、由谁处理、完成后拿什么复检,界面文字（为本界面所写）,G031,G031,,Y,,,Y,,,,Y,,,,,147,example-main ×34; example-other ×113,#/fixture/member-evidence/item/0/2/0,要知道交出方的构件在哪里穿过墙、楼板和屋顶，才能在这些构件上开洞。 ‹ 二、要做什么、由谁处理、完成后拿什么复检 › 要做什么,146,example-main ×33; example-other ×113,#/fixture/member-evidence/item/0/2/0,"Needs to know where MEP penetrates architectural fabric, so openings c ‹ 2. What to do, who deals with it, what a recheck must show › What to do"
E285,1,T1 示例主线与 C2 必需,b-tier,B 层，10/8 未核,B 层，10/8 未核（让到 10/15）,Y,,10-08 B,domain-517,D,复检单项页（含复检前的结束条件）,RECHECK_ITEM,whichOne,3. Which element,三、是哪个构件,界面文字（为本界面所写）,,,,Y,,,Y,,,,Y,,,,,132,example-main ×33; example-other ×99,#/fixture/member-evidence/item/0/1/0,记录没有为这一项给出后续处理动作、处理团队或默认处理角色。 ‹ 三、是哪个构件 › building element,130,example-main ×31; example-other ×99,#/fixture/member-evidence/item/0/1/0,"The record gives no follow-up action, handling team or default handlin ‹ 3. Which element › building element"
E286,1,T1 示例主线与 C2 必需,b-tier,B 层，10/8 未核,B 层，10/8 未核（让到 10/15）,Y,,10-08 B,domain-517,D,复检单项页（含复检前的结束条件）,RECHECK_ITEM,whichTwo,3. Which two elements,三、是哪两个构件,界面文字（为本界面所写）,,,,Y,,,Y,,,,Y,,,,,25,example-main ×6; example-other ×19,#/fixture/member-evidence/item/0/3/0,记录没有为这一项给出后续处理动作、处理团队或默认处理角色。 ‹ 三、是哪两个构件 › house - chimney,25,example-main ×6; example-other ×19,#/fixture/member-evidence/item/0/3/0,"The record gives no follow-up action, handling team or default handlin ‹ 3. Which two elements › house - chimney"
E288,1,T1 示例主线与 C2 必需,b-tier,B 层，10/8 未核,B 层，10/8 未核（让到 10/15）,Y,,10-08 B,domain-517,D,复检单项页（含复检前的结束条件）,RECHECK_ITEM,conditionHeading,4. Was the exit condition left before the recheck reached this time?,四、复检前留下的结束条件，这次达到了吗,界面文字（为本界面所写）,,,,Y,,,Y,,,,Y,,,,,131,example-main ×26; example-other ×105,#/fixture/recheck-requirement-relaxed/recheck/0/0,名称取自模型文件本身，可能为空，也可能与别的构件重名；要在模型里定位，请用 GlobalId。 ‹ 四、复检前留下的结束条件，这次达到了吗 › 原记录没有复检条件：原来的判断没有留下待办。,130,example-main ×25; example-other ×105,#/fixture/recheck-requirement-relaxed/recheck/0/0,The name is taken from the model file itself; it may be empty or share ‹ 4. Was the exit condition left before the recheck reached this time? › The original record had no recheck condition: the original conclusion
E289,1,T1 示例主线与 C2 必需,b-tier,B 层，10/8 未核,B 层，10/8 未核（让到 10/15）,Y,,10-08 B,domain-517,D,复检单项页（含复检前的结束条件）,RECHECK_ITEM,priorCondition,The exit condition left before the recheck: {text},复检前留下的结束条件：{text}。,界面文字（为本界面所写）,,,,Y,,,Y,,,,Y,,,,,81,example-main ×16; example-other ×65,#/fixture/recheck-requirement-relaxed/recheck/1/0,原复检条件没有机器能检查的部分，需要人阅读原条件并判断；记录对它不下结论。 ‹ 复检前留下的结束条件：针对所列模型版本，有一份评审判定记录。 › 这里只说复检前留下的结束条件被证明到了什么程度，与现在的结论分开读：结论变了，不等于原条件已满足。,81,example-main ×16; example-other ×65,#/fixture/recheck-requirement-relaxed/recheck/1/0,The original recheck condition has no part a machine can check; a pers ‹ The exit condition left before the recheck: A recorded review determination exists for the model versions list › This says only how far the exit condition left before the recheck has
E291,1,T1 示例主线与 C2 必需,b-tier,B 层，10/8 未核,B 层，10/8 未核（让到 10/15）,Y,,10-08 B,domain-517,D,复检单项页（含复检前的结束条件）,RECHECK_ITEM,conditionNote,This says only how far the exit condition left before the recheck has been shown to be reached; read it apart from the conclusion now. A changed conclusion does not mean the original condition is met.,这里只说复检前留下的结束条件被证明到了什么程度，与现在的结论分开读：结论变了，不等于原条件已满足。,界面文字（为本界面所写）,,,,Y,,,Y,,,,Y,,,,,131,example-main ×26; example-other ×105,#/fixture/recheck-requirement-relaxed/recheck/0/0,原记录没有复检条件：原来的判断没有留下待办。 ‹ 这里只说复检前留下的结束条件被证明到了什么程度，与现在的结论分开读：结论变了，不等于原条件已满足。 › 来源原文（英文）与记录原码：供追溯，不是操作指令,130,example-main ×25; example-other ×105,#/fixture/recheck-requirement-relaxed/recheck/0/0,"The original record had no recheck condition: the original conclusion  ‹ This says only how far the exit condition left before the recheck has been shown to be reached; read it apart  › Source wording and record codes: for tracing, not an instruction"
E292,1,T1 示例主线与 C2 必需,b-tier,B 层，10/8 未核,B 层，10/8 未核（让到 10/15）,Y,,10-08 B,domain-517,D,复检单项页（含复检前的结束条件）,RECHECK_ITEM,originalSummary,"Source wording and record codes: for tracing, not an instruction",来源原文（英文）与记录原码：供追溯，不是操作指令,界面文字（为本界面所写）,,,,Y,,,Y,,,,Y,,,,,131,example-main ×26; example-other ×105,#/fixture/recheck-requirement-relaxed/recheck/0/0,这里只说复检前留下的结束条件被证明到了什么程度，与现在的结论分开读：结论变了，不等于原条件已满足。 ‹ 来源原文（英文）与记录原码：供追溯，不是操作指令 › prior_recheck_condition,130,example-main ×25; example-other ×105,#/fixture/recheck-requirement-relaxed/recheck/0/0,"This says only how far the exit condition left before the recheck has  ‹ Source wording and record codes: for tracing, not an instruction › prior_recheck_condition"
E293,1,T1 示例主线与 C2 必需,b-tier,B 层，10/8 未核,B 层，10/8 未核（让到 10/15）,Y,,10-08 B,domain-517,D,复检单项页（含复检前的结束条件）,RECHECK_ITEM,conditionBasis,condition_basis (as written),condition_basis（原文）,界面文字（为本界面所写）,,,,Y,,,Y,,,,Y,,,,,131,example-main ×26; example-other ×105,#/fixture/recheck-requirement-relaxed/recheck/0/0,"no-recheck-condition 原记录没有复检条件 ‹ condition_basis（原文） › the cited subscope is READY and carries no resolution route, so there",130,example-main ×25; example-other ×105,#/fixture/recheck-requirement-relaxed/recheck/0/0,"no-recheck-condition The original record had no recheck condition ‹ condition_basis (as written) › the cited subscope is READY and carries no resolution route, so there"
E294,1,T1 示例主线与 C2 必需,b-tier,B 层，10/8 未核,B 层，10/8 未核（让到 10/15）,Y,,10-08 B,domain-517,D,复检单项页（含复检前的结束条件）,RECHECK_ITEM,evidenceHeading,5. The evidence before the recheck,五、复检前的证据,界面文字（为本界面所写）,,,,Y,,,Y,,,,Y,,,,,131,example-main ×26; example-other ×105,#/fixture/recheck-requirement-relaxed/recheck/0/0,penetration-determination ‹ 五、复检前的证据 › 和这一项放在一起评估的旧证据共 1 条。,130,example-main ×25; example-other ×105,#/fixture/recheck-requirement-relaxed/recheck/0/0,penetration-determination ‹ 5. The evidence before the recheck › 1 piece of old evidence was assessed together with this item.
E295,1,T1 示例主线与 C2 必需,b-tier,B 层，10/8 未核,B 层，10/8 未核（让到 10/15）,Y,,10-08 B,domain-517,D,复检单项页（含复检前的结束条件）,RECHECK_ITEM,evidenceCount.one,{count} piece of old evidence was assessed together with this item,和这一项放在一起评估的旧证据共 {count} 条,界面文字（为本界面所写）,,G032,,Y,,,Y,,,,Y,,,,,91,example-main ×18; example-other ×73,#/fixture/recheck-requirement-relaxed/recheck/0/0,五、复检前的证据 ‹ 和这一项放在一起评估的旧证据共 1 条。 › 复检前引用的证据，来源：模拟的人工判定 ×1,10,example-main ×2; example-other ×8,#/fixture/recheck-requirement-relaxed/recheck/0/0,"5. The evidence before the recheck ‹ 1 piece of old evidence was assessed together with this item. › Evidence cited before the recheck, by source: Simulated human determin"
E296,1,T1 示例主线与 C2 必需,b-tier,B 层，10/8 未核,B 层，10/8 未核（让到 10/15）,Y,,10-08 B,domain-517,D,复检单项页（含复检前的结束条件）,RECHECK_ITEM,evidenceCount.other,{count} pieces of old evidence were assessed together with this item,和这一项放在一起评估的旧证据共 {count} 条,界面文字（为本界面所写）,,G032,,Y,,,Y,,,,Y,,,,,91,example-main ×18; example-other ×73,#/fixture/recheck-requirement-relaxed/recheck/0/0,五、复检前的证据 ‹ 和这一项放在一起评估的旧证据共 1 条。 › 复检前引用的证据，来源：模拟的人工判定 ×1,80,example-main ×15; example-other ×65,#/fixture/recheck-requirement-relaxed/recheck/2/0,"5. The evidence before the recheck ‹ 2 pieces of old evidence were assessed together with this item. › Evidence cited before the recheck, by source: Simulated human determin"
E297,1,T1 示例主线与 C2 必需,b-tier,B 层，10/8 未核,B 层，10/8 未核（让到 10/15）,Y,,10-08 B,domain-517,D,复检单项页（含复检前的结束条件）,RECHECK_ITEM,requirementChanged.one,", and for {count} of them the check requirement changed",，其中 {count} 条的检查要求变了,界面文字（为本界面所写）,G033,G033,,Y,,,Y,,,,Y,,,,,9,example-main ×6; example-other ×3,#/fixture/recheck-requirement-relaxed/recheck/7/0,五、复检前的证据 ‹ 和这一项放在一起评估的旧证据共 6 条，其中 2 条的检查要求变了。 › 复检前引用的证据，来源：真实检查输出 ×6,9,example-main ×6; example-other ×3,#/fixture/recheck-requirement-relaxed/recheck/7/0,"5. The evidence before the recheck ‹ 6 pieces of old evidence were assessed together with this item, and for 2 of them the check requirement change › Evidence cited before the recheck, by source: Real check output ×6"
E298,1,T1 示例主线与 C2 必需,b-tier,B 层，10/8 未核,B 层，10/8 未核（让到 10/15）,Y,,10-08 B,domain-517,D,复检单项页（含复检前的结束条件）,RECHECK_ITEM,requirementChanged.other,", and for {count} of them the check requirement changed",，其中 {count} 条的检查要求变了,界面文字（为本界面所写）,G033,G033,,Y,,,Y,,,,Y,,,,,9,example-main ×6; example-other ×3,#/fixture/recheck-requirement-relaxed/recheck/7/0,五、复检前的证据 ‹ 和这一项放在一起评估的旧证据共 6 条，其中 2 条的检查要求变了。 › 复检前引用的证据，来源：真实检查输出 ×6,9,example-main ×6; example-other ×3,#/fixture/recheck-requirement-relaxed/recheck/7/0,"5. The evidence before the recheck ‹ 6 pieces of old evidence were assessed together with this item, and for 2 of them the check requirement change › Evidence cited before the recheck, by source: Real check output ×6"
E299,1,T1 示例主线与 C2 必需,b-tier,B 层，10/8 未核,B 层，10/8 未核（让到 10/15）,Y,,10-08 B,domain-517,D,复检单项页（含复检前的结束条件）,RECHECK_ITEM,priorSources,"Evidence cited before the recheck, by source: ",复检前引用的证据，来源：,界面文字（为本界面所写）,,,,Y,,,Y,,,,Y,,,,,91,example-main ×18; example-other ×73,#/fixture/recheck-requirement-relaxed/recheck/0/0,和这一项放在一起评估的旧证据共 1 条。 ‹ 复检前引用的证据，来源：模拟的人工判定 ×1 › 本次记录引用的对应证据，来源：,90,example-main ×17; example-other ×73,#/fixture/recheck-requirement-relaxed/recheck/0/0,"1 piece of old evidence was assessed together with this item. ‹ Evidence cited before the recheck, by source: Simulated human determination ×1 › Corresponding evidence this record cites, by source:"
E300,1,T1 示例主线与 C2 必需,b-tier,B 层，10/8 未核,B 层，10/8 未核（让到 10/15）,Y,,10-08 B,domain-517,D,复检单项页（含复检前的结束条件）,RECHECK_ITEM,currentSources,"Corresponding evidence this record cites, by source: ",本次记录引用的对应证据，来源：,界面文字（为本界面所写）,,,,Y,,,Y,,,,Y,,,,,91,example-main ×18; example-other ×73,#/fixture/recheck-requirement-relaxed/recheck/0/0,复检前引用的证据，来源：模拟的人工判定 ×1 ‹ 本次记录引用的对应证据，来源： › 逐条查看旧证据和比较结果,90,example-main ×17; example-other ×73,#/fixture/recheck-requirement-relaxed/recheck/0/0,"Evidence cited before the recheck, by source: Simulated human determin ‹ Corresponding evidence this record cites, by source: › See each piece of old evidence and how it compared"
E301,1,T1 示例主线与 C2 必需,b-tier,B 层，10/8 未核,B 层，10/8 未核（让到 10/15）,Y,,10-08 B,domain-517,D,复检单项页（含复检前的结束条件）,RECHECK_ITEM,rowsSummary,See each piece of old evidence and how it compared,逐条查看旧证据和比较结果,界面文字（为本界面所写）,,,,Y,,,Y,,,,Y,,,,,91,example-main ×18; example-other ×73,#/fixture/recheck-requirement-relaxed/recheck/0/0,本次记录引用的对应证据，来源： ‹ 逐条查看旧证据和比较结果 › 记录把放在一起评估的一组构件的旧证据存在一处，不按构件拆开：这一组的 1 个事项共用下面这些行。,90,example-main ×17; example-other ×73,#/fixture/recheck-requirement-relaxed/recheck/0/0,"Corresponding evidence this record cites, by source: ‹ See each piece of old evidence and how it compared › The record keeps the old evidence of a group of elements assessed toge"
E302,1,T1 示例主线与 C2 必需,b-tier,B 层，10/8 未核,B 层，10/8 未核（让到 10/15）,Y,,10-08 B,domain-517,D,复检单项页（含复检前的结束条件）,RECHECK_ITEM,shared.one,"The record keeps the old evidence of a group of elements assessed together in one place, not split by element: the group's {count} item shares the rows below.",记录把放在一起评估的一组构件的旧证据存在一处，不按构件拆开：这一组的 {count} 个事项共用下面这些行。,界面文字（为本界面所写）,,G034,,Y,,,Y,,,,Y,,,,,91,example-main ×18; example-other ×73,#/fixture/recheck-requirement-relaxed/recheck/0/0,逐条查看旧证据和比较结果 ‹ 记录把放在一起评估的一组构件的旧证据存在一处，不按构件拆开：这一组的 1 个事项共用下面这些行。 › “比较依据一致”是什么意思,31,example-main ×6; example-other ×25,#/fixture/recheck-requirement-relaxed/recheck/0/0,"See each piece of old evidence and how it compared ‹ The record keeps the old evidence of a group of elements assessed together in one place, not split by element: › What ""Comparison basis unchanged"" means"
E303,1,T1 示例主线与 C2 必需,b-tier,B 层，10/8 未核,B 层，10/8 未核（让到 10/15）,Y,,10-08 B,domain-517,D,复检单项页（含复检前的结束条件）,RECHECK_ITEM,shared.other,"The record keeps the old evidence of a group of elements assessed together in one place, not split by element: the group's {count} items share the rows below.",记录把放在一起评估的一组构件的旧证据存在一处，不按构件拆开：这一组的 {count} 个事项共用下面这些行。,界面文字（为本界面所写）,,G034,,Y,,,Y,,,,Y,,,,,91,example-main ×18; example-other ×73,#/fixture/recheck-requirement-relaxed/recheck/0/0,逐条查看旧证据和比较结果 ‹ 记录把放在一起评估的一组构件的旧证据存在一处，不按构件拆开：这一组的 1 个事项共用下面这些行。 › “比较依据一致”是什么意思,59,example-main ×11; example-other ×48,#/fixture/recheck-requirement-relaxed/recheck/5/0,"See each piece of old evidence and how it compared ‹ The record keeps the old evidence of a group of elements assessed together in one place, not split by element: › What ""Comparison basis unchanged"" means"
E304,1,T1 示例主线与 C2 必需,b-tier,B 层，10/8 未核,B 层，10/8 未核（让到 10/15）,Y,,10-08 B,domain-517,D,复检单项页（含复检前的结束条件）,RECHECK_ITEM,noEvidence,The group's evidence path before the recheck cites no evidence.,复检前这一组的证据路径没有引用任何证据。,界面文字（为本界面所写）,,,,Y,,,Y,,,,Y,,,,,40,example-main ×8; example-other ×32,#/fixture/recheck-requirement-relaxed/recheck/1/0,五、复检前的证据 ‹ 复检前这一组的证据路径没有引用任何证据。 › 本预览做不了的事,40,example-main ×8; example-other ×32,#/fixture/recheck-requirement-relaxed/recheck/1/0,5. The evidence before the recheck ‹ The group's evidence path before the recheck cites no evidence. › What this preview cannot do
E305,1,T1 示例主线与 C2 必需,b-tier,B 层，10/8 未核,B 层，10/8 未核（让到 10/15）,Y,,10-08 B,domain-517,D,复检单项页（含复检前的结束条件）,RECHECK_ITEM,priorOrdinal,Internal group number before the recheck,复检前的内部分组编号,界面文字（为本界面所写）,,,,Y,,,Y,,,,Y,,,,,131,example-main ×26; example-other ×105,#/fixture/recheck-requirement-relaxed/recheck/0/0,interdisciplinary-coordination-readiness::builders-work-openings ‹ 复检前的内部分组编号 › #1,130,example-main ×25; example-other ×105,#/fixture/recheck-requirement-relaxed/recheck/0/0,interdisciplinary-coordination-readiness::builders-work-openings ‹ Internal group number before the recheck › #1
E306,1,T1 示例主线与 C2 必需,b-tier,B 层，10/8 未核,B 层，10/8 未核（让到 10/15）,Y,,10-08 B,domain-517,D,复检单项页（含复检前的结束条件）,RECHECK_ITEM,currentLine,"Current internal group number, verdict and final outcome",现在的内部分组编号、verdict 与终点 outcome,界面文字（为本界面所写）,,,,Y,,,Y,,,,Y,,,,,131,example-main ×26; example-other ×105,#/fixture/recheck-requirement-relaxed/recheck/0/0,present ‹ 现在的内部分组编号、verdict 与终点 outcome › #1 READY no-penetration,130,example-main ×25; example-other ×105,#/fixture/recheck-requirement-relaxed/recheck/0/0,"present ‹ Current internal group number, verdict and final outcome › #1 READY no-penetration"
E307,1,T1 示例主线与 C2 必需,reviewed,10/8 已核,10/8 A 层已核，句子未变,N,,10-08 A,domain-517,D,范围限制,RECHECK_LIMITS,[0],"""Comparison basis unchanged"" does not mean the whole handover needs no review.",“比较依据一致”不代表整个交接不用复核。,界面文字（为本界面所写）,,,,Y,,,Y,,,,Y,,,,,151,example-main ×28; example-other ×123,#/fixture/recheck-requirement-relaxed,读复检结果时 ‹ “比较依据一致”不代表整个交接不用复核。 › 构件不在了、或找不到对应证据，不代表问题已修复。,150,example-main ×27; example-other ×123,#/fixture/recheck-requirement-relaxed,"When reading a recheck result ‹ ""Comparison basis unchanged"" does not mean the whole handover needs no review. › An element that is gone, or evidence with no counterpart, does not mea"
E308,1,T1 示例主线与 C2 必需,reviewed,10/8 已核,10/8 A 层已核，句子未变,N,,10-08 A,domain-517,D,范围限制,RECHECK_LIMITS,[1],"An element that is gone, or evidence with no counterpart, does not mean the problem was fixed.",构件不在了、或找不到对应证据，不代表问题已修复。,界面文字（为本界面所写）,,,,Y,,,Y,,,,Y,,,,,151,example-main ×28; example-other ×123,#/fixture/recheck-requirement-relaxed,“比较依据一致”不代表整个交接不用复核。 ‹ 构件不在了、或找不到对应证据，不代表问题已修复。 › 模型重新发布（不论哪一侧）不代表修复已经发生。,150,example-main ×27; example-other ×123,#/fixture/recheck-requirement-relaxed,"""Comparison basis unchanged"" does not mean the whole handover needs no ‹ An element that is gone, or evidence with no counterpart, does not mean the problem was fixed. › A model re-issued (on either side) does not mean a fix has happened."
E309,1,T1 示例主线与 C2 必需,reviewed,10/8 已核,10/8 A 层已核，句子未变,N,,10-08 A,domain-517,D,范围限制,RECHECK_LIMITS,[2],A model re-issued (on either side) does not mean a fix has happened.,模型重新发布（不论哪一侧）不代表修复已经发生。,界面文字（为本界面所写）,,,,Y,,,Y,,,,Y,,,,,151,example-main ×28; example-other ×123,#/fixture/recheck-requirement-relaxed,构件不在了、或找不到对应证据，不代表问题已修复。 ‹ 模型重新发布（不论哪一侧）不代表修复已经发生。 › “只有模型版本变了”不等于检查结果的内容变了。,150,example-main ×27; example-other ×123,#/fixture/recheck-requirement-relaxed,"An element that is gone, or evidence with no counterpart, does not mea ‹ A model re-issued (on either side) does not mean a fix has happened. › ""Only the model version changed"" does not mean the check result's cont"
E310,1,T1 示例主线与 C2 必需,reviewed,10/8 已核,10/8 A 层已核，句子未变,N,,10-08 A,domain-517,D,范围限制,RECHECK_LIMITS,[3],"""Only the model version changed"" does not mean the check result's content changed.",“只有模型版本变了”不等于检查结果的内容变了。,界面文字（为本界面所写）,,,,Y,,,Y,,,,Y,,,,,151,example-main ×28; example-other ×123,#/fixture/recheck-requirement-relaxed,模型重新发布（不论哪一侧）不代表修复已经发生。 ‹ “只有模型版本变了”不等于检查结果的内容变了。 › “无法比较”不是“证据缺失”：旧记录没保存比较依据时，本页如实显示无法比较。,150,example-main ×27; example-other ×123,#/fixture/recheck-requirement-relaxed,"A model re-issued (on either side) does not mean a fix has happened. ‹ ""Only the model version changed"" does not mean the check result's content changed. › ""Cannot be compared"" is not ""evidence missing"": where the old record k"
E311,1,T1 示例主线与 C2 必需,reviewed,10/8 已核,10/8 A 层已核，句子未变,N,,10-08 A,domain-517,D,范围限制,RECHECK_LIMITS,[4],"""Cannot be compared"" is not ""evidence missing"": where the old record kept no comparison basis, this page says honestly that it cannot compare.",“无法比较”不是“证据缺失”：旧记录没保存比较依据时，本页如实显示无法比较。,界面文字（为本界面所写）,,,,Y,,,Y,,,,Y,,,,,151,example-main ×28; example-other ×123,#/fixture/recheck-requirement-relaxed,“只有模型版本变了”不等于检查结果的内容变了。 ‹ “无法比较”不是“证据缺失”：旧记录没保存比较依据时，本页如实显示无法比较。 › 复检前后的比较明细：模型、事项、旧证据,150,example-main ×27; example-other ×123,#/fixture/recheck-requirement-relaxed,"""Only the model version changed"" does not mean the check result's cont ‹ ""Cannot be compared"" is not ""evidence missing"": where the old record kept no comparison basis, this page says  › Before-and-after details: models, items, old evidence"
E597,1,T1 示例主线与 C2 必需,b-tier,B 层，10/8 未核,B 层，10/8 未核（让到 10/15）,Y,,10-08 B,candidate-ui,U,候选（可让出）：处理角色／指派、行动——界面用语表里带含义的句子,RECHECK_MODEL,onlyRekeyed,{rekeyed}: neither the evidence content nor the comparison basis changed.,{rekeyed}：证据内容和比较依据都没有变。,界面文字（为本界面所写）,,,,Y,,,Y,,,,Y,,,,,30,example-main ×12; example-other ×18,#/fixture/recheck-requirement-relaxed/recheck/5/0,对应的检查结果只有一条，模型版本、检查结果内容、检查要求、检查程序逐项相同。 ‹ 只是引用换了键：证据内容和比较依据都没有变。 › 追溯信息（记录原码与内容指纹）,29,example-main ×11; example-other ×18,#/fixture/recheck-requirement-relaxed/recheck/5/0,"There is exactly one corresponding check result; model version, check  ‹ Only the citation's key changed: neither the evidence content nor the comparison basis changed. › Tracing (record codes and content fingerprints)"
E598,1,T1 示例主线与 C2 必需,b-tier,B 层，10/8 未核,B 层，10/8 未核（让到 10/15）,Y,,10-08 B,candidate-ui,U,候选（可让出）：处理角色／指派、行动——界面用语表里带含义的句子,RECHECK_MODEL,producing,Handing-over side,交出方,界面文字（为本界面所写）,,,,Y,,,Y,,,,Y,,,,,20,example-main ×2; example-other ×18,#/fixture/recheck-requirement-relaxed,要做什么 ‹ 在接收方模型里、被穿过的构件上建出洞口或竖井，不要做成交出方模型里的空洞。穿过几个构件就要几个洞口 › 查看这一项：具体对象、要做什么、由谁处理、拿什么复检,20,example-main ×2; example-other ×18,#/fixture/recheck-requirement-relaxed,Re-issued? ‹ Handing-over side › MEP
E599,1,T1 示例主线与 C2 必需,b-tier,B 层，10/8 未核,B 层，10/8 未核（让到 10/15）,Y,,10-08 B,candidate-ui,U,候选（可让出）：处理角色／指派、行动——界面用语表里带含义的句子,RECHECK_MODEL,consuming,Receiving side,接收方,界面文字（为本界面所写）,,,,Y,,,Y,,,,Y,,,,,20,example-main ×2; example-other ×18,#/fixture/recheck-requirement-relaxed,要做什么 ‹ 这不是已知的模型缺陷。还没有协调评审判定它是否穿过接收方的构件；需要开一次评审，记录“不穿过”或写明穿过哪些构件 › 查看这一项：具体对象、要做什么、由谁处理、拿什么复检,20,example-main ×2; example-other ×18,#/fixture/recheck-requirement-relaxed,Unchanged (original version) ‹ Receiving side › Architecture
E327,1,T1 示例主线与 C2 必需,batch-1015,10/15 批，未核,10/15 批，未核,Y,,10-15,domain-517,D,复检：哪一侧模型重新发布,REISSUE_CASES,none.headline,Neither model was re-issued (versions unchanged),两侧模型都没有重新发布（版本未变）,界面文字（为本界面所写）,,,,Y,,,Y,,,,Y,,,,,76,example-main ×28; example-other ×48,#/fixture/recheck-requirement-relaxed,6 个事项：记录没有给出后续处理动作 ‹ 模型：两侧模型都没有重新发布（版本未变）。 › 1 个事项的结论和复检前不同：,75,example-main ×27; example-other ×48,#/fixture/recheck-requirement-relaxed,6 items: the record gives no follow-up action ‹ Models: Neither model was re-issued (versions unchanged). › 1 item's conclusion differs from before the recheck:
E328,1,T1 示例主线与 C2 必需,batch-1015,10/15 批，未核,10/15 批，未核,Y,,10-15,domain-517,D,复检：哪一侧模型重新发布,REISSUE_CASES,none.detail,"This recheck uses the same pair of model versions as the original record, so the differences below do not come from model edits.",本次复检和原记录用的是同一对模型版本，所以下面的差异不来自模型改动。,界面文字（为本界面所写）,,,,Y,,,Y,,,,Y,,,,,10,example-main ×2; example-other ×8,#/fixture/recheck-requirement-relaxed,两侧模型都没有重新发布（版本未变） ‹ 本次复检和原记录用的是同一对模型版本，所以下面的差异不来自模型改动。 › 交接的哪一侧,10,example-main ×2; example-other ×8,#/fixture/recheck-requirement-relaxed,"Neither model was re-issued (versions unchanged) ‹ This recheck uses the same pair of model versions as the original record, so the differences below do not come › Side of the handover"
E343,1,T1 示例主线与 C2 必需,batch-1015,10/15 批，未核,10/15 批，未核,Y,,10-15,domain-517,D,复检：哪一侧模型重新发布,REISSUE_NEUTRAL,,This page only says which side changed and what the record shows; it does not judge good or bad from the direction of a re-issue.,本页只说明哪一侧变了、记录证明了什么，不根据重新发布的方向预判好坏。,界面文字（为本界面所写）,,,,Y,,,Y,,,,Y,,,,,20,example-main ×2; example-other ×18,#/fixture/recheck-requirement-relaxed,没有变（原版本） ‹ 本页只说明哪一侧变了、记录证明了什么，不根据重新发布的方向预判好坏。 › 复检前记录里的事项（13 个），现在的情况,20,example-main ×2; example-other ×18,#/fixture/recheck-requirement-relaxed,"Unchanged (original version) ‹ This page only says which side changed and what the record shows; it does not judge good or bad from the direc › The items in the record before the recheck (13), and where they stand"
E344,1,T1 示例主线与 C2 必需,batch-1015,10/15 批，未核,10/15 批，未核,Y,,10-15,domain-517,D,复检：要求变化提示,REQUIREMENT_CHANGED_NOTE,,"The record also shows that, among the old evidence assessed together with this item, the check requirement changed for {count}; the record does not say whether it was relaxed or tightened. Read this conclusion with that in mind; row by row, see ""The evidence before the recheck"".",记录同时显示：和这一项放在一起评估的旧证据里，有 {count} 条的检查要求变了；记录不说明是放宽还是收紧。读这个结论时要一并看，逐条见“复检前的证据”。,界面文字（为本界面所写）,,,,Y,,,Y,,,,Y,,,,,13,example-main ×8; example-other ×5,#/fixture/recheck-requirement-relaxed,只对这一个事项、这项工作、所列的模型版本成立；不代表整次交接完成。 ‹ 记录同时显示：和这一项放在一起评估的旧证据里，有 2 条的检查要求变了；记录不说明是放宽还是收紧。读这个结论时要一并看，逐条见“复检前的证据”。 › 两侧模型都没有重新发布，这些项的判断却变了：变化不来自模型改动。每一项的旧证据写明变了的是什么。,13,example-main ×8; example-other ×5,#/fixture/recheck-requirement-relaxed,"Holds for this one item, this work and the listed model versions only; ‹ The record also shows that, among the old evidence assessed together with this item, the check requirement cha › Neither model was re-issued, yet these conclusions changed: the change"
E345,1,T1 示例主线与 C2 必需,reviewed,10/8 已核,10/8 A 层已核，句子未变,N,,10-08 A,domain-517,D,源修改与复检行动,RESOLUTION_KINDS,missing-project-asset-identity,The project's required asset identity is missing,缺少本项目约定的资产标识,界面文字（为本界面所写）,,,,Y,,,Y,,,,Y,,,,,34,example-main ×9; example-other ×25,#/fixture/member-evidence,1 个事项 ‹ 缺少本项目约定的资产标识 › 房间数据表与设备明细表：受阻,34,example-main ×9; example-other ×25,#/fixture/member-evidence,1 item ‹ The project's required asset identity is missing › Room data sheets and equipment schedules: Blocked
E346,1,T1 示例主线与 C2 必需,reviewed,10/8 已核,10/8 A 层已核，句子未变,N,,10-08 A,domain-517,D,源修改与复检行动,RESOLUTION_KINDS,asset-identity-not-evaluated,Not a known model defect: the existing asset-identity rules did not cover this element,不是已知的模型缺陷：现有资产标识规则没有覆盖到这个构件,界面文字（为本界面所写）,,,,Y,,,Y,,,,Y,,,,,16,example-main ×5; example-other ×11,#/fixture/member-evidence,2 个事项 ‹ 不是已知的模型缺陷：现有资产标识规则没有覆盖到这个构件 › 房间数据表与设备明细表：无法判断,16,example-main ×5; example-other ×11,#/fixture/member-evidence,2 items ‹ Not a known model defect: the existing asset-identity rules did not cover this element › Room data sheets and equipment schedules: Unknown
E348,1,T1 示例主线与 C2 必需,reviewed,10/8 已核,10/8 A 层已核，句子未变,N,,10-08 A,domain-517,D,源修改与复检行动,RESOLUTION_KINDS,in-model-position-not-evaluated,Not a known model defect: the storey or space check did not cover it,不是已知的模型缺陷：楼层或空间归属的检查没有覆盖到它,界面文字（为本界面所写）,,,,Y,,,Y,,,,Y,,,,,16,example-main ×5; example-other ×11,#/fixture/member-evidence,事项数 ‹ 不是已知的模型缺陷：楼层或空间归属的检查没有覆盖到它 › 吊顶平面与包封布置：无法判断,16,example-main ×5; example-other ×11,#/fixture/member-evidence,Items ‹ Not a known model defect: the storey or space check did not cover it › Reflected ceiling and bulkhead layout: Unknown
E351,1,T1 示例主线与 C2 必需,reviewed,10/8 已核,10/8 A 层已核，句子未变,N,,10-08 A,domain-517,D,源修改与复检行动,RESOLUTION_KINDS,penetration-not-determined,Not a known model defect: no coordination review has determined yet whether it passes through the receiving side's elements,不是已知的模型缺陷：还没有协调评审判定它是否穿过接收方的构件,界面文字（为本界面所写）,,,,Y,,,Y,,,,Y,,,,,32,example-main ×8; example-other ×24,#/fixture/member-evidence,事项数 ‹ 不是已知的模型缺陷：还没有协调评审判定它是否穿过接收方的构件 › 土建预留开洞：无法判断,32,example-main ×8; example-other ×24,#/fixture/member-evidence,Items ‹ Not a known model defect: no coordination review has determined yet whether it passes through the receiving si › Builder's-work openings: Unknown
E353,1,T1 示例主线与 C2 必需,reviewed,10/8 已核,10/8 A 层已核，句子未变,N,,10-08 A,domain-517,D,源修改与复检行动,RESOLUTION_KINDS,missing-corresponding-opening,No corresponding opening is modelled in the element it passes through,它穿过的构件上没有建出对应的洞口,界面文字（为本界面所写）,,,,Y,,,Y,,,,Y,,,,,11,example-main ×5; example-other ×6,#/fixture/member-evidence,事项数 ‹ 它穿过的构件上没有建出对应的洞口 › 土建预留开洞：受阻,11,example-main ×5; example-other ×6,#/fixture/member-evidence,Items ‹ No corresponding opening is modelled in the element it passes through › Builder's-work openings: Blocked
E355,1,T1 示例主线与 C2 必需,reviewed,10/8 已核,10/8 A 层已核，句子未变,N,,10-08 A,domain-517,D,W6 类型对应说明／PASS 证明什么,RULE_NOTES,PV-001.title,Air terminals declare one of four predefined types,风口要声明四种预定义类型之一,规则文件 rules/product-validation/PV-001.toml 的 title,,,,Y,,,,Y,Y,,,,,,,34,local-result ×16; local-start ×18,flow:check-both:result,检查了什么 ‹ PV-001 风口要声明四种预定义类型之一 › 返回数据的标签（ProductValidation）标明：这是一条产品验证规则。,34,local-result ×16; local-start ×18,flow:check-both:result,What was checked ‹ PV-001 Air terminals declare one of four predefined types › The label in the returned data (ProductValidation) says: this is a pro
E356,1,T1 示例主线与 C2 必需,reviewed,10/8 已核,10/8 A 层已核，句子未变,N,,10-08 A,domain-517,D,W6 类型对应说明／PASS 证明什么,RULE_NOTES,PV-001.predicate,"Every applicable air terminal (IfcAirTerminal) declares a predefined type of DIFFUSER, GRILLE, LOUVRE or REGISTER. IFC4 also admits USERDEFINED and NOTDEFINED; not accepting them is this rule's own decision, and a model using them is still valid IFC4.",每个适用的风口（IfcAirTerminal）都要声明预定义类型，取值是 DIFFUSER、GRILLE、LOUVRE、REGISTER 之一。IFC4 还允许 USERDEFINED 和 NOTDEFINED；不接受它们是这条规则自己的决定，用它们的模型仍是有效的 IFC4。,界面文字（为本界面所写）,,,,Y,,,,Y,Y,,,,,,,34,local-result ×16; local-start ×18,flow:check-both:result,这条规则要求 ‹ 每个适用的风口（IfcAirTerminal）都要声明预定义类型，取值是 DIFFUSER、GRILLE、LOUVRE、REGISTER 之一。IFC4 还允许 USERDEFINED 和 NOTDEFINED；不接受它 › 出处（返回数据的引文，英文原文）,34,local-result ×16; local-start ×18,flow:check-both:result,"What this rule asks ‹ Every applicable air terminal (IfcAirTerminal) declares a predefined type of DIFFUSER, GRILLE, LOUVRE or REGIS › Source (the returned data's citation, as written)"
E357,1,T1 示例主线与 C2 必需,changed,10/8 后改句，需重核,W5：实例层的 USERDEFINED 没写到；#50 已改句（10/8 已核的是改前原句），需重核,Y,,10-08 A,domain-517,D,W6 类型对应说明／PASS 证明什么,RULE_NOTES,PV-001.passProves,"The one value the checker took in its reading order (the type's value first; a USERDEFINED type's free text; the element instance only when the type says nothing, and with no type, a USERDEFINED instance's free text too) is, character for character, one of DIFFUSER, GRILLE, LOUVRE and REGISTER.",检查器按它的读取顺序取到的那一个值（类型上的值优先；类型声明 USERDEFINED 时是它的自由文本；类型什么也没说时才读构件实例；没有类型时，实例声明 USERDEFINED 也是它的自由文本），逐字等于 DIFFUSER、GRILLE、LOUVRE、REGISTER 四个值之一。,界面文字（为本界面所写）,,,,Y,,,,Y,,,,,,,,1,local-result ×1,#/local/ce485f9c0c179def/finding/b642cc33-f6ce-586c-a8dd-fe64325b560e,这条通过证明了什么 ‹ 它证明：检查器按它的读取顺序取到的那一个值（类型上的值优先；类型声明 USERDEFINED 时是它的自由文本；类型什么也没说时才读构件实例），逐字等于 DIFFUSER、GRILLE、LOUVRE、REGISTER 四 › 它不证明：,1,local-result ×1,#/local/ce485f9c0c179def/finding/b642cc33-f6ce-586c-a8dd-fe64325b560e,What this pass proves ‹ It proves: The one value the checker took in its reading order (the type's value first; a USERDEFINED type's f › It does not prove:
E358,1,T1 示例主线与 C2 必需,reviewed,10/8 已核,10/8 A 层已核，句子未变,N,,10-08 A,domain-517,D,W6 类型对应说明／PASS 证明什么,RULE_NOTES,PV-001.passDoesNotProve[0],That the value is right: any of the four passes; GRILLE passes too.,取值正确：四个值中任何一个都会通过，写成 GRILLE 也会通过。,界面文字（为本界面所写）,,,,Y,,,,Y,,,,,,,,1,local-result ×1,#/local/ce485f9c0c179def/finding/b642cc33-f6ce-586c-a8dd-fe64325b560e,它不证明： ‹ 取值正确：四个值中任何一个都会通过，写成 GRILLE 也会通过。 › 类型和构件实例的取值一致：类型上是四个值之一时，实例上写的值不参与比较；类型是 LOUVRE、实例是 DIFFUSER，也会通过。,1,local-result ×1,#/local/ce485f9c0c179def/finding/b642cc33-f6ce-586c-a8dd-fe64325b560e,It does not prove: ‹ That the value is right: any of the four passes; GRILLE passes too. › That the type and the element instance agree: when the type carries on
E359,1,T1 示例主线与 C2 必需,reviewed,10/8 已核,10/8 A 层已核，句子未变,N,,10-08 A,domain-517,D,W6 类型对应说明／PASS 证明什么,RULE_NOTES,PV-001.passDoesNotProve[1],"That the type and the element instance agree: when the type carries one of the four, the instance's value is not compared; type LOUVRE with instance DIFFUSER also passes.",类型和构件实例的取值一致：类型上是四个值之一时，实例上写的值不参与比较；类型是 LOUVRE、实例是 DIFFUSER，也会通过。,界面文字（为本界面所写）,,,,Y,,,,Y,,,,,,,,1,local-result ×1,#/local/ce485f9c0c179def/finding/b642cc33-f6ce-586c-a8dd-fe64325b560e,取值正确：四个值中任何一个都会通过，写成 GRILLE 也会通过。 ‹ 类型和构件实例的取值一致：类型上是四个值之一时，实例上写的值不参与比较；类型是 LOUVRE、实例是 DIFFUSER，也会通过。 › 规则不接受的 USERDEFINED 没有出现：类型声明 USERDEFINED 时，检查器比较的是它的自由文本，逐字、区分大小写；文本恰好,1,local-result ×1,#/local/ce485f9c0c179def/finding/b642cc33-f6ce-586c-a8dd-fe64325b560e,"That the value is right: any of the four passes; GRILLE passes too. ‹ That the type and the element instance agree: when the type carries one of the four, the instance's value is n › That no USERDEFINED, which the rule does not accept, is present: when"
E360,1,T1 示例主线与 C2 必需,changed,10/8 后改句，需重核,W5：实例层的 USERDEFINED 没写到；#50 已改句（10/8 已核的是改前原句），需重核,Y,,10-08 A,domain-517,D,W6 类型对应说明／PASS 证明什么,RULE_NOTES,PV-001.passDoesNotProve[2],"That no USERDEFINED, which the rule does not accept, is present: when the type declares USERDEFINED, the checker compares its free text; with no type, an element instance that declares USERDEFINED is compared by its free text as well. The comparison is character for character and case-sensitive; text that happens to be LOUVRE passes, while louvre, Louvre or text with leading or trailing spaces does not.",规则不接受的 USERDEFINED 没有出现：类型声明 USERDEFINED 时，检查器比较的是它的自由文本；没有类型时，构件实例声明 USERDEFINED 也按它的自由文本比较。比较逐字、区分大小写；文本恰好是 LOUVRE 会通过，写成 louvre、Louvre 或前后带空格则不通过。,界面文字（为本界面所写）,,,,Y,,,,Y,,,,,,,,1,local-result ×1,#/local/ce485f9c0c179def/finding/b642cc33-f6ce-586c-a8dd-fe64325b560e,类型和构件实例的取值一致：类型上是四个值之一时，实例上写的值不参与比较；类型是 LOUVRE、实例是 DIFFUSER，也会通过。 ‹ 规则不接受的 USERDEFINED 没有出现：类型声明 USERDEFINED 时，检查器比较的是它的自由文本，逐字、区分大小写；文本恰好是 LOUVRE 会通过，写成 louvre、Louvre 或前后带空格则不通过 › 墙上有对应的洞口。,1,local-result ×1,#/local/ce485f9c0c179def/finding/b642cc33-f6ce-586c-a8dd-fe64325b560e,"That the type and the element instance agree: when the type carries on ‹ That no USERDEFINED, which the rule does not accept, is present: when the type declares USERDEFINED, the check › That the wall has a corresponding opening."
E361,1,T1 示例主线与 C2 必需,reviewed,10/8 已核,10/8 A 层已核，句子未变,N,,10-08 A,domain-517,D,W6 类型对应说明／PASS 证明什么,RULE_NOTES,PV-001.passDoesNotProve[3],That the wall has a corresponding opening.,墙上有对应的洞口。,界面文字（为本界面所写）,,,,Y,,,,Y,,,,,,,,1,local-result ×1,#/local/ce485f9c0c179def/finding/b642cc33-f6ce-586c-a8dd-fe64325b560e,规则不接受的 USERDEFINED 没有出现：类型声明 USERDEFINED 时，检查器比较的是它的自由文本，逐字、区分大小写；文本恰好 ‹ 墙上有对应的洞口。 › 风口所在的模型与风口所在的墙所属的模型已经对齐。,1,local-result ×1,#/local/ce485f9c0c179def/finding/b642cc33-f6ce-586c-a8dd-fe64325b560e,"That no USERDEFINED, which the rule does not accept, is present: when  ‹ That the wall has a corresponding opening. › That the air terminal's model and the model of the wall it sits in are"
E362,1,T1 示例主线与 C2 必需,reviewed,10/8 已核,10/8 A 层已核，句子未变,N,,10-08 A,domain-517,D,W6 类型对应说明／PASS 证明什么,RULE_NOTES,PV-001.passDoesNotProve[4],That the air terminal's model and the model of the wall it sits in are aligned.,风口所在的模型与风口所在的墙所属的模型已经对齐。,界面文字（为本界面所写）,,,,Y,,,,Y,,,,,,,,1,local-result ×1,#/local/ce485f9c0c179def/finding/b642cc33-f6ce-586c-a8dd-fe64325b560e,墙上有对应的洞口。 ‹ 风口所在的模型与风口所在的墙所属的模型已经对齐。 › 任何工作可以开始，包括吊顶和开洞工作。,1,local-result ×1,#/local/ce485f9c0c179def/finding/b642cc33-f6ce-586c-a8dd-fe64325b560e,"That the wall has a corresponding opening. ‹ That the air terminal's model and the model of the wall it sits in are aligned. › That any work can start, including ceiling and opening work."
E363,1,T1 示例主线与 C2 必需,reviewed,10/8 已核,10/8 A 层已核，句子未变,N,,10-08 A,domain-517,D,W6 类型对应说明／PASS 证明什么,RULE_NOTES,PV-001.passDoesNotProve[5],"That any work can start, including ceiling and opening work.",任何工作可以开始，包括吊顶和开洞工作。,界面文字（为本界面所写）,,,,Y,,,,Y,,,,,,,,1,local-result ×1,#/local/ce485f9c0c179def/finding/b642cc33-f6ce-586c-a8dd-fe64325b560e,风口所在的模型与风口所在的墙所属的模型已经对齐。 ‹ 任何工作可以开始，包括吊顶和开洞工作。 › 通过的检查结果不带它读到的值：只记录了“要求已满足”。,1,local-result ×1,#/local/ce485f9c0c179def/finding/b642cc33-f6ce-586c-a8dd-fe64325b560e,"That the air terminal's model and the model of the wall it sits in are ‹ That any work can start, including ceiling and opening work. › A passing check result does not carry the value it read: it records on"
E364,1,T1 示例主线与 C2 必需,reviewed,10/8 已核,10/8 A 层已核，句子未变,N,,10-08 A,domain-517,D,W6 类型对应说明／PASS 证明什么,RULE_NOTES,PV-001.action.what,"Go back to the Revit source model and make this air terminal's exported predefined type one of DIFFUSER, GRILLE, LOUVRE and REGISTER; re-export the IFC and check again. NOTDEFINED states nothing.",回到 Revit 源模型，让这个风口导出后的预定义类型是 DIFFUSER、GRILLE、LOUVRE、REGISTER 之一；重新导出 IFC，再检查。NOTDEFINED 等于什么都没说。,界面文字（含取自 PV-001.toml instructions 的一句 “NOTDEFINED states nothing.”）,,,,Y,,,,Y,,,,,,,,5,local-result ×5,#/local/c653c7e0bb676a4a/finding/eed53402-33a9-5b7a-9d4c-a912e10c4566,改成什么 ‹ 回到 Revit 源模型，让这个风口导出后的预定义类型是 DIFFUSER、GRILLE、LOUVRE、REGISTER 之一；重新导出 IFC，再检查。NOTDEFINED 等于什么都没说。 › 检查器读哪里,5,local-result ×5,#/local/c653c7e0bb676a4a/finding/eed53402-33a9-5b7a-9d4c-a912e10c4566,"Change it to ‹ Go back to the Revit source model and make this air terminal's exported predefined type one of DIFFUSER, GRILL › Where the checker reads"
E365,1,T1 示例主线与 C2 必需,reviewed,10/8 已核,10/8 A 层已核，句子未变,N,,10-08 A,domain-517,D,W6 类型对应说明／PASS 证明什么,RULE_NOTES,PV-001.action.reads,"The checker looks first at its type object in the exported IFC: if the type carries one of the four, the type's value is compared; if the type declares USERDEFINED, its free text is compared; only when the type says nothing is the element instance's own value read. This is the order in which the checker reads the IFC, not where to make the change in Revit.",检查器先看导出的 IFC 里它的类型对象：类型上是四个值之一，比较类型上的值；类型声明 USERDEFINED，比较它的自由文本；类型什么也没说时，才读构件实例本身的值。这说的是检查器读 IFC 的顺序，不是 Revit 里该改的位置。,界面文字（为本界面所写）,,,,Y,,,,Y,,,,,,,,5,local-result ×5,#/local/c653c7e0bb676a4a/finding/eed53402-33a9-5b7a-9d4c-a912e10c4566,检查器读哪里 ‹ 检查器先看导出的 IFC 里它的类型对象：类型上是四个值之一，比较类型上的值；类型声明 USERDEFINED，比较它的自由文本；类型什么也没说时，才读构件实例本身的值。这说的是检查器读 IFC 的顺序，不是 Revit › 在 Revit 里改哪里,5,local-result ×5,#/local/c653c7e0bb676a4a/finding/eed53402-33a9-5b7a-9d4c-a912e10c4566,"Where the checker reads ‹ The checker looks first at its type object in the exported IFC: if the type carries one of the four, the type' › Where to change it in Revit"
E366,1,T1 示例主线与 C2 必需,reviewed,10/8 已核,10/8 A 层已核，句子未变,N,,10-08 A,domain-517,D,W6 类型对应说明／PASS 证明什么,RULE_NOTES,PV-001.action.revise,"Where this value is written from in Revit (type or instance, which parameter, which export setting), the returned data does not record, and this page does not say. Confirm it in Revit before changing anything; if you decide to change it on the type, the change applies to every instance of that type. One Revit type may correspond to more than one IFC type object; count instances by the Revit type.",这个值在 Revit 里从哪里写出（类型还是实例、哪个参数、哪项导出设置），返回数据没有记录，本页不指定。改之前先在 Revit 里确认；如果决定在类型上改，会作用于这个类型的全部实例。一个 Revit 类型可能对应不止一个 IFC 类型对象，实例数按 Revit 类型算。,界面文字（为本界面所写）,,,,Y,,,,Y,,,,,,,,5,local-result ×5,#/local/c653c7e0bb676a4a/finding/eed53402-33a9-5b7a-9d4c-a912e10c4566,在 Revit 里改哪里 ‹ 这个值在 Revit 里从哪里写出（类型还是实例、哪个参数、哪项导出设置），返回数据没有记录，本页不指定。改之前先在 Revit 里确认；如果决定在类型上改，会作用于这个类型的全部实例。一个 Revit 类型可能对应不止 › 还没有决定的,5,local-result ×5,#/local/c653c7e0bb676a4a/finding/eed53402-33a9-5b7a-9d4c-a912e10c4566,"Where to change it in Revit ‹ Where this value is written from in Revit (type or instance, which parameter, which export setting), the retur › Not decided yet"
E367,1,T1 示例主线与 C2 必需,reviewed,10/8 已核,10/8 A 层已核，句子未变,N,,10-08 A,domain-517,D,W6 类型对应说明／PASS 证明什么,RULE_NOTES,PV-001.action.undecided,"Which value to use, and who decides and makes the change, the returned data does not say. The rule asks only for one of the four values and does not judge which is right.",取哪一个值、由谁决定和操作，返回数据都没有提供。规则只要求四个值之一，不判断哪一个对。,界面文字（为本界面所写）,,,,Y,,,,Y,,,,,,,,5,local-result ×5,#/local/c653c7e0bb676a4a/finding/eed53402-33a9-5b7a-9d4c-a912e10c4566,还没有决定的 ‹ 取哪一个值、由谁决定和操作，返回数据都没有提供。规则只要求四个值之一，不判断哪一个对。 › 复检时看什么,5,local-result ×5,#/local/c653c7e0bb676a4a/finding/eed53402-33a9-5b7a-9d4c-a912e10c4566,"Not decided yet ‹ Which value to use, and who decides and makes the change, the returned data does not say. The rule asks only f › What to look at in a recheck"
E368,1,T1 示例主线与 C2 必需,reviewed,10/8 已核,10/8 A 层已核，句子未变,N,,10-08 A,domain-517,D,W6 类型对应说明／PASS 证明什么,RULE_NOTES,PV-001.recheck,"Check again with the same rule set version, the same set of models and the same export settings, and look at this element's result under this requirement.",用同一规则集版本、同一组模型和同一导出设置重新检查，看这个构件在这条要求下的结果。,界面文字（为本界面所写）,,,,Y,,,,Y,,,,,,,,5,local-result ×5,#/local/c653c7e0bb676a4a/finding/eed53402-33a9-5b7a-9d4c-a912e10c4566,复检时看什么 ‹ 用同一规则集版本、同一组模型和同一导出设置重新检查，看这个构件在这条要求下的结果。 › 具体要求与这次检查的观察,5,local-result ×5,#/local/c653c7e0bb676a4a/finding/eed53402-33a9-5b7a-9d4c-a912e10c4566,"What to look at in a recheck ‹ Check again with the same rule set version, the same set of models and the same export settings, and look at t › The requirement, and what this check observed"
E369,1,T1 示例主线与 C2 必需,reviewed,10/8 已核,10/8 A 层已核，句子未变,N,,10-08 A,domain-517,D,W6 类型对应说明／PASS 证明什么,RULE_NOTES,PV-001.gaps[0],"The opening in the wall the air terminal sits in: a coordination-review determination is needed, made against the air terminal's model and the model of that wall; this check does not compare elements across the two models.",风口所在的墙上的洞口：需要对照风口所在的模型和这面墙所属的模型做协调评审判定；这项检查不比较两个模型的构件。,界面文字（为本界面所写）,,,,N,,,,,,,,,本地结果页的代码能到达，本次渲染未触发（取决于用户自己的模型）,,,0,,,,0,,,
E370,1,T1 示例主线与 C2 必需,reviewed,10/8 已核,10/8 A 层已核，句子未变,N,,10-08 A,domain-517,D,W6 类型对应说明／PASS 证明什么,RULE_NOTES,PV-001.gaps[1],Whether the air terminal's model and the model of the wall it sits in are aligned: an alignment confirmation record is needed.,风口所在的模型与风口所在的墙所属的模型是否对齐：需要一份对齐确认记录。,界面文字（为本界面所写）,,,,N,,,,,,,,,本地结果页的代码能到达，本次渲染未触发（取决于用户自己的模型）,,,0,,,,0,,,
E371,1,T1 示例主线与 C2 必需,reviewed,10/8 已核,10/8 A 层已核，句子未变,N,,10-08 A,domain-517,D,W6 类型对应说明／PASS 证明什么,RULE_NOTES,PV-001.gaps[2],Whether the value chosen is right: the classification decision has to be recorded separately; a pass cannot prove in reverse that the classification is right.,取值是否选对：分类判断要另行记录；检查通过不能反过来证明分类判断正确。,界面文字（为本界面所写）,,,,N,,,,,,,,,本地结果页的代码能到达，本次渲染未触发（取决于用户自己的模型）,,,0,,,,0,,,
E372,1,T1 示例主线与 C2 必需,changed,10/8 后改句，需重核,W5：实例层的 USERDEFINED 没写到；#50 已改句（10/8 已核的是改前原句），需重核,Y,,10-08 A,domain-517,D,W6 类型对应说明／PASS 证明什么,RULE_NOTES,PV-001.reasonFreeText,"What is in the quotation marks is not an enumeration value but free text: when the type declares USERDEFINED, the checker compares its free text; with no type, the same holds for an element instance that declares USERDEFINED.",引号里不是预定义类型的枚举值，而是自由文本：类型声明 USERDEFINED 时，检查器拿它的自由文本来比较；没有类型时，构件实例声明 USERDEFINED 也是这样。,界面文字（为本界面所写）,,,,Y,,,,Y,,,,,,,,5,local-result ×5,#/local/c653c7e0bb676a4a/finding/eed53402-33a9-5b7a-9d4c-a912e10c4566,"The predefined type ""chimney cover"" does not meet the required type ‹ 引号里不是预定义类型的枚举值，而是自由文本：类型声明 USERDEFINED 时，检查器拿它的自由文本来比较。 › 观察值一栏",5,local-result ×5,#/local/c653c7e0bb676a4a/finding/eed53402-33a9-5b7a-9d4c-a912e10c4566,"The predefined type ""chimney cover"" does not meet the required type ‹ What is in the quotation marks is not an enumeration value but free text: when the type declares USERDEFINED,  › Observed value"
E373,1,T1 示例主线与 C2 必需,batch-1015,10/15 批，未核,10/15 批，未核,Y,,10-15,domain-517,D,示例名称（含第二入口）,RUN_LABELS,member-evidence,"A first check: the model was handed over, and these items were found",一次首次检查：交了模型，发现这些事项,界面文字（为本界面所写）,,,,Y,,Y,Y,,,,,Y,,,,4,catalogue ×1; example-main ×2; secondary ×1,#/fixture,第一步 ‹ 一次首次检查：交了模型，发现这些事项 › 交出方交了模型：有哪些事项要处理，各由谁处理，每一项要做什么？,3,catalogue ×1; example-main ×2,#/fixture,"Step 1 ‹ A first check: the model was handed over, and these items were found › The handing-over side has handed over its model: which items need deal"
E374,1,T1 示例主线与 C2 必需,batch-1015,10/15 批，未核,10/15 批，未核,Y,,10-15,domain-517,D,示例名称（含第二入口）,RUN_LABELS,pair-verdicts,The same check record: conclusions on pairs of elements (simulated example),同一份检查记录：成对构件的判断（模拟示例）,界面文字（为本界面所写）,,,,Y,,Y,,,,,Y,Y,,,,4,catalogue ×1; example-other ×2; secondary ×1,#/fixture,这些示例还没有写说明，复检记录暂时只有编号；本轮没有改到它们。 ‹ 同一份检查记录：成对构件的判断（模拟示例） › 复检记录 1（模拟示例）,3,catalogue ×1; example-other ×2,#/fixture,"These examples have no description yet, and the recheck records have o ‹ The same check record: conclusions on pairs of elements (simulated example) › Recheck record 1 (simulated example)"
E375,1,T1 示例主线与 C2 必需,batch-1015,10/15 批，未核,10/15 批，未核,Y,,10-15,domain-517,D,示例名称（含第二入口）,RUN_LABELS,recheck-both-reissued,Recheck record 1 (simulated example),复检记录 1（模拟示例）,界面文字（为本界面所写）,,,,Y,,Y,,,,,Y,Y,,,,4,catalogue ×1; example-other ×2; secondary ×1,#/fixture,同一份检查记录：成对构件的判断（模拟示例） ‹ 复检记录 1（模拟示例） › 复检记录 2（模拟示例）,3,catalogue ×1; example-other ×2,#/fixture,The same check record: conclusions on pairs of elements (simulated exa ‹ Recheck record 1 (simulated example) › Recheck record 2 (simulated example)
E376,1,T1 示例主线与 C2 必需,batch-1015,10/15 批，未核,10/15 批，未核,Y,,10-15,domain-517,D,示例名称（含第二入口）,RUN_LABELS,recheck-comparison,Recheck record 2 (simulated example),复检记录 2（模拟示例）,界面文字（为本界面所写）,,,,Y,,Y,,,,,Y,Y,,,,4,catalogue ×1; example-other ×2; secondary ×1,#/fixture,复检记录 1（模拟示例） ‹ 复检记录 2（模拟示例） › 复检记录 3（模拟示例）,3,catalogue ×1; example-other ×2,#/fixture,Recheck record 1 (simulated example) ‹ Recheck record 2 (simulated example) › Recheck record 3 (simulated example)
E377,1,T1 示例主线与 C2 必需,batch-1015,10/15 批，未核,10/15 批，未核,Y,,10-15,domain-517,D,示例名称（含第二入口）,RUN_LABELS,recheck-consuming-reissued,Recheck record 3 (simulated example),复检记录 3（模拟示例）,界面文字（为本界面所写）,,,,Y,,Y,,,,,Y,Y,,,,4,catalogue ×1; example-other ×2; secondary ×1,#/fixture,复检记录 2（模拟示例） ‹ 复检记录 3（模拟示例） › 复检记录 4（模拟示例）,3,catalogue ×1; example-other ×2,#/fixture,Recheck record 2 (simulated example) ‹ Recheck record 3 (simulated example) › Recheck record 4 (simulated example)
E378,1,T1 示例主线与 C2 必需,batch-1015,10/15 批，未核,10/15 批，未核,Y,,10-15,domain-517,D,示例名称（含第二入口）,RUN_LABELS,recheck-key-change-only,Recheck record 4 (simulated example),复检记录 4（模拟示例）,界面文字（为本界面所写）,,,,Y,,Y,,,,,Y,Y,,,,4,catalogue ×1; example-other ×2; secondary ×1,#/fixture,复检记录 3（模拟示例） ‹ 复检记录 4（模拟示例） › 复检记录 5（模拟示例）,3,catalogue ×1; example-other ×2,#/fixture,Recheck record 3 (simulated example) ‹ Recheck record 4 (simulated example) › Recheck record 5 (simulated example)
E379,1,T1 示例主线与 C2 必需,batch-1015,10/15 批，未核,10/15 批，未核,Y,,10-15,domain-517,D,示例名称（含第二入口）,RUN_LABELS,recheck-member-gone,Recheck record 5 (simulated example),复检记录 5（模拟示例）,界面文字（为本界面所写）,,,,Y,,Y,,,,,Y,Y,,,,4,catalogue ×1; example-other ×2; secondary ×1,#/fixture,复检记录 4（模拟示例） ‹ 复检记录 5（模拟示例） › 复检记录 6（模拟示例）,3,catalogue ×1; example-other ×2,#/fixture,Recheck record 4 (simulated example) ‹ Recheck record 5 (simulated example) › Recheck record 6 (simulated example)
E380,1,T1 示例主线与 C2 必需,batch-1015,10/15 批，未核,10/15 批，未核,Y,,10-15,domain-517,D,示例名称（含第二入口）,RUN_LABELS,recheck-prior-without-basis,Recheck record 6 (simulated example),复检记录 6（模拟示例）,界面文字（为本界面所写）,,,,Y,,Y,,,,,Y,Y,,,,4,catalogue ×1; example-other ×2; secondary ×1,#/fixture,复检记录 5（模拟示例） ‹ 复检记录 6（模拟示例） › 复检记录 7（模拟示例）,3,catalogue ×1; example-other ×2,#/fixture,Recheck record 5 (simulated example) ‹ Recheck record 6 (simulated example) › Recheck record 7 (simulated example)
E381,1,T1 示例主线与 C2 必需,batch-1015,10/15 批，未核,10/15 批，未核,Y,,10-15,domain-517,D,示例名称（含第二入口）,RUN_LABELS,recheck-producing-reissued,Recheck record 7 (simulated example),复检记录 7（模拟示例）,界面文字（为本界面所写）,,,,Y,,Y,,,,,Y,Y,,,,4,catalogue ×1; example-other ×2; secondary ×1,#/fixture,复检记录 6（模拟示例） ‹ 复检记录 7（模拟示例） › 复检记录 8（模拟示例）,3,catalogue ×1; example-other ×2,#/fixture,Recheck record 6 (simulated example) ‹ Recheck record 7 (simulated example) › Recheck record 8 (simulated example)
E382,1,T1 示例主线与 C2 必需,batch-1015,10/15 批，未核,10/15 批，未核,Y,,10-15,domain-517,D,示例名称（含第二入口）,RUN_LABELS,recheck-producing-reissued-content-changed,Recheck record 8 (simulated example),复检记录 8（模拟示例）,界面文字（为本界面所写）,,,,Y,,Y,,,,,Y,Y,,,,4,catalogue ×1; example-other ×2; secondary ×1,#/fixture,复检记录 7（模拟示例） ‹ 复检记录 8（模拟示例） › 复检记录 10（模拟示例）,3,catalogue ×1; example-other ×2,#/fixture,Recheck record 7 (simulated example) ‹ Recheck record 8 (simulated example) › Recheck record 10 (simulated example)
E383,1,T1 示例主线与 C2 必需,batch-1015,10/15 批，未核,10/15 批，未核,Y,,10-15,domain-517,D,示例名称（含第二入口）,RUN_LABELS,recheck-requirement-relaxed,"The models did not change, but a handover conclusion did",模型未改，但交接判断发生变化,界面文字（为本界面所写）,,,,Y,,Y,Y,,,,,Y,,,,19,catalogue ×1; example-main ×17; secondary ×1,#/fixture,第二步 ‹ 模型未改，但交接判断发生变化 › 同一份记录复检之后：两侧模型都没有重新发布，却有判断变了。变的是哪一项，为什么？,17,catalogue ×1; example-main ×16,#/fixture,"Step 2 ‹ The models did not change, but a handover conclusion did › The same record after a recheck: neither model was re-issued, yet a co"
E384,1,T1 示例主线与 C2 必需,batch-1015,10/15 批，未核,10/15 批，未核,Y,,10-15,domain-517,D,示例名称（含第二入口）,RUN_LABELS,recheck-semantics-changed,Recheck record 10 (simulated example),复检记录 10（模拟示例）,界面文字（为本界面所写）,,,,Y,,Y,,,,,Y,Y,,,,4,catalogue ×1; example-other ×2; secondary ×1,#/fixture,复检记录 8（模拟示例） ‹ 复检记录 10（模拟示例）,3,catalogue ×1; example-other ×2,#/fixture,Recheck record 8 (simulated example) ‹ Recheck record 10 (simulated example)
Q01,1,T1 示例主线与 C2 必需,new,新增，未核,#48 新增，未核,Y,,,,D,,SOURCE_SUMMARY,lead,"A simulated example shipped with the tool, not your model; project settings such as teams are for demonstration, not for formal project decisions.",随附的模拟示例，不是你的模型；团队等项目设定为演示用，不能用于正式项目决定。,界面文字（为本界面所写）,,,,Y,,Y,Y,,,,Y,Y,,,,465,catalogue ×1; example-main ×43; example-other ×138; secondary ×283,#/fixture,返回首页 ‹ 随附的模拟示例，不是你的模型；团队等项目设定为演示用，不能用于正式项目决定。 结论引用的证据是真实的还是模拟的，逐条标在结论旁的“依据”一行。 来源说明 › 模拟示例：示例中的项目设定，包括处理团队安排、证据方法的接受等，是演示用设定，不代表真实项目决定；一个结论的证据可能是真实检查的结果、模拟的,321,catalogue ×1; example-main ×41; example-other ×138; secondary ×141,#/fixture,"Back to the home page ‹ A simulated example shipped with the tool, not your model; project settings such as teams are for demonstratio › Simulated example: the project settings in the example, including the"
Q02,1,T1 示例主线与 C2 必需,new,新增，未核,#48 新增，未核,Y,,,,D,,SOURCE_SUMMARY,cites,"This record's conclusions cite {kinds}, labelled citation by citation on the ""Basis"" line beside each conclusion.",这份记录的结论引用了：{kinds}，逐条标在结论旁的“依据”一行。,界面文字（为本界面所写）,,,,Y,,,Y,,,,Y,Y,,,,464,example-main ×43; example-other ×138; secondary ×283,#/fixture/member-evidence,返回首页 ‹ 随附的模拟示例，不是你的模型；团队等项目设定为演示用，不能用于正式项目决定。 这份记录的结论引用了：真实检查输出、模拟的人工判定，逐条标在结论旁的“依据”一行。 来源说明 › 模拟示例：示例中的项目设定，包括处理团队安排、证据方法的接受等，是演示用设定，不代表真实项目决定；一个结论的证据可能是真实检查的结果、模拟的,320,example-main ×41; example-other ×138; secondary ×141,#/fixture/member-evidence,"Back to the home page ‹ A simulated example shipped with the tool, not your model; project settings such as teams are for demonstratio › Simulated example: the project settings in the example, including the"
Q04,1,T1 示例主线与 C2 必需,new,新增，未核,#48 新增，未核,Y,,,,D,,SOURCE_SUMMARY,noRecord,"Whether the evidence a conclusion cites is real or simulated is labelled citation by citation on the ""Basis"" line beside it.",结论引用的证据是真实的还是模拟的，逐条标在结论旁的“依据”一行。,界面文字（为本界面所写）,,,Y,Y,,Y,,,,,,,,,,1,catalogue ×1,#/fixture,返回首页 ‹ 随附的模拟示例，不是你的模型；团队等项目设定为演示用，不能用于正式项目决定。 结论引用的证据是真实的还是模拟的，逐条标在结论旁的“依据”一行。 来源说明 › 模拟示例：示例中的项目设定，包括处理团队安排、证据方法的接受等，是演示用设定，不代表真实项目决定；一个结论的证据可能是真实检查的结果、模拟的,1,catalogue ×1,#/fixture,"Back to the home page ‹ A simulated example shipped with the tool, not your model; project settings such as teams are for demonstratio › Simulated example: the project settings in the example, including the"
Q05,1,T1 示例主线与 C2 必需,new,新增，未核,#48 新增，未核,Y,,,,D,,SOURCE_SUMMARY,kinds.finding-real,real check output,真实检查输出,界面文字（为本界面所写）,,G003,,Y,,,Y,,,,Y,Y,,,,452,example-main ×43; example-other ×138; secondary ×271,#/fixture/member-evidence,返回首页 ‹ 随附的模拟示例，不是你的模型；团队等项目设定为演示用，不能用于正式项目决定。 这份记录的结论引用了：真实检查输出、模拟的人工判定，逐条标在结论旁的“依据”一行。 来源说明 › 模拟示例：示例中的项目设定，包括处理团队安排、证据方法的接受等，是演示用设定，不代表真实项目决定；一个结论的证据可能是真实检查的结果、模拟的,320,example-main ×41; example-other ×138; secondary ×141,#/fixture/member-evidence,"Back to the home page ‹ A simulated example shipped with the tool, not your model; project settings such as teams are for demonstratio › Simulated example: the project settings in the example, including the"
Q06,1,T1 示例主线与 C2 必需,new,新增，未核,#48 新增，未核,Y,,,,D,,SOURCE_SUMMARY,kinds.finding-fixture,simulated check results,模拟的检查结果,界面文字（为本界面所写）,,G005,,Y,,,Y,,,,Y,Y,,,,452,example-main ×43; example-other ×138; secondary ×271,#/fixture/member-evidence,随附的模拟示例，不是你的模型；团队等项目设定为演示用，不能用于正式项目决定。 这份记录的结论引用了：真实检查输出、模拟的人工判定，逐条标在结 ‹ 模拟示例：示例中的项目设定，包括处理团队安排、证据方法的接受等，是演示用设定，不代表真实项目决定；一个结论的证据可能是真实检查的结果、模拟的检查结果或模拟的人工判定，具体是哪一种，看每个结论旁的“依据”一行（按逐条引用标 › ← 返回示例目录,231,example-main ×27; example-other ×105; secondary ×99,#/fixture/recheck-requirement-relaxed,"Back to the home page ‹ A simulated example shipped with the tool, not your model; project settings such as teams are for demonstratio › Simulated example: the project settings in the example, including the"
Q07,1,T1 示例主线与 C2 必需,new,新增，未核,#48 新增，未核,Y,,,,D,,SOURCE_SUMMARY,kinds.determination-fixture,simulated human determinations,模拟的人工判定,界面文字（为本界面所写）,,G006,,Y,,,Y,,,,Y,Y,,,,452,example-main ×43; example-other ×138; secondary ×271,#/fixture/member-evidence,返回首页 ‹ 随附的模拟示例，不是你的模型；团队等项目设定为演示用，不能用于正式项目决定。 这份记录的结论引用了：真实检查输出、模拟的人工判定，逐条标在结论旁的“依据”一行。 来源说明 › 模拟示例：示例中的项目设定，包括处理团队安排、证据方法的接受等，是演示用设定，不代表真实项目决定；一个结论的证据可能是真实检查的结果、模拟的,320,example-main ×41; example-other ×138; secondary ×141,#/fixture/member-evidence,"Back to the home page ‹ A simulated example shipped with the tool, not your model; project settings such as teams are for demonstratio › Simulated example: the project settings in the example, including the"
Q08,1,T1 示例主线与 C2 必需,new,新增，未核,#48 新增，未核,Y,,,,D,,SOURCE_SUMMARY,kinds.determination-unmarked,determinations of unstated source,来源未标注的判定,界面文字（为本界面所写）,,G007,,Y,,,Y,,,,Y,Y,,,,452,example-main ×43; example-other ×138; secondary ×271,#/fixture/member-evidence,模拟的人工判定 带模拟标记的判定引用：由示例提供，没有任何协调评审真的发生过。 ‹ 来源未标注的判定 未带模拟标记的判定引用：判定不是检查运行的输出，本界面也没有可核依据说明它来自哪里，因此不作真实或模拟的断言。 › 处理团队与默认处理角色,0,,,
Q11,1,T1 示例主线与 C2 必需,new,新增，未核,#48 新增，未核,Y,,,,D,,SOURCE_SUMMARY,more,About the sources,来源说明,界面文字（为本界面所写）,,,,Y,,Y,Y,,,,Y,Y,,,,465,catalogue ×1; example-main ×43; example-other ×138; secondary ×283,#/fixture,返回首页 ‹ 随附的模拟示例，不是你的模型；团队等项目设定为演示用，不能用于正式项目决定。 结论引用的证据是真实的还是模拟的，逐条标在结论旁的“依据”一行。 来源说明 › 模拟示例：示例中的项目设定，包括处理团队安排、证据方法的接受等，是演示用设定，不代表真实项目决定；一个结论的证据可能是真实检查的结果、模拟的,321,catalogue ×1; example-main ×41; example-other ×138; secondary ×141,#/fixture,"Back to the home page ‹ A simulated example shipped with the tool, not your model; project settings such as teams are for demonstratio › Simulated example: the project settings in the example, including the"
E386,1,T1 示例主线与 C2 必需,changed,10/8 后改句，需重核,W6：Tag 对不上时给的办法在 Revit 里做不到；#50 已改句（10/8 已核的是改前原句），需重核,Y,,10-08 A,domain-517,D,Tag 不一致后的行动,TAG_WORDS,note,"The IFC Tag is a marker written into the IFC at export; what Revit writes is usually the element's ElementId. To check: in Revit, use ""Select by ID"" with this ID and see whether the selected object's name and class match this page; if they do, work from it; if they do not, do not change anything by this Tag: locate the object by its GlobalId in an IFC viewer, read its name, type and location, find the object in Revit by these and check it, then make the change in the source model.",IFC Tag 是导出时写进 IFC 的标记；Revit 导出的通常是构件的 ElementId。核对：在 Revit 里用“按 ID 选择”选中这个 ID，看选中对象的名称和类别是否与本页相同；相同再按它处理，不同就不要按这个 Tag 去改：在 IFC 查看器里按 GlobalId 定位，读出名称、类型和位置，再在 Revit 里按这些找到对象并核对，然后在源模型里修改。,界面文字（为本界面所写）,,,,Y,,,,Y,,,,,,,,6,local-result ×6,#/local/c653c7e0bb676a4a/finding/eed53402-33a9-5b7a-9d4c-a912e10c4566,23uPJWDfXEcwHH3kdFgV9c复制 ‹ IFC Tag 是导出时写进 IFC 的标记；Revit 导出的通常是构件的 ElementId。核对：在 Revit 里用“按 ID 选择”选中这个 ID，看选中对象的名称和类别是否与本页相同；相同再按它处理，不同就不 › 在 Revit 里按 ID 找对象，不要按楼层找：本页的楼层取自 IFC 文件里的空间归属，不一定能和 Revit 明细表里的标高对上。,6,local-result ×6,#/local/c653c7e0bb676a4a/finding/eed53402-33a9-5b7a-9d4c-a912e10c4566,"23uPJWDfXEcwHH3kdFgV9cCopy ‹ The IFC Tag is a marker written into the IFC at export; what Revit writes is usually the element's ElementId.  › Find the object in Revit by its ID, not by storey: the storey on this"
E387,1,T1 示例主线与 C2 必需,reviewed,10/8 已核,10/8 A 层已核，句子未变,N,,10-08 A,domain-517,D,Tag 不一致后的行动,TAG_WORDS,byIdNotStorey,"Find the object in Revit by its ID, not by storey: the storey on this page is the IFC file's spatial assignment, which may not match the levels in a Revit schedule.",在 Revit 里按 ID 找对象，不要按楼层找：本页的楼层取自 IFC 文件里的空间归属，不一定能和 Revit 明细表里的标高对上。,界面文字（为本界面所写）,,,,Y,,,,Y,,,,,,,,6,local-result ×6,#/local/c653c7e0bb676a4a/finding/eed53402-33a9-5b7a-9d4c-a912e10c4566,IFC Tag 是导出时写进 IFC 的标记；Revit 导出的通常是构件的 ElementId。核对：在 Revit 里用“按 ID 选择 ‹ 在 Revit 里按 ID 找对象，不要按楼层找：本页的楼层取自 IFC 文件里的空间归属，不一定能和 Revit 明细表里的标高对上。 › 在 IFC 里定位用 GlobalId。,6,local-result ×6,#/local/c653c7e0bb676a4a/finding/eed53402-33a9-5b7a-9d4c-a912e10c4566,"The IFC Tag is a marker written into the IFC at export; what Revit wri ‹ Find the object in Revit by its ID, not by storey: the storey on this page is the IFC file's spatial assignmen › To find it in the IFC, use the GlobalId."
E388,1,T1 示例主线与 C2 必需,reviewed,10/8 已核,10/8 A 层已核，句子未变,N,,10-08 A,domain-517,D,Tag 不一致后的行动,TAG_WORDS,storeyFromIfc,"The storey on this page is the IFC file's spatial assignment, which may not match the levels in a Revit schedule; do not look for the object by storey alone.",本页的楼层取自 IFC 文件里的空间归属，不一定能和 Revit 明细表里的标高对上，不要只按楼层去找。,界面文字（为本界面所写）,,,,N,,,,,,,,,本地结果页的代码能到达，本次渲染未触发（取决于用户自己的模型）,,,0,,,,0,,,
E389,1,T1 示例主线与 C2 必需,reviewed,10/8 已核,10/8 A 层已核，句子未变,N,,10-08 A,domain-517,D,Tag 不一致后的行动,TAG_WORDS,sources.model-file,The model file has no Tag for this element.,模型文件里这个构件没有写 Tag。,界面文字（为本界面所写）,,,,N,,,,,,,,,本地结果页的代码能到达，本次渲染未触发（取决于用户自己的模型）,,,0,,,,0,,,
E390,1,T1 示例主线与 C2 必需,reviewed,10/8 已核,10/8 A 层已核，句子未变,N,,10-08 A,domain-517,D,Tag 不一致后的行动,TAG_WORDS,sources.model-file-not-located,"The model file this check read was not found, so the Tag cannot be read.",没有找到这次检查读的那个模型文件，所以读不到 Tag。,界面文字（为本界面所写）,,,,N,,,,,,,,,本地结果页的代码能到达，本次渲染未触发（取决于用户自己的模型）,,,0,,,,0,,,
E391,1,T1 示例主线与 C2 必需,reviewed,10/8 已核,10/8 A 层已核，句子未变,N,,10-08 A,domain-517,D,Tag 不一致后的行动,TAG_WORDS,sources.model-file-differs,"The model file in the workspace is no longer the version this check read, so the Tag is not read.",工作区里的模型文件已经不是这次检查读的那个版本，所以不读取 Tag。,界面文字（为本界面所写）,,,,N,,,,,,,,,本地结果页的代码能到达，本次渲染未触发（取决于用户自己的模型）,,,0,,,,0,,,
E392,1,T1 示例主线与 C2 必需,reviewed,10/8 已核,10/8 A 层已核，句子未变,N,,10-08 A,domain-517,D,Tag 不一致后的行动,TAG_WORDS,sourceNotCarried,"The returned data does not say where this model's Tags are read from, so there is no Tag.",返回数据没有说明这个模型的 Tag 从哪里读，所以没有 Tag。,界面文字（为本界面所写）,,,,N,,,,,,,,,本地结果页的代码能到达，本次渲染未触发（取决于用户自己的模型）,,,0,,,,0,,,
E393,1,T1 示例主线与 C2 必需,reviewed,10/8 已核,10/8 A 层已核，句子未变,N,,10-08 A,domain-517,D,Tag 不一致后的行动,TAG_WORDS,modelLevel,This result is about the whole model; there is no single element to find.,这条结果针对整个模型，没有具体构件可找。,界面文字（为本界面所写）,,,,Y,,,,Y,,,,,,,,2,local-result ×2,#/local/c653c7e0bb676a4a/finding/e43d5972-49ae-52ec-ba20-e6bda07966c6,回到 Revit 找哪个对象 ‹ 这条结果针对整个模型，没有具体构件可找。 › 所属模型,2,local-result ×2,#/local/c653c7e0bb676a4a/finding/e43d5972-49ae-52ec-ba20-e6bda07966c6,Which object to find in Revit ‹ This result is about the whole model; there is no single element to find. › Model
E394,1,T1 示例主线与 C2 必需,reviewed,10/8 已核,10/8 A 层已核，句子未变,N,,10-08 A,domain-517,D,Tag 不一致后的行动,TAG_WORDS,useGlobalId,"To find it in the IFC, use the GlobalId.",在 IFC 里定位用 GlobalId。,界面文字（为本界面所写）,,,,Y,,,,Y,,,,,,,,6,local-result ×6,#/local/c653c7e0bb676a4a/finding/eed53402-33a9-5b7a-9d4c-a912e10c4566,在 Revit 里按 ID 找对象，不要按楼层找：本页的楼层取自 IFC 文件里的空间归属，不一定能和 Revit 明细表里的标高对上。 ‹ 在 IFC 里定位用 GlobalId。 › 要改什么,6,local-result ×6,#/local/c653c7e0bb676a4a/finding/eed53402-33a9-5b7a-9d4c-a912e10c4566,"Find the object in Revit by its ID, not by storey: the storey on this  ‹ To find it in the IFC, use the GlobalId. › What to change"
E395,1,T1 示例主线与 C2 必需,reviewed,10/8 已核,10/8 A 层已核，句子未变,N,,10-08 A,domain-517,D,Tag 不一致后的行动,TAG_WORDS,short.model-file,No Tag in the file,文件里没有 Tag,界面文字（为本界面所写）,,,,N,,,,,,,,,本地结果页的代码能到达，本次渲染未触发（取决于用户自己的模型）,,,0,,,,0,,,
E396,1,T1 示例主线与 C2 必需,reviewed,10/8 已核,10/8 A 层已核，句子未变,N,,10-08 A,domain-517,D,Tag 不一致后的行动,TAG_WORDS,short.model-file-not-located,Model file not found,未找到模型文件,界面文字（为本界面所写）,,,,N,,,,,,,,,本地结果页的代码能到达，本次渲染未触发（取决于用户自己的模型）,,,0,,,,0,,,
E397,1,T1 示例主线与 C2 必需,reviewed,10/8 已核,10/8 A 层已核，句子未变,N,,10-08 A,domain-517,D,Tag 不一致后的行动,TAG_WORDS,short.model-file-differs,Model file version differs,模型文件版本不同,界面文字（为本界面所写）,,,,N,,,,,,,,,本地结果页的代码能到达，本次渲染未触发（取决于用户自己的模型）,,,0,,,,0,,,
E398,1,T1 示例主线与 C2 必需,reviewed,10/8 已核,10/8 A 层已核，句子未变,N,,10-08 A,domain-517,D,Tag 不一致后的行动,TAG_WORDS,short.notCarried,Source not stated,来源未说明,界面文字（为本界面所写）,,,,N,,,,,,,,,本地结果页的代码能到达，本次渲染未触发（取决于用户自己的模型）,,,0,,,,0,,,
E399,1,T1 示例主线与 C2 必需,reviewed,10/8 已核,10/8 A 层已核，句子未变,N,,10-08 A,domain-517,D,Tag 不一致后的行动,TAG_WORDS,short.modelLevel,Whole model,整个模型,界面文字（为本界面所写）,G037,G037,,Y,,,,Y,,,,,,,,8,local-result ×8,flow:check-both:result,1 条：不适用 ‹ 单位是条：一条是一个构件在一条要求下的结果；模型里没有这条要求适用的构件时，是整个模型的一条。 › 检查了什么,8,local-result ×8,flow:check-both:result,Not applicable ‹ Whole model › Whole model
E402,1,T1 示例主线与 C2 必需,reviewed,10/8 已核,10/8 A 层已核，句子未变,N,,10-08 A,domain-517,D,英文判断词,VERDICT_GROUPS,changed.notes.none,"Neither model was re-issued, yet these conclusions changed: the change does not come from a model edit. Each item's old evidence says what changed.",两侧模型都没有重新发布，这些项的判断却变了：变化不来自模型改动。每一项的旧证据写明变了的是什么。,界面文字（为本界面所写）,,,,Y,,,Y,,,,,,,,,4,example-main ×4,#/fixture/recheck-requirement-relaxed,记录同时显示：和这一项放在一起评估的旧证据里，有 2 条的检查要求变了；记录不说明是放宽还是收紧。读这个结论时要一并看，逐条见“复检前的证据 ‹ 两侧模型都没有重新发布，这些项的判断却变了：变化不来自模型改动。每一项的旧证据写明变了的是什么。 › 复检前引用的 15 条旧证据里，有 2 条的检查要求变了。,4,example-main ×4,#/fixture/recheck-requirement-relaxed,"The record also shows that, among the old evidence assessed together w ‹ Neither model was re-issued, yet these conclusions changed: the change does not come from a model edit. Each i › Of the old evidence cited before the recheck (15 in all), the check re"
E007,1,T1 示例主线与 C2 必需,reviewed,10/8 已核,10/8 A 层已核，句子未变,N,,10-08 A,original-12,O,英文判断词,VERDICT_LABELS,READY,Ready,可以开始,记录的判断码（首字母大写）,,,,Y,,,Y,,,,Y,,,,,181,example-main ×43; example-other ×138,#/fixture/member-evidence,记录没有为下面这些事项给出后续处理动作。每一行的结论各自成立，范围写在它旁边。 ‹ building element ｜ 土建预留开洞：可以开始 › 这个结论建立在模拟证据上：模拟的人工判定 ×1,179,example-main ×41; example-other ×138,#/fixture/member-evidence,The record gives no follow-up action for the items below. Each line's  ‹ building element | Builder's-work openings: Ready › This conclusion rests on simulated evidence:Simulated human determinat
E008,1,T1 示例主线与 C2 必需,reviewed,10/8 已核,10/8 A 层已核，句子未变,N,,10-08 A,original-12,O,英文判断词,VERDICT_LABELS,BLOCKED,Blocked,受阻,记录的判断码（首字母大写）,,,,Y,,,Y,,,,Y,,,,,181,example-main ×43; example-other ×138,#/fixture/member-evidence,本次结果：共 13 个事项，其中 8 个需要处理 ‹ 4 个事项：对应的那项工作 受阻 › 4 个事项：对应的那项工作 无法判断,179,example-main ×41; example-other ×138,#/fixture/member-evidence,This result: 13 in all; to deal with: 8 ‹ 4 items: the work concerned is Blocked › 4 items: the work concerned is Unknown
E009,1,T1 示例主线与 C2 必需,reviewed,10/8 已核,10/8 A 层已核，句子未变,N,,10-08 A,original-12,O,英文判断词,VERDICT_LABELS,UNKNOWN,Unknown,无法判断,记录的判断码（首字母大写）,,,,Y,,,Y,,,,Y,,,,,181,example-main ×43; example-other ×138,#/fixture/member-evidence,4 个事项：对应的那项工作 受阻 ‹ 4 个事项：对应的那项工作 无法判断 › 5 个事项：记录没有给出后续处理动作（列在本页下方）,179,example-main ×41; example-other ×138,#/fixture/member-evidence,4 items: the work concerned is Blocked ‹ 4 items: the work concerned is Unknown › 5 items: the record gives no follow-up action (listed further down thi
E411,1,T1 示例主线与 C2 必需,reviewed,10/8 已核,10/8 A 层已核，句子未变,N,,10-08 A,domain-517,D,范围限制,VERDICT_SCOPE,,"Each conclusion is about one piece of the receiving side's work, this item within this assessment's scope, and the listed model versions; it is not an overall verdict on whether the model is good, nor a statement that some check passed.",每个判断只针对接收方的一项工作、本次评估范围内的这一项，以及所列的模型版本；它不是“模型好不好”的总评，也不是“某项检查通过了”。,界面文字（为本界面所写）,,,,Y,,,Y,,,,Y,,,,,181,example-main ×43; example-other ×138,#/fixture/member-evidence,无法判断：回答这个问题所需的证据没有产生，这项工作能否开始无法决定：既不能放行，也不能拒绝。 ‹ 每个判断只针对接收方的一项工作、本次评估范围内的这一项，以及所列的模型版本；它不是“模型好不好”的总评，也不是“某项检查通过了”。 › 证据来源的标注,179,example-main ×41; example-other ×138,#/fixture/member-evidence,"Unknown: An evidence gap makes the activity undecidable — the evidence ‹ Each conclusion is about one piece of the receiving side's work, this item within this assessment's scope, and › How the source of evidence is labelled"
E010,1,T1 示例主线与 C2 必需,reviewed,10/8 已核,10/8 A 层已核，句子未变,N,,10-08 A,original-12,O,英文判断词,VERDICT_WORDS,READY,"Every piece of necessary evidence is present and satisfies the applicable acceptance conditions, and there is no unresolved blocker and no evidence gap. The activity can start, within the assessed scope",必要的证据齐全且满足验收条件，没有未解决的阻碍，也没有证据缺口：在本次评估范围内，这项工作可以开始,产品文档的判断词定义（逐字）,,,,Y,,,Y,,,,Y,,,,,181,example-main ×43; example-other ×138,#/fixture/member-evidence,可以开始 ‹ 可以开始：必要的证据齐全且满足验收条件，没有未解决的阻碍，也没有证据缺口：在本次评估范围内，这项工作可以开始。 › 受阻,179,example-main ×41; example-other ×138,#/fixture/member-evidence,"Ready ‹ Ready: Every piece of necessary evidence is present and satisfies the applicable acceptance conditions, and th › Blocked"
E011,1,T1 示例主线与 C2 必需,reviewed,10/8 已核,10/8 A 层已核，句子未变,N,,10-08 A,original-12,O,英文判断词,VERDICT_WORDS,BLOCKED,A known unmet requirement prevents the activity,有一项已知未满足的要求，阻止这项工作,产品文档的判断词定义（逐字）,,,,Y,,,Y,,,,Y,,,,,181,example-main ×43; example-other ×138,#/fixture/member-evidence,受阻 ‹ 受阻：有一项已知未满足的要求，阻止这项工作。 › 无法判断,179,example-main ×41; example-other ×138,#/fixture/member-evidence,Blocked ‹ Blocked: A known unmet requirement prevents the activity. › Unknown
E012,1,T1 示例主线与 C2 必需,reviewed,10/8 已核,10/8 A 层已核，句子未变,N,,10-08 A,original-12,O,英文判断词,VERDICT_WORDS,UNKNOWN,"An evidence gap makes the activity undecidable — the evidence needed to answer the question was never produced, so neither release nor refusal can be justified",回答这个问题所需的证据没有产生，这项工作能否开始无法决定：既不能放行，也不能拒绝,产品文档的判断词定义（逐字）,,,,Y,,,Y,,,,Y,,,,,181,example-main ×43; example-other ×138,#/fixture/member-evidence,无法判断 ‹ 无法判断：回答这个问题所需的证据没有产生，这项工作能否开始无法决定：既不能放行，也不能拒绝。 › 每个判断只针对接收方的一项工作、本次评估范围内的这一项，以及所列的模型版本；它不是“模型好不好”的总评，也不是“某项检查通过了”。,179,example-main ×41; example-other ×138,#/fixture/member-evidence,"Unknown ‹ Unknown: An evidence gap makes the activity undecidable — the evidence needed to answer the question was never › Each conclusion is about one piece of the receiving side's work, this"
E600,1,T1 示例主线与 C2 必需,b-tier,B 层，10/8 未核,B 层，10/8 未核（让到 10/15）,Y,,10-08 B,candidate-ui,U,候选（可让出）：处理角色／指派、行动——界面用语表里带含义的句子,WORK,unchanged,{work}: {before} ({note}),{work}：{before} （{note}）,界面文字（为本界面所写）,,,,Y,,Y,Y,Y,,,Y,,,,,112,example-main ×26; example-other ×86,#/fixture/recheck-requirement-relaxed,风口 IfcAirTerminal · 00 groundfloor · 模型 hvac ‹ 土建预留开洞：无法判断 （复检前后未变） › 同组事项共用的依据：还没有判定（真实的缺席） ×2,120,catalogue ×1; example-main ×27; local-result ×2; example-other ×90,#/fixture,"These examples have no description yet, and the recheck records have o ‹ The same check record: conclusions on pairs of elements (simulated example) › Recheck record 1 (simulated example)"
E601,1,T1 示例主线与 C2 必需,b-tier,B 层，10/8 未核,B 层，10/8 未核（让到 10/15）,Y,,10-08 B,candidate-ui,U,候选（可让出）：处理角色／指派、行动——界面用语表里带含义的句子,WORK,changed,{work}: before the recheck {before} → now {now},{work}：复检前 {before} → 现在 {now},界面文字（为本界面所写）,,,,Y,,,Y,,,,Y,,,,,35,example-main ×4; example-other ×31,#/fixture/recheck-requirement-relaxed,1 个事项的结论和复检前不同： ‹ building element ｜ 房间数据表与设备明细表：复检前 受阻 → 现在 可以开始 › 同组事项共用的依据，其中有模拟证据：模拟的检查结果 ×2,35,example-main ×4; example-other ×31,#/fixture/recheck-requirement-relaxed,"1 item's conclusion differs from before the recheck: ‹ building element | Room data sheets and equipment schedules: before the recheck Blocked → now Ready › Basis shared by the items in this group, some of it simulated:Simulate"
E416,1,T1 示例主线与 C2 必需,reviewed,10/8 已核,10/8 A 层已核，句子未变,N,,10-08 A,domain-517,D,PASS／FAIL／N/A／拒绝区别（C2 工作区结果页）,WORKSPACE,back,← Back to the home page,← 返回首页,界面文字（为本界面所写）,,,,Y,,,,Y,Y,,,,,,,35,local-result ×16; local-start ×19,flow:check-both:result,返回首页 ‹ ← 返回首页 › 一次真实检查的结果,35,local-result ×16; local-start ×19,flow:check-both:result,Back to the home page ‹ ← Back to the home page › Results of a real check
E420,1,T1 示例主线与 C2 必需,reviewed,10/8 已核,10/8 A 层已核，句子未变,N,,10-08 A,domain-517,D,PASS／FAIL／N/A／拒绝区别（C2 工作区结果页）,WORKSPACE,resultTitle,Results of a real check,一次真实检查的结果,界面文字（为本界面所写）,,,,Y,,,,Y,,,,,,,,16,local-result ×16,flow:check-both:result,← 返回首页 ‹ 一次真实检查的结果 › 这是产品验证练习的结果：只检查风口是否声明了四种预定义类型之一。不通过不等于原项目有缺陷；通过不证明分类正确、洞口存在、模型已对齐或任何工作,16,local-result ×16,flow:check-both:result,← Back to the home page ‹ Results of a real check › This is the result of a product validation exercise: it only checks wh
E421,1,T1 示例主线与 C2 必需,reviewed,10/8 已核,10/8 A 层已核，句子未变,N,,10-08 A,domain-517,D,PASS／FAIL／N/A／拒绝区别（C2 工作区结果页）,WORKSPACE,noJudgement,"These are the results of a check, not a handover judgement: the page says only whether each element passed, failed or was not applicable under each requirement, and concludes nothing about whether any work can start.",这是一次检查的结果，不是交接判断：页面只说每个构件在每条要求下通过、不通过还是不适用，不对任何工作能否开始下结论。,界面文字（为本界面所写）,,,,Y,,,,Y,,,,,,,,16,local-result ×16,flow:check-both:result,不计算几何。没有形体的构件不会让整次检查中断，它的检查结果、标识和下一步照常显示；本次结果也没有 3D 视图。 ‹ 这是一次检查的结果，不是交接判断：页面只说每个构件在每条要求下通过、不通过还是不适用，不对任何工作能否开始下结论。 › 本次结果：共 3 条检查结果,16,local-result ×16,flow:check-both:result,"No geometry is computed. An element without a shape does not stop the  ‹ These are the results of a check, not a handover judgement: the page says only whether each element passed, fa › This result: 3 check results"
E422,1,T1 示例主线与 C2 必需,reviewed,10/8 已核,10/8 A 层已核，句子未变,N,,10-08 A,domain-517,D,PASS／FAIL／N/A／拒绝区别（C2 工作区结果页）,WORKSPACE,summary.one,This result: {count} check result,本次结果：共 {count} 条检查结果,界面文字（为本界面所写）,,G039,,Y,,,,Y,,,,,,,,16,local-result ×16,flow:check-both:result,这是一次检查的结果，不是交接判断：页面只说每个构件在每条要求下通过、不通过还是不适用，不对任何工作能否开始下结论。 ‹ 本次结果：共 3 条检查结果 › 2 条：不通过,16,local-result ×16,flow:check-both:result,"These are the results of a check, not a handover judgement: the page s ‹ This result: 3 check results › 2 rows: Fail"
E423,1,T1 示例主线与 C2 必需,reviewed,10/8 已核,10/8 A 层已核，句子未变,N,,10-08 A,domain-517,D,PASS／FAIL／N/A／拒绝区别（C2 工作区结果页）,WORKSPACE,summary.other,This result: {count} check results,本次结果：共 {count} 条检查结果,界面文字（为本界面所写）,,G039,,Y,,,,Y,,,,,,,,16,local-result ×16,flow:check-both:result,这是一次检查的结果，不是交接判断：页面只说每个构件在每条要求下通过、不通过还是不适用，不对任何工作能否开始下结论。 ‹ 本次结果：共 3 条检查结果 › 2 条：不通过,13,local-result ×13,flow:check-both:result,"These are the results of a check, not a handover judgement: the page s ‹ This result: 3 check results › 2 rows: Fail"
E424,1,T1 示例主线与 C2 必需,reviewed,10/8 已核,10/8 A 层已核，句子未变,N,,10-08 A,domain-517,D,PASS／FAIL／N/A／拒绝区别（C2 工作区结果页）,WORKSPACE,unit,"The unit is one result: one element under one requirement; where a model has no element the requirement applies to, it is one result for the whole model.",单位是条：一条是一个构件在一条要求下的结果；模型里没有这条要求适用的构件时，是整个模型的一条。,界面文字（为本界面所写）,,,,Y,,,,Y,,,,,,,,16,local-result ×16,flow:check-both:result,1 条：不适用 ‹ 单位是条：一条是一个构件在一条要求下的结果；模型里没有这条要求适用的构件时，是整个模型的一条。 › 检查了什么,16,local-result ×16,flow:check-both:result,1 row: Not applicable ‹ The unit is one result: one element under one requirement; where a model has no element the requirement applie › What was checked
E425,1,T1 示例主线与 C2 必需,reviewed,10/8 已核,10/8 A 层已核，句子未变,N,,10-08 A,domain-517,D,PASS／FAIL／N/A／拒绝区别（C2 工作区结果页）,WORKSPACE,compareLink,See the comparison with the earlier run,看与前一次运行的对比,界面文字（为本界面所写）,,,,N,,,,,,,,,本地结果页的代码能到达，本次渲染未触发（取决于用户自己的模型）,,,0,,,,0,,,
E426,1,T1 示例主线与 C2 必需,reviewed,10/8 已核,10/8 A 层已核，句子未变,N,,10-08 A,domain-517,D,PASS／FAIL／N/A／拒绝区别（C2 工作区结果页）,WORKSPACE,compareTeaser,The server was also started with an earlier run. Before and after:,服务器启动时还指定了前一次运行。两次结果的前后对比：,界面文字（为本界面所写）,,,,N,,,,,,,,,本地结果页的代码能到达，本次渲染未触发（取决于用户自己的模型）,,,0,,,,0,,,
E427,1,T1 示例主线与 C2 必需,reviewed,10/8 已核,10/8 A 层已核，句子未变,N,,10-08 A,domain-517,D,PASS／FAIL／N/A／拒绝区别（C2 工作区结果页）,WORKSPACE,checkedHeading,What was checked,检查了什么,界面文字（为本界面所写）,,,,Y,,,,Y,,,,,,,,16,local-result ×16,flow:check-both:result,单位是条：一条是一个构件在一条要求下的结果；模型里没有这条要求适用的构件时，是整个模型的一条。 ‹ 检查了什么 › PV-001 风口要声明四种预定义类型之一,16,local-result ×16,flow:check-both:result,The unit is one result: one element under one requirement; where a mod ‹ What was checked › PV-001 Air terminals declare one of four predefined types
E428,1,T1 示例主线与 C2 必需,reviewed,10/8 已核,10/8 A 层已核，句子未变,N,,10-08 A,domain-517,D,PASS／FAIL／N/A／拒绝区别（C2 工作区结果页）,WORKSPACE,ruleTitle,Requirement,要求,界面文字（为本界面所写）,G013,G013,,Y,,,Y,,Y,,Y,,,,,40,example-main ×6; local-start ×10; example-other ×24,#/fixture/recheck-requirement-relaxed/recheck/5/0,本次记录引用的对应证据：fixture/finding/ec6d9787-ff54-505d-a9c7-eb09f4b6dce2复制 模拟的 ‹ 复检前那次评估时，这条证据的要求和结果如下。有这段说明不等于这一行可以比较；这一行的状态以上面写的为准。 › 要求,39,example-main ×5; local-start ×10; example-other ×24,#/fixture/recheck-requirement-relaxed/recheck/5/0,"At the assessment before the recheck, this evidence's requirement and  ‹ Requirement › IFCRELCONTAINEDINSPATIALSTRUCTURE"
E429,1,T1 示例主线与 C2 必需,reviewed,10/8 已核,10/8 A 层已核，句子未变,N,,10-08 A,domain-517,D,PASS／FAIL／N/A／拒绝区别（C2 工作区结果页）,WORKSPACE,rulePredicate,What this rule asks,这条规则要求,界面文字（为本界面所写）,,,,Y,,,,Y,,,,,,,,16,local-result ×16,flow:check-both:result,返回数据的标签（ProductValidation）标明：这是一条产品验证规则。 ‹ 这条规则要求 › 每个适用的风口（IfcAirTerminal）都要声明预定义类型，取值是 DIFFUSER、GRILLE、LOUVRE、REGISTER 之,16,local-result ×16,flow:check-both:result,The label in the returned data (ProductValidation) says: this is a pro ‹ What this rule asks › Every applicable air terminal (IfcAirTerminal) declares a predefined t
E430,1,T1 示例主线与 C2 必需,reviewed,10/8 已核,10/8 A 层已核，句子未变,N,,10-08 A,domain-517,D,PASS／FAIL／N/A／拒绝区别（C2 工作区结果页）,WORKSPACE,ruleExpected,The rule's own words,规则的原话（英文）,界面文字（为本界面所写）,G014,G014,,Y,,,Y,Y,,,Y,,,,,74,example-main ×15; local-result ×8; example-other ×51,#/fixture/member-evidence/item/2/2/0,那次检查没有观察到值 ‹ 规则的原话（英文） › SystemCode data shall be provided in the dataset EPC_Delivery,73,example-main ×14; local-result ×8; example-other ×51,#/fixture/member-evidence/item/2/2/0,That check observed no value ‹ The rule's own words › SystemCode data shall be provided in the dataset EPC_Delivery
E431,1,T1 示例主线与 C2 必需,reviewed,10/8 已核,10/8 A 层已核，句子未变,N,,10-08 A,domain-517,D,PASS／FAIL／N/A／拒绝区别（C2 工作区结果页）,WORKSPACE,ruleOrigin,"Source (the returned data's citation, as written)",出处（返回数据的引文，英文原文）,界面文字（为本界面所写）,,,,Y,,,,Y,,,,,,,,16,local-result ×16,flow:check-both:result,每个适用的风口（IfcAirTerminal）都要声明预定义类型，取值是 DIFFUSER、GRILLE、LOUVRE、REGISTER 之 ‹ 出处（返回数据的引文，英文原文） › 本仓库的产品验证规则；不是项目、业主、法规或 buildingSMART 的要求。取值来自 IFC4 ADD2 TC1 的 IfcAirTe,16,local-result ×16,flow:check-both:result,"Every applicable air terminal (IfcAirTerminal) declares a predefined t ‹ Source (the returned data's citation, as written) › Product validation rule of this repository; not a project, owner, stat"
E432,1,T1 示例主线与 C2 必需,reviewed,10/8 已核,10/8 A 层已核，句子未变,N,,10-08 A,domain-517,D,PASS／FAIL／N/A／拒绝区别（C2 工作区结果页）,WORKSPACE,ruleLabels,Labels in the returned data,返回数据的标签,界面文字（为本界面所写）,,,,Y,,,,Y,,,,,,,,16,local-result ×16,flow:check-both:result,PV-001 风口要声明四种预定义类型之一 ‹ 返回数据的标签（ProductValidation）标明：这是一条产品验证规则。 › 这条规则要求,16,local-result ×16,flow:check-both:result,"Product validation rule of this repository; not a project, owner, stat ‹ Labels in the returned data › IDS ProductValidation"
E433,1,T1 示例主线与 C2 必需,reviewed,10/8 已核,10/8 A 层已核，句子未变,N,,10-08 A,domain-517,D,PASS／FAIL／N/A／拒绝区别（C2 工作区结果页）,WORKSPACE,productValidation,The label in the returned data (ProductValidation) says: this is a product validation rule.,返回数据的标签（ProductValidation）标明：这是一条产品验证规则。,界面文字（为本界面所写）,,,,Y,,,,Y,,,,,,,,16,local-result ×16,flow:check-both:result,PV-001 风口要声明四种预定义类型之一 ‹ 返回数据的标签（ProductValidation）标明：这是一条产品验证规则。 › 这条规则要求,16,local-result ×16,flow:check-both:result,PV-001 Air terminals declare one of four predefined types ‹ The label in the returned data (ProductValidation) says: this is a product validation rule. › What this rule asks
E434,1,T1 示例主线与 C2 必需,reviewed,10/8 已核,10/8 A 层已核，句子未变,N,,10-08 A,domain-517,D,PASS／FAIL／N/A／拒绝区别（C2 工作区结果页）,WORKSPACE,noRuleNotes,This interface has written no notes for this rule; the rule's own words in the returned data are what counts.,本界面没有为这条规则写中文说明；规则以返回数据里的英文原话为准。,界面文字（为本界面所写）,,,,N,,,,,,,,,本地结果页的代码能到达，本次渲染未触发（取决于用户自己的模型）,,,0,,,,0,,,
E435,1,T1 示例主线与 C2 必需,reviewed,10/8 已核,10/8 A 层已核，句子未变,N,,10-08 A,domain-517,D,PASS／FAIL／N/A／拒绝区别（C2 工作区结果页）,WORKSPACE,noRequirement,The returned data has no description of the requirement this result belongs to.,返回数据没有这条结果所属要求的说明。,界面文字（为本界面所写）,,,,N,,,,,,,,,本地结果页的代码能到达，本次渲染未触发（取决于用户自己的模型）,,,0,,,,0,,,
E436,1,T1 示例主线与 C2 必需,reviewed,10/8 已核,10/8 A 层已核，句子未变,N,,10-08 A,domain-517,D,PASS／FAIL／N/A／拒绝区别（C2 工作区结果页）,WORKSPACE,listHeading,"Results, one by one",逐条结果,界面文字（为本界面所写）,,,,Y,,,,Y,,,,,,,,16,local-result ×16,flow:check-both:result,IDS ProductValidation ‹ 逐条结果 › 全部 3,16,local-result ×16,flow:check-both:result,"IDS ProductValidation ‹ Results, one by one › All 3"
E437,1,T1 示例主线与 C2 必需,reviewed,10/8 已核,10/8 A 层已核，句子未变,N,,10-08 A,domain-517,D,PASS／FAIL／N/A／拒绝区别（C2 工作区结果页）,WORKSPACE,filterLabel,"Find by IFC Tag, name or GlobalId",按 IFC Tag、名称或 GlobalId 查找,界面文字（为本界面所写）,,,,Y,,,,Y,,,,,,,,16,local-result ×16,flow:check-both:result,不适用 1 ‹ 按 IFC Tag、名称或 GlobalId 查找 › 显示 3 条，共 3 条,16,local-result ×16,flow:check-both:result,"Not applicable 1 ‹ Find by IFC Tag, name or GlobalId › Showing 3 of 3"
E438,1,T1 示例主线与 C2 必需,reviewed,10/8 已核,10/8 A 层已核，句子未变,N,,10-08 A,domain-517,D,PASS／FAIL／N/A／拒绝区别（C2 工作区结果页）,WORKSPACE,filterAll,All,全部,界面文字（为本界面所写）,,,,N,,,,,,,,,本地结果页的代码能到达，本次渲染未触发（取决于用户自己的模型）,,,0,,,,0,,,
E439,1,T1 示例主线与 C2 必需,reviewed,10/8 已核,10/8 A 层已核，句子未变,N,,10-08 A,domain-517,D,PASS／FAIL／N/A／拒绝区别（C2 工作区结果页）,WORKSPACE,filterNone,No result matches the filter.,没有符合筛选条件的结果。,界面文字（为本界面所写）,,,,N,,,,,,,,,本地结果页的代码能到达，本次渲染未触发（取决于用户自己的模型）,,,0,,,,0,,,
E440,1,T1 示例主线与 C2 必需,reviewed,10/8 已核,10/8 A 层已核，句子未变,N,,10-08 A,domain-517,D,PASS／FAIL／N/A／拒绝区别（C2 工作区结果页）,WORKSPACE,filterShown,Showing {shown} of {count},显示 {shown} 条，共 {count} 条,界面文字（为本界面所写）,,,,Y,,,,Y,,,,,,,,16,local-result ×16,flow:check-both:result,按 IFC Tag、名称或 GlobalId 查找 ‹ 显示 3 条，共 3 条 › 结果,16,local-result ×16,flow:check-both:result,"Find by IFC Tag, name or GlobalId ‹ Showing 3 of 3 › Result"
E441,1,T1 示例主线与 C2 必需,reviewed,10/8 已核,10/8 A 层已核，句子未变,N,,10-08 A,domain-517,D,PASS／FAIL／N/A／拒绝区别（C2 工作区结果页）,WORKSPACE,columns.status,Result,结果,界面文字（为本界面所写）,G040,G040,,Y,,,,Y,,,,,,,,16,local-result ×16,flow:check-both:result,← 返回首页 ‹ 一次真实检查的结果 › 这是产品验证练习的结果：只检查风口是否声明了四种预定义类型之一。不通过不等于原项目有缺陷；通过不证明分类正确、洞口存在、模型已对齐或任何工作,16,local-result ×16,flow:check-both:result,← Back to the home page ‹ Results of a real check › This is the result of a product validation exercise: it only checks wh
E442,1,T1 示例主线与 C2 必需,reviewed,10/8 已核,10/8 A 层已核，句子未变,N,,10-08 A,domain-517,D,PASS／FAIL／N/A／拒绝区别（C2 工作区结果页）,WORKSPACE,columns.tag,IFC Tag,IFC Tag,界面文字（为本界面所写）,,,,Y,,,,Y,,,,,,,,16,local-result ×16,flow:check-both:result,不适用 1 ‹ 按 IFC Tag、名称或 GlobalId 查找 › 显示 3 条，共 3 条,16,local-result ×16,flow:check-both:result,"Not applicable 1 ‹ Find by IFC Tag, name or GlobalId › Showing 3 of 3"
E443,1,T1 示例主线与 C2 必需,reviewed,10/8 已核,10/8 A 层已核，句子未变,N,,10-08 A,domain-517,D,PASS／FAIL／N/A／拒绝区别（C2 工作区结果页）,WORKSPACE,columns.name,Name,名称,界面文字（为本界面所写）,G041,G041,,Y,,,,Y,,,,Y,,,,156,local-result ×16; secondary ×140,flow:check-both:result,不适用 1 ‹ 按 IFC Tag、名称或 GlobalId 查找 › 显示 3 条，共 3 条,16,local-result ×16,flow:check-both:result,IFC Tag ‹ Name › Class
E444,1,T1 示例主线与 C2 必需,reviewed,10/8 已核,10/8 A 层已核，句子未变,N,,10-08 A,domain-517,D,PASS／FAIL／N/A／拒绝区别（C2 工作区结果页）,WORKSPACE,columns.class,Class,类别,界面文字（为本界面所写）,G042,G042,,Y,,,Y,Y,,,Y,,,,,173,example-main ×39; local-result ×16; example-other ×118,#/fixture/member-evidence/item/0/1/0,building element ‹ 类别 › 风管段 IfcDuctSegment,171,example-main ×37; local-result ×16; example-other ×118,#/fixture/member-evidence/item/0/1/0,building element ‹ Class › IfcDuctSegment (IFC class)
E445,1,T1 示例主线与 C2 必需,reviewed,10/8 已核,10/8 A 层已核，句子未变,N,,10-08 A,domain-517,D,PASS／FAIL／N/A／拒绝区别（C2 工作区结果页）,WORKSPACE,columns.storey,Storey (IFC),楼层（IFC）,界面文字（为本界面所写）,G043,G043,,Y,,,,Y,,,,,,,,16,local-result ×16,flow:check-both:result,类别 ‹ 楼层（IFC） › 模型,16,local-result ×16,flow:check-both:result,Class ‹ Storey (IFC) › Model
E446,1,T1 示例主线与 C2 必需,reviewed,10/8 已核,10/8 A 层已核，句子未变,N,,10-08 A,domain-517,D,PASS／FAIL／N/A／拒绝区别（C2 工作区结果页）,WORKSPACE,columns.model,Model,模型,界面文字（为本界面所写）,G044,G028,,Y,,,Y,Y,Y,,Y,Y,,,,320,example-main ×28; local-result ×16; local-start ×10; example-other ×123; secondary ×143,#/fixture/recheck-requirement-relaxed,返回首页 ‹ 随附的模拟示例，不是你的模型；团队等项目设定为演示用，不能用于正式项目决定。 这份记录的结论引用了：真实检查输出、模拟的检查结果、模拟的人工判定，逐条标在结论旁的“依据”一行。 来源说明 › 模拟示例：示例中的项目设定，包括处理团队安排、证据方法的接受等，是演示用设定，不代表真实项目决定；一个结论的证据可能是真实检查的结果、模拟的,191,example-main ×39; local-result ×16; example-other ×136,#/fixture/member-evidence/item/0/1/0,00 groundfloor ‹ Model › hvac: the handing-over side's model in this handover
E447,1,T1 示例主线与 C2 必需,reviewed,10/8 已核,10/8 A 层已核，句子未变,N,,10-08 A,domain-517,D,PASS／FAIL／N/A／拒绝区别（C2 工作区结果页）,WORKSPACE,pickOne,Choose a result from the list to see its details here.,从结果列表里选一条，在这里看它的详情。,界面文字（为本界面所写）,,,,Y,,,,Y,,,,,,,,8,local-result ×8,flow:check-both:result,building-architecture（Architecture） ‹ 从结果列表里选一条，在这里看它的详情。 › 追溯信息：这次检查的运行号、规则集版本与模型文件,8,local-result ×8,flow:check-both:result,"building-architecture (Architecture) ‹ Choose a result from the list to see its details here. › Tracing: this check's run identifier, rule set version and model files"
E448,1,T1 示例主线与 C2 必需,reviewed,10/8 已核,10/8 A 层已核，句子未变,N,,10-08 A,domain-517,D,PASS／FAIL／N/A／拒绝区别（C2 工作区结果页）,WORKSPACE,detailKicker,One result of a real check,一条真实检查结果,界面文字（为本界面所写）,,,,Y,,,,Y,,,,,,,,8,local-result ×8,#/local/c653c7e0bb676a4a/finding/e43d5972-49ae-52ec-ba20-e6bda07966c6,building-architecture（Architecture） ‹ 一条真实检查结果 › 整个模型：building-architecture（Architecture）,8,local-result ×8,#/local/c653c7e0bb676a4a/finding/e43d5972-49ae-52ec-ba20-e6bda07966c6,building-architecture (Architecture) ‹ One result of a real check › Whole model: building-architecture (Architecture)
E449,1,T1 示例主线与 C2 必需,reviewed,10/8 已核,10/8 A 层已核，句子未变,N,,10-08 A,domain-517,D,PASS／FAIL／N/A／拒绝区别（C2 工作区结果页）,WORKSPACE,wholeModel,Whole model,整个模型,界面文字（为本界面所写）,G037,G037,,Y,,,,Y,,,,,,,,8,local-result ×8,flow:check-both:result,1 条：不适用 ‹ 单位是条：一条是一个构件在一条要求下的结果；模型里没有这条要求适用的构件时，是整个模型的一条。 › 检查了什么,8,local-result ×8,flow:check-both:result,Not applicable ‹ Whole model › Whole model
E450,1,T1 示例主线与 C2 必需,reviewed,10/8 已核,10/8 A 层已核，句子未变,N,,10-08 A,domain-517,D,PASS／FAIL／N/A／拒绝区别（C2 工作区结果页）,WORKSPACE,resultHeading,Result,结果,界面文字（为本界面所写）,G040,G040,,Y,,,,Y,,,,,,,,16,local-result ×16,flow:check-both:result,← 返回首页 ‹ 一次真实检查的结果 › 这是产品验证练习的结果：只检查风口是否声明了四种预定义类型之一。不通过不等于原项目有缺陷；通过不证明分类正确、洞口存在、模型已对齐或任何工作,16,local-result ×16,flow:check-both:result,← Back to the home page ‹ Results of a real check › This is the result of a product validation exercise: it only checks wh
E451,1,T1 示例主线与 C2 必需,reviewed,10/8 已核,10/8 A 层已核，句子未变,N,,10-08 A,domain-517,D,PASS／FAIL／N/A／拒绝区别（C2 工作区结果页）,WORKSPACE,findHeading,Which object to find in Revit,回到 Revit 找哪个对象,界面文字（为本界面所写）,,,,Y,,,,Y,,,,,,,,8,local-result ×8,#/local/c653c7e0bb676a4a/finding/e43d5972-49ae-52ec-ba20-e6bda07966c6,不适用：这个模型里没有这条要求适用的构件。不适用不是通过。 ‹ 回到 Revit 找哪个对象 › 这条结果针对整个模型，没有具体构件可找。,8,local-result ×8,#/local/c653c7e0bb676a4a/finding/e43d5972-49ae-52ec-ba20-e6bda07966c6,Not applicable: this model has no element the requirement applies to.  ‹ Which object to find in Revit › This result is about the whole model; there is no single element to fi
E452,1,T1 示例主线与 C2 必需,reviewed,10/8 已核,10/8 A 层已核，句子未变,N,,10-08 A,domain-517,D,PASS／FAIL／N/A／拒绝区别（C2 工作区结果页）,WORKSPACE,actionHeading,What to change,要改什么,界面文字（为本界面所写）,,,,Y,,,,Y,,,,,,,,5,local-result ×5,#/local/c653c7e0bb676a4a/finding/eed53402-33a9-5b7a-9d4c-a912e10c4566,在 IFC 里定位用 GlobalId。 ‹ 要改什么 › 改成什么,5,local-result ×5,#/local/c653c7e0bb676a4a/finding/eed53402-33a9-5b7a-9d4c-a912e10c4566,"To find it in the IFC, use the GlobalId. ‹ What to change › Change it to"
E453,1,T1 示例主线与 C2 必需,reviewed,10/8 已核,10/8 A 层已核，句子未变,N,,10-08 A,domain-517,D,PASS／FAIL／N/A／拒绝区别（C2 工作区结果页）,WORKSPACE,actionWhat,Change it to,改成什么,界面文字（为本界面所写）,,,,Y,,,,Y,,,,,,,,5,local-result ×5,#/local/c653c7e0bb676a4a/finding/eed53402-33a9-5b7a-9d4c-a912e10c4566,要改什么 ‹ 改成什么 › 回到 Revit 源模型，让这个风口导出后的预定义类型是 DIFFUSER、GRILLE、LOUVRE、REGISTER 之一；重新导出 I,5,local-result ×5,#/local/c653c7e0bb676a4a/finding/eed53402-33a9-5b7a-9d4c-a912e10c4566,What to change ‹ Change it to › Go back to the Revit source model and make this air terminal's exporte
E454,1,T1 示例主线与 C2 必需,reviewed,10/8 已核,10/8 A 层已核，句子未变,N,,10-08 A,domain-517,D,PASS／FAIL／N/A／拒绝区别（C2 工作区结果页）,WORKSPACE,actionReads,Where the checker reads,检查器读哪里,界面文字（为本界面所写）,,,,Y,,,,Y,,,,,,,,5,local-result ×5,#/local/c653c7e0bb676a4a/finding/eed53402-33a9-5b7a-9d4c-a912e10c4566,回到 Revit 源模型，让这个风口导出后的预定义类型是 DIFFUSER、GRILLE、LOUVRE、REGISTER 之一；重新导出 I ‹ 检查器读哪里 › 检查器先看导出的 IFC 里它的类型对象：类型上是四个值之一，比较类型上的值；类型声明 USERDEFINED，比较它的自由文本；类型什么也,5,local-result ×5,#/local/c653c7e0bb676a4a/finding/eed53402-33a9-5b7a-9d4c-a912e10c4566,Go back to the Revit source model and make this air terminal's exporte ‹ Where the checker reads › The checker looks first at its type object in the exported IFC: if the
E455,1,T1 示例主线与 C2 必需,reviewed,10/8 已核,10/8 A 层已核，句子未变,N,,10-08 A,domain-517,D,PASS／FAIL／N/A／拒绝区别（C2 工作区结果页）,WORKSPACE,actionRevise,Where to change it in Revit,在 Revit 里改哪里,界面文字（为本界面所写）,,,,Y,,,,Y,,,,,,,,5,local-result ×5,#/local/c653c7e0bb676a4a/finding/eed53402-33a9-5b7a-9d4c-a912e10c4566,检查器先看导出的 IFC 里它的类型对象：类型上是四个值之一，比较类型上的值；类型声明 USERDEFINED，比较它的自由文本；类型什么也 ‹ 在 Revit 里改哪里 › 这个值在 Revit 里从哪里写出（类型还是实例、哪个参数、哪项导出设置），返回数据没有记录，本页不指定。改之前先在 Revit 里确认；如,5,local-result ×5,#/local/c653c7e0bb676a4a/finding/eed53402-33a9-5b7a-9d4c-a912e10c4566,"The checker looks first at its type object in the exported IFC: if the ‹ Where to change it in Revit › Where this value is written from in Revit (type or instance, which par"
E456,1,T1 示例主线与 C2 必需,reviewed,10/8 已核,10/8 A 层已核，句子未变,N,,10-08 A,domain-517,D,PASS／FAIL／N/A／拒绝区别（C2 工作区结果页）,WORKSPACE,actionUndecided,Not decided yet,还没有决定的,界面文字（为本界面所写）,,,,Y,,,,Y,,,,,,,,5,local-result ×5,#/local/c653c7e0bb676a4a/finding/eed53402-33a9-5b7a-9d4c-a912e10c4566,这个值在 Revit 里从哪里写出（类型还是实例、哪个参数、哪项导出设置），返回数据没有记录，本页不指定。改之前先在 Revit 里确认；如 ‹ 还没有决定的 › 取哪一个值、由谁决定和操作，返回数据都没有提供。规则只要求四个值之一，不判断哪一个对。,5,local-result ×5,#/local/c653c7e0bb676a4a/finding/eed53402-33a9-5b7a-9d4c-a912e10c4566,"Where this value is written from in Revit (type or instance, which par ‹ Not decided yet › Which value to use, and who decides and makes the change, the returned"
E457,1,T1 示例主线与 C2 必需,reviewed,10/8 已核,10/8 A 层已核，句子未变,N,,10-08 A,domain-517,D,PASS／FAIL／N/A／拒绝区别（C2 工作区结果页）,WORKSPACE,requirementHeading,"The requirement, and what this check observed",具体要求与这次检查的观察,界面文字（为本界面所写）,,,,Y,,,,Y,,,,,,,,8,local-result ×8,#/local/c653c7e0bb676a4a/finding/e43d5972-49ae-52ec-ba20-e6bda07966c6,Building-Architecture.ifc ‹ 具体要求与这次检查的观察 › 规则的原话（英文）,8,local-result ×8,#/local/c653c7e0bb676a4a/finding/e43d5972-49ae-52ec-ba20-e6bda07966c6,"Building-Architecture.ifc ‹ The requirement, and what this check observed › The rule's own words"
E458,1,T1 示例主线与 C2 必需,reviewed,10/8 已核,10/8 A 层已核，句子未变,N,,10-08 A,domain-517,D,PASS／FAIL／N/A／拒绝区别（C2 工作区结果页）,WORKSPACE,reason,Reason (as the check result gives it),原因（检查结果的原文）,界面文字（为本界面所写）,,,,Y,,,,Y,,,,,,,,8,local-result ×8,#/local/c653c7e0bb676a4a/finding/e43d5972-49ae-52ec-ba20-e6bda07966c6,"Shall be IFCAIRTERMINAL data of type {'enumeration': ['DIFFUSER', 'GRI ‹ 原因（检查结果的原文） › 这个模型里没有这条要求适用的构件",8,local-result ×8,#/local/c653c7e0bb676a4a/finding/e43d5972-49ae-52ec-ba20-e6bda07966c6,"Shall be IFCAIRTERMINAL data of type {'enumeration': ['DIFFUSER', 'GRI ‹ Reason (as the check result gives it) › No applicable elements exist in this model."
E459,1,T1 示例主线与 C2 必需,reviewed,10/8 已核,10/8 A 层已核，句子未变,N,,10-08 A,domain-517,D,PASS／FAIL／N/A／拒绝区别（C2 工作区结果页）,WORKSPACE,actual,Observed value,观察值一栏,界面文字（为本界面所写）,,,,Y,,,,Y,,,,,,,,8,local-result ×8,#/local/c653c7e0bb676a4a/finding/e43d5972-49ae-52ec-ba20-e6bda07966c6,No applicable elements exist in this model. ‹ 观察值一栏 › 检查结果中为空。,8,local-result ×8,#/local/c653c7e0bb676a4a/finding/e43d5972-49ae-52ec-ba20-e6bda07966c6,No applicable elements exist in this model. ‹ Observed value › Empty in the check result.
E460,1,T1 示例主线与 C2 必需,reviewed,10/8 已核,10/8 A 层已核，句子未变,N,,10-08 A,domain-517,D,PASS／FAIL／N/A／拒绝区别（C2 工作区结果页）,WORKSPACE,actualEmpty,Empty in the check result.,检查结果中为空。,界面文字（为本界面所写）,,,,Y,,,,Y,,,,,,,,8,local-result ×8,#/local/c653c7e0bb676a4a/finding/e43d5972-49ae-52ec-ba20-e6bda07966c6,观察值一栏 ‹ 检查结果中为空。 › 追溯信息：这条结果的内部键,8,local-result ×8,#/local/c653c7e0bb676a4a/finding/e43d5972-49ae-52ec-ba20-e6bda07966c6,Observed value ‹ Empty in the check result. › Tracing: this result's internal keys
E461,1,T1 示例主线与 C2 必需,reviewed,10/8 已核,10/8 A 层已核，句子未变,N,,10-08 A,domain-517,D,PASS／FAIL／N/A／拒绝区别（C2 工作区结果页）,WORKSPACE,actualHidden,The check result carries an observed value; this page does not show it.,检查结果带有观察值；本页不显示取值。,界面文字（为本界面所写）,,,,N,,,,,,,,,本地结果页的代码能到达，本次渲染未触发（取决于用户自己的模型）,,,0,,,,0,,,
E462,1,T1 示例主线与 C2 必需,reviewed,10/8 已核,10/8 A 层已核，句子未变,N,,10-08 A,domain-517,D,PASS／FAIL／N/A／拒绝区别（C2 工作区结果页）,WORKSPACE,recheckHeading,What to look at in a recheck,复检时看什么,界面文字（为本界面所写）,,,,Y,,,,Y,,,,,,,,5,local-result ×5,#/local/c653c7e0bb676a4a/finding/eed53402-33a9-5b7a-9d4c-a912e10c4566,取哪一个值、由谁决定和操作，返回数据都没有提供。规则只要求四个值之一，不判断哪一个对。 ‹ 复检时看什么 › 用同一规则集版本、同一组模型和同一导出设置重新检查，看这个构件在这条要求下的结果。,5,local-result ×5,#/local/c653c7e0bb676a4a/finding/eed53402-33a9-5b7a-9d4c-a912e10c4566,"Which value to use, and who decides and makes the change, the returned ‹ What to look at in a recheck › Check again with the same rule set version, the same set of models and"
E463,1,T1 示例主线与 C2 必需,reviewed,10/8 已核,10/8 A 层已核，句子未变,N,,10-08 A,domain-517,D,PASS／FAIL／N/A／拒绝区别（C2 工作区结果页）,WORKSPACE,passHeading,What this pass proves,这条通过证明了什么,界面文字（为本界面所写）,,,,Y,,,,Y,,,,,,,,1,local-result ×1,#/local/ce485f9c0c179def/finding/b642cc33-f6ce-586c-a8dd-fe64325b560e,PV-001 风口要声明四种预定义类型之一：通过 ‹ 这条通过证明了什么 › 它证明：检查器按它的读取顺序取到的那一个值（类型上的值优先；类型声明 USERDEFINED 时是它的自由文本；类型什么也没说时才读构件实例,1,local-result ×1,#/local/ce485f9c0c179def/finding/b642cc33-f6ce-586c-a8dd-fe64325b560e,PV-001 Air terminals declare one of four predefined types: Pass ‹ What this pass proves › It proves: The one value the checker took in its reading order (the ty
E464,1,T1 示例主线与 C2 必需,reviewed,10/8 已核,10/8 A 层已核，句子未变,N,,10-08 A,domain-517,D,PASS／FAIL／N/A／拒绝区别（C2 工作区结果页）,WORKSPACE,passProves,It proves: ,它证明：,界面文字（为本界面所写）,,,,Y,,,,Y,,,,,,,,1,local-result ×1,#/local/ce485f9c0c179def/finding/b642cc33-f6ce-586c-a8dd-fe64325b560e,这条通过证明了什么 ‹ 它证明：检查器按它的读取顺序取到的那一个值（类型上的值优先；类型声明 USERDEFINED 时是它的自由文本；类型什么也没说时才读构件实例），逐字等于 DIFFUSER、GRILLE、LOUVRE、REGISTER 四 › 它不证明：,1,local-result ×1,#/local/ce485f9c0c179def/finding/b642cc33-f6ce-586c-a8dd-fe64325b560e,What this pass proves ‹ It proves: The one value the checker took in its reading order (the type's value first; a USERDEFINED type's f › It does not prove:
E465,1,T1 示例主线与 C2 必需,reviewed,10/8 已核,10/8 A 层已核，句子未变,N,,10-08 A,domain-517,D,PASS／FAIL／N/A／拒绝区别（C2 工作区结果页）,WORKSPACE,passDoesNotProve,It does not prove:,它不证明：,界面文字（为本界面所写）,,,,Y,,,,Y,,,,,,,,1,local-result ×1,#/local/ce485f9c0c179def/finding/b642cc33-f6ce-586c-a8dd-fe64325b560e,它证明：检查器按它的读取顺序取到的那一个值（类型上的值优先；类型声明 USERDEFINED 时是它的自由文本；类型什么也没说时才读构件实例 ‹ 它不证明： › 取值正确：四个值中任何一个都会通过，写成 GRILLE 也会通过。,1,local-result ×1,#/local/ce485f9c0c179def/finding/b642cc33-f6ce-586c-a8dd-fe64325b560e,It proves: The one value the checker took in its reading order (the ty ‹ It does not prove: › That the value is right: any of the four passes; GRILLE passes too.
E466,1,T1 示例主线与 C2 必需,reviewed,10/8 已核,10/8 A 层已核，句子未变,N,,10-08 A,domain-517,D,PASS／FAIL／N/A／拒绝区别（C2 工作区结果页）,WORKSPACE,passNoValue,"A passing check result does not carry the value it read: it records only ""Requirement satisfied.""",通过的检查结果不带它读到的值：只记录了“要求已满足”。,界面文字（为本界面所写）,,,,Y,,,,Y,,,,,,,,1,local-result ×1,#/local/ce485f9c0c179def/finding/b642cc33-f6ce-586c-a8dd-fe64325b560e,任何工作可以开始，包括吊顶和开洞工作。 ‹ 通过的检查结果不带它读到的值：只记录了“要求已满足”。 › 回到 Revit 找哪个对象,1,local-result ×1,#/local/ce485f9c0c179def/finding/b642cc33-f6ce-586c-a8dd-fe64325b560e,"That any work can start, including ceiling and opening work. ‹ A passing check result does not carry the value it read: it records only ""Requirement satisfied."" › Which object to find in Revit"
E467,1,T1 示例主线与 C2 必需,reviewed,10/8 已核,10/8 A 层已核，句子未变,N,,10-08 A,domain-517,D,PASS／FAIL／N/A／拒绝区别（C2 工作区结果页）,WORKSPACE,passUnwritten,"A pass says only that this requirement was judged met; how far that goes, this interface has written no notes for this rule — see the rule's own words.",通过只说明这条要求被判为满足；它能证明到哪里，本界面没有为这条规则写说明，请看规则原话。,界面文字（为本界面所写）,,,,N,,,,,,,,,本地结果页的代码能到达，本次渲染未触发（取决于用户自己的模型）,,,0,,,,0,,,
E468,1,T1 示例主线与 C2 必需,reviewed,10/8 已核,10/8 A 层已核，句子未变,N,,10-08 A,domain-517,D,PASS／FAIL／N/A／拒绝区别（C2 工作区结果页）,WORKSPACE,notApplicable,Not applicable: this model has no element the requirement applies to. Not applicable is not a pass.,不适用：这个模型里没有这条要求适用的构件。不适用不是通过。,界面文字（为本界面所写）,,,,Y,,,,Y,,,,,,,,2,local-result ×2,#/local/c653c7e0bb676a4a/finding/e43d5972-49ae-52ec-ba20-e6bda07966c6,PV-001 风口要声明四种预定义类型之一：不适用 ‹ 不适用：这个模型里没有这条要求适用的构件。不适用不是通过。 › 回到 Revit 找哪个对象,2,local-result ×2,#/local/c653c7e0bb676a4a/finding/e43d5972-49ae-52ec-ba20-e6bda07966c6,PV-001 Air terminals declare one of four predefined types: Not applica ‹ Not applicable: this model has no element the requirement applies to. Not applicable is not a pass. › Which object to find in Revit
E469,1,T1 示例主线与 C2 必需,reviewed,10/8 已核,10/8 A 层已核，句子未变,N,,10-08 A,domain-517,D,PASS／FAIL／N/A／拒绝区别（C2 工作区结果页）,WORKSPACE,failNotDefect,Not meeting this product validation rule is not a delivery defect of the original project. Where this rule comes from is what the returned data's label (ProductValidation) and the citation as written say.,不满足这条产品验证规则，不等于原项目的交付缺陷。这条规则的来源以返回数据的标签（ProductValidation）和出处原文为准。,界面文字（为本界面所写）,,,,Y,,,,Y,,,,,,,,5,local-result ×5,#/local/c653c7e0bb676a4a/finding/eed53402-33a9-5b7a-9d4c-a912e10c4566,PV-001 风口要声明四种预定义类型之一：不通过 ‹ 不满足这条产品验证规则，不等于原项目的交付缺陷。这条规则的来源以返回数据的标签（ProductValidation）和出处原文为准。 › 回到 Revit 找哪个对象,5,local-result ×5,#/local/c653c7e0bb676a4a/finding/eed53402-33a9-5b7a-9d4c-a912e10c4566,PV-001 Air terminals declare one of four predefined types: Fail ‹ Not meeting this product validation rule is not a delivery defect of the original project. Where this rule com › Which object to find in Revit
E470,1,T1 示例主线与 C2 必需,reviewed,10/8 已核,10/8 A 层已核，句子未变,N,,10-08 A,domain-517,D,PASS／FAIL／N/A／拒绝区别（C2 工作区结果页）,WORKSPACE,noFinding,This check has no such result.,这次检查里没有这一条结果。,界面文字（为本界面所写）,,,,N,,,,,,,,,本地结果页的代码能到达，本次渲染未触发（取决于用户自己的模型）,,,0,,,,0,,,
E471,1,T1 示例主线与 C2 必需,reviewed,10/8 已核,10/8 A 层已核，句子未变,N,,10-08 A,domain-517,D,PASS／FAIL／N/A／拒绝区别（C2 工作区结果页）,WORKSPACE,identityHeading,"Tracing: this check's run identifier, rule set version and model files",追溯信息：这次检查的运行号、规则集版本与模型文件,界面文字（为本界面所写）,,,,Y,,,,Y,,,,,,,,16,local-result ×16,flow:check-both:result,从结果列表里选一条，在这里看它的详情。 ‹ 追溯信息：这次检查的运行号、规则集版本与模型文件 › 检查运行号,16,local-result ×16,flow:check-both:result,"Choose a result from the list to see its details here. ‹ Tracing: this check's run identifier, rule set version and model files › Check run identifier"
E472,1,T1 示例主线与 C2 必需,reviewed,10/8 已核,10/8 A 层已核，句子未变,N,,10-08 A,domain-517,D,PASS／FAIL／N/A／拒绝区别（C2 工作区结果页）,WORKSPACE,findingTrace,Tracing: this result's internal keys,追溯信息：这条结果的内部键,界面文字（为本界面所写）,,,,Y,,,,Y,,,,,,,,8,local-result ×8,#/local/c653c7e0bb676a4a/finding/e43d5972-49ae-52ec-ba20-e6bda07966c6,检查结果中为空。 ‹ 追溯信息：这条结果的内部键 › 检查结果键,8,local-result ×8,#/local/c653c7e0bb676a4a/finding/e43d5972-49ae-52ec-ba20-e6bda07966c6,Empty in the check result. ‹ Tracing: this result's internal keys › Check result key
E473,1,T1 示例主线与 C2 必需,reviewed,10/8 已核,10/8 A 层已核，句子未变,N,,10-08 A,domain-517,D,PASS／FAIL／N/A／拒绝区别（C2 工作区结果页）,WORKSPACE,identity.run,Check run identifier,检查运行号,界面文字（为本界面所写）,,,,Y,,,,Y,,,,,,,,16,local-result ×16,flow:check-both:result,追溯信息：这次检查的运行号、规则集版本与模型文件 ‹ 检查运行号 › product-validation-v1.0-075306c7c5fae61e复制,16,local-result ×16,flow:check-both:result,"Tracing: this check's run identifier, rule set version and model files ‹ Check run identifier › product-validation-v1.0-075306c7c5fae61eCopy"
E474,1,T1 示例主线与 C2 必需,reviewed,10/8 已核,10/8 A 层已核，句子未变,N,,10-08 A,domain-517,D,PASS／FAIL／N/A／拒绝区别（C2 工作区结果页）,WORKSPACE,identity.ruleset,Rule set,规则集,界面文字（为本界面所写）,,,,Y,,,,Y,Y,,,Y,,,,38,local-result ×16; local-start ×10; secondary ×12,flow:check-both:result,Building-Hvac.ifc（你声明的专业：暖通（HVAC）） ‹ 进度计划：规则集的阶段 Coordination 由本次检查代填，没有到期日；本页不显示到期、逾期或优先级。 › 不计算几何。没有形体的构件不会让整次检查中断，它的检查结果、标识和下一步照常显示；本次结果也没有 3D 视图。,26,local-result ×16; local-start ×10,flow:check-both:result,product-validation-v1.0-075306c7c5fae61eCopy ‹ Rule set › product-validation 1.0
E475,1,T1 示例主线与 C2 必需,reviewed,10/8 已核,10/8 A 层已核，句子未变,N,,10-08 A,domain-517,D,PASS／FAIL／N/A／拒绝区别（C2 工作区结果页）,WORKSPACE,identity.asOf,"Logical date (given by the run configuration, not when it ran)",逻辑日期（运行配置给定，不是运行的时间）,界面文字（为本界面所写）,,,,Y,,,,Y,,,,,,,,16,local-result ×16,flow:check-both:result,product-validation 1.0 ‹ 逻辑日期（运行配置给定，不是运行的时间） › 2026-08-13T00:00:00Z,16,local-result ×16,flow:check-both:result,"product-validation 1.0 ‹ Logical date (given by the run configuration, not when it ran) › 2026-08-13T00:00:00Z"
E476,1,T1 示例主线与 C2 必需,reviewed,10/8 已核,10/8 A 层已核，句子未变,N,,10-08 A,domain-517,D,PASS／FAIL／N/A／拒绝区别（C2 工作区结果页）,WORKSPACE,identity.checkers,Checkers,检查程序,界面文字（为本界面所写）,,G002,,Y,,,Y,Y,,,Y,,,,,36,example-main ×2; local-result ×16; example-other ×18,#/fixture/recheck-requirement-relaxed,比较依据有变化 × 2 ‹ 检查结果内容、检查要求变了，模型版本、检查程序未变。 × 2 › 判定引用（6 条）,16,local-result ×16,flow:check-both:result,2026-08-13T00:00:00Z ‹ Checkers › ids 1.0.0
E477,1,T1 示例主线与 C2 必需,reviewed,10/8 已核,10/8 A 层已核，句子未变,N,,10-08 A,domain-517,D,PASS／FAIL／N/A／拒绝区别（C2 工作区结果页）,WORKSPACE,identity.models,Models,模型,界面文字（为本界面所写）,G027,G028,,Y,,,Y,Y,Y,,Y,Y,,,,320,example-main ×28; local-result ×16; local-start ×10; example-other ×123; secondary ×143,#/fixture/recheck-requirement-relaxed,返回首页 ‹ 随附的模拟示例，不是你的模型；团队等项目设定为演示用，不能用于正式项目决定。 这份记录的结论引用了：真实检查输出、模拟的检查结果、模拟的人工判定，逐条标在结论旁的“依据”一行。 来源说明 › 模拟示例：示例中的项目设定，包括处理团队安排、证据方法的接受等，是演示用设定，不代表真实项目决定；一个结论的证据可能是真实检查的结果、模拟的,176,example-main ×27; local-result ×16; local-start ×10; example-other ×123,#/fixture/recheck-requirement-relaxed,6 items: the record gives no follow-up action ‹ Models: Neither model was re-issued (versions unchanged). › 1 item's conclusion differs from before the recheck:
E478,1,T1 示例主线与 C2 必需,reviewed,10/8 已核,10/8 A 层已核，句子未变,N,,10-08 A,domain-517,D,PASS／FAIL／N/A／拒绝区别（C2 工作区结果页）,WORKSPACE,identity.modelId,Model,模型,界面文字（为本界面所写）,G044,G028,,Y,,,Y,Y,Y,,Y,Y,,,,320,example-main ×28; local-result ×16; local-start ×10; example-other ×123; secondary ×143,#/fixture/recheck-requirement-relaxed,返回首页 ‹ 随附的模拟示例，不是你的模型；团队等项目设定为演示用，不能用于正式项目决定。 这份记录的结论引用了：真实检查输出、模拟的检查结果、模拟的人工判定，逐条标在结论旁的“依据”一行。 来源说明 › 模拟示例：示例中的项目设定，包括处理团队安排、证据方法的接受等，是演示用设定，不代表真实项目决定；一个结论的证据可能是真实检查的结果、模拟的,191,example-main ×39; local-result ×16; example-other ×136,#/fixture/member-evidence/item/0/1/0,00 groundfloor ‹ Model › hvac: the handing-over side's model in this handover
E479,1,T1 示例主线与 C2 必需,reviewed,10/8 已核,10/8 A 层已核，句子未变,N,,10-08 A,domain-517,D,PASS／FAIL／N/A／拒绝区别（C2 工作区结果页）,WORKSPACE,identity.declaredDiscipline,Discipline declared in the project manifest,项目清单声明的专业,界面文字（为本界面所写）,,,,Y,,,,Y,,,,,,,,16,local-result ×16,flow:check-both:result,模型 ‹ 项目清单声明的专业 › 文件,16,local-result ×16,flow:check-both:result,Model ‹ Discipline declared in the project manifest › File
E480,1,T1 示例主线与 C2 必需,reviewed,10/8 已核,10/8 A 层已核，句子未变,N,,10-08 A,domain-517,D,PASS／FAIL／N/A／拒绝区别（C2 工作区结果页）,WORKSPACE,identity.filename,File,文件,界面文字（为本界面所写）,,,,Y,,,,Y,Y,,,,,,,30,local-result ×16; local-start ×14,flow:check-both:result,从结果列表里选一条，在这里看它的详情。 ‹ 追溯信息：这次检查的运行号、规则集版本与模型文件 › 检查运行号,30,local-result ×16; local-start ×14,flow:check-both:result,Discipline declared in the project manifest ‹ File › File content digest (SHA-256)
E481,1,T1 示例主线与 C2 必需,reviewed,10/8 已核,10/8 A 层已核，句子未变,N,,10-08 A,domain-517,D,PASS／FAIL／N/A／拒绝区别（C2 工作区结果页）,WORKSPACE,identity.digest,File content digest (SHA-256),文件内容摘要（SHA-256）,界面文字（为本界面所写）,,,,Y,,,,Y,,,,,,,,16,local-result ×16,flow:check-both:result,文件 ‹ 文件内容摘要（SHA-256） › IFC Tag 的来源,16,local-result ×16,flow:check-both:result,File ‹ File content digest (SHA-256) › Where the IFC Tag comes from
E482,1,T1 示例主线与 C2 必需,reviewed,10/8 已核,10/8 A 层已核，句子未变,N,,10-08 A,domain-517,D,PASS／FAIL／N/A／拒绝区别（C2 工作区结果页）,WORKSPACE,identity.tagSource,Where the IFC Tag comes from,IFC Tag 的来源,界面文字（为本界面所写）,,,,Y,,,,Y,,,,,,,,16,local-result ×16,flow:check-both:result,文件内容摘要（SHA-256） ‹ IFC Tag 的来源 › building-architecture,16,local-result ×16,flow:check-both:result,File content digest (SHA-256) ‹ Where the IFC Tag comes from › building-architecture
E483,1,T1 示例主线与 C2 必需,reviewed,10/8 已核,10/8 A 层已核，句子未变,N,,10-08 A,domain-517,D,PASS／FAIL／N/A／拒绝区别（C2 工作区结果页）,WORKSPACE,identity.elementKey,Internal key for tracing,追溯用内部键,界面文字（为本界面所写）,,,,Y,,,Y,Y,,,Y,,,,,165,example-main ×39; local-result ×8; example-other ×118,#/fixture/member-evidence/item/0/1/0,38WbwIGD90nB_3T2BTU5Ed复制 ‹ 追溯用内部键 › hvac::38WbwIGD90nB_3T2BTU5Ed,163,example-main ×37; local-result ×8; example-other ×118,#/fixture/member-evidence/item/0/1/0,38WbwIGD90nB_3T2BTU5EdCopy ‹ Internal key for tracing › hvac::38WbwIGD90nB_3T2BTU5Ed
E484,1,T1 示例主线与 C2 必需,reviewed,10/8 已核,10/8 A 层已核，句子未变,N,,10-08 A,domain-517,D,PASS／FAIL／N/A／拒绝区别（C2 工作区结果页）,WORKSPACE,identity.findingKey,Check result key,检查结果键,界面文字（为本界面所写）,,,,Y,,,,Y,,,,,,,,8,local-result ×8,#/local/c653c7e0bb676a4a/finding/e43d5972-49ae-52ec-ba20-e6bda07966c6,追溯信息：这条结果的内部键 ‹ 检查结果键 › e43d5972-49ae-52ec-ba20-e6bda07966c6复制,8,local-result ×8,#/local/c653c7e0bb676a4a/finding/e43d5972-49ae-52ec-ba20-e6bda07966c6,Tracing: this result's internal keys ‹ Check result key › e43d5972-49ae-52ec-ba20-e6bda07966c6Copy
E485,1,T1 示例主线与 C2 必需,reviewed,10/8 已核,10/8 A 层已核，句子未变,N,,10-08 A,domain-517,D,PASS／FAIL／N/A／拒绝区别（C2 工作区结果页）,WORKSPACE,identity.requirementKey,Requirement key,要求键,界面文字（为本界面所写）,,,,Y,,,,Y,,,,,,,,8,local-result ×8,#/local/c653c7e0bb676a4a/finding/e43d5972-49ae-52ec-ba20-e6bda07966c6,e43d5972-49ae-52ec-ba20-e6bda07966c6复制 ‹ 要求键 › b1a247b3-1e71-5af1-a288-bccc51d0cc4d,8,local-result ×8,#/local/c653c7e0bb676a4a/finding/e43d5972-49ae-52ec-ba20-e6bda07966c6,e43d5972-49ae-52ec-ba20-e6bda07966c6Copy ‹ Requirement key › b1a247b3-1e71-5af1-a288-bccc51d0cc4d
E486,1,T1 示例主线与 C2 必需,reviewed,10/8 已核,10/8 A 层已核，句子未变,N,,10-08 A,domain-517,D,PASS／FAIL／N/A／拒绝区别（C2 工作区结果页）,WORKSPACE,element.name,Name,名称,界面文字（为本界面所写）,G041,G041,,Y,,,,Y,,,,Y,,,,156,local-result ×16; secondary ×140,flow:check-both:result,不适用 1 ‹ 按 IFC Tag、名称或 GlobalId 查找 › 显示 3 条，共 3 条,16,local-result ×16,flow:check-both:result,IFC Tag ‹ Name › Class
E487,1,T1 示例主线与 C2 必需,reviewed,10/8 已核,10/8 A 层已核，句子未变,N,,10-08 A,domain-517,D,PASS／FAIL／N/A／拒绝区别（C2 工作区结果页）,WORKSPACE,element.class,Class,类别,界面文字（为本界面所写）,G042,G042,,Y,,,Y,Y,,,Y,,,,,173,example-main ×39; local-result ×16; example-other ×118,#/fixture/member-evidence/item/0/1/0,building element ‹ 类别 › 风管段 IfcDuctSegment,171,example-main ×37; local-result ×16; example-other ×118,#/fixture/member-evidence/item/0/1/0,building element ‹ Class › IfcDuctSegment (IFC class)
E488,1,T1 示例主线与 C2 必需,reviewed,10/8 已核,10/8 A 层已核，句子未变,N,,10-08 A,domain-517,D,PASS／FAIL／N/A／拒绝区别（C2 工作区结果页）,WORKSPACE,element.storey,Storey (IFC),楼层（IFC）,界面文字（为本界面所写）,G043,G043,,Y,,,,Y,,,,,,,,16,local-result ×16,flow:check-both:result,类别 ‹ 楼层（IFC） › 模型,16,local-result ×16,flow:check-both:result,Class ‹ Storey (IFC) › Model
E489,1,T1 示例主线与 C2 必需,reviewed,10/8 已核,10/8 A 层已核，句子未变,N,,10-08 A,domain-517,D,PASS／FAIL／N/A／拒绝区别（C2 工作区结果页）,WORKSPACE,element.model,Model,所属模型,界面文字（为本界面所写）,G044,,,Y,,,Y,Y,,,Y,,,,,165,example-main ×39; local-result ×8; example-other ×118,#/fixture/member-evidence/item/0/1/0,00 groundfloor ‹ 所属模型 › hvac：本次交接中交出方的模型,191,example-main ×39; local-result ×16; example-other ×136,#/fixture/member-evidence/item/0/1/0,00 groundfloor ‹ Model › hvac: the handing-over side's model in this handover
E490,1,T1 示例主线与 C2 必需,reviewed,10/8 已核,10/8 A 层已核，句子未变,N,,10-08 A,domain-517,D,PASS／FAIL／N/A／拒绝区别（C2 工作区结果页）,WORKSPACE,element.file,Model file,模型文件,界面文字（为本界面所写）,,,,Y,,,,Y,,,,,,,,8,local-result ×8,#/local/c653c7e0bb676a4a/finding/e43d5972-49ae-52ec-ba20-e6bda07966c6,building-architecture（Architecture） ‹ 模型文件 › Building-Architecture.ifc,8,local-result ×8,#/local/c653c7e0bb676a4a/finding/e43d5972-49ae-52ec-ba20-e6bda07966c6,building-architecture (Architecture) ‹ Model file › Building-Architecture.ifc
E491,1,T1 示例主线与 C2 必需,reviewed,10/8 已核,10/8 A 层已核，句子未变,N,,10-08 A,domain-517,D,PASS／FAIL／N/A／拒绝区别（C2 工作区结果页）,WORKSPACE,element.globalId,GlobalId,GlobalId,界面文字（为本界面所写）,,,,Y,,,Y,Y,,,Y,Y,,,,294,example-main ×39; local-result ×6; example-other ×118; secondary ×131,#/fixture/member-evidence/item/0/1/0,记录未提供专业信息；本界面不从模型标识推断专业 ‹ GlobalId › 38WbwIGD90nB_3T2BTU5Ed复制,161,example-main ×37; local-result ×6; example-other ×118,#/fixture/member-evidence/item/0/1/0,The record gives no discipline; this interface does not infer one from ‹ GlobalId › 38WbwIGD90nB_3T2BTU5EdCopy
E503,1,T1 示例主线与 C2 必需,b-tier,B 层，10/8 未核,B 层，10/8 未核（让到 10/15）,Y,,10-08 B,domain-517,D,C2 复检对比（误读风险）,WORKSPACE_COMPARE,unchanged.one,Results that are the same in both runs: {count},两次结果相同的：{count} 条,界面文字（为本界面所写）,G046,G046,,N,,,,,,,,,本地结果页的代码能到达，本次渲染未触发（取决于用户自己的模型）,,,0,,,,0,,,
E504,1,T1 示例主线与 C2 必需,b-tier,B 层，10/8 未核,B 层，10/8 未核（让到 10/15）,Y,,10-08 B,domain-517,D,C2 复检对比（误读风险）,WORKSPACE_COMPARE,unchanged.other,Results that are the same in both runs: {count},两次结果相同的：{count} 条,界面文字（为本界面所写）,G046,G046,,N,,,,,,,,,本地结果页的代码能到达，本次渲染未触发（取决于用户自己的模型）,,,0,,,,0,,,
E508,1,T1 示例主线与 C2 必需,b-tier,B 层，10/8 未核,B 层，10/8 未核（让到 10/15）,Y,,10-08 B,domain-517,D,C2 复检对比（误读风险）,WORKSPACE_COMPARE,rows.one,{count} row,{count} 条,界面文字（为本界面所写）,,G048,,Y,,,,Y,,,,,,,zh,0,,,,12,local-result ×12,flow:check-both:result,
E509,1,T1 示例主线与 C2 必需,b-tier,B 层，10/8 未核,B 层，10/8 未核（让到 10/15）,Y,,10-08 B,domain-517,D,C2 复检对比（误读风险）,WORKSPACE_COMPARE,rows.other,{count} rows,{count} 条,界面文字（为本界面所写）,,G048,,Y,,,,Y,,,,,,,zh,0,,,,9,local-result ×9,flow:check-both:result,
E519,1,T1 示例主线与 C2 必需,b-tier,B 层，10/8 未核,B 层，10/8 未核（让到 10/15）,Y,,10-08 B,domain-517,D,C2 复检对比（误读风险）,WORKSPACE_COMPARE,inPrior.true,The element is in the earlier run's list of elements,构件在前一次的构件清单里,界面文字（为本界面所写）,,,,N,,,,,,,,,本地结果页的代码能到达，本次渲染未触发（取决于用户自己的模型）,,,0,,,,0,,,
E520,1,T1 示例主线与 C2 必需,b-tier,B 层，10/8 未核,B 层，10/8 未核（让到 10/15）,Y,,10-08 B,domain-517,D,C2 复检对比（误读风险）,WORKSPACE_COMPARE,inPrior.false,The element is not in the earlier run's list of elements,构件不在前一次的构件清单里,界面文字（为本界面所写）,,,,N,,,,,,,,,本地结果页的代码能到达，本次渲染未触发（取决于用户自己的模型）,,,0,,,,0,,,
E521,1,T1 示例主线与 C2 必需,b-tier,B 层，10/8 未核,B 层，10/8 未核（让到 10/15）,Y,,10-08 B,domain-517,D,C2 复检对比（误读风险）,WORKSPACE_COMPARE,inPrior.null,"A result for the whole model, not for an element",整个模型的一条结果，不针对构件,界面文字（为本界面所写）,G051,G051,,N,,,,,,,,,本地结果页的代码能到达，本次渲染未触发（取决于用户自己的模型）,,,0,,,,0,,,
E531,1,T1 示例主线与 C2 必需,b-tier,B 层，10/8 未核,B 层，10/8 未核（让到 10/15）,Y,,10-08 B,domain-517,D,C2 复检对比（误读风险）,WORKSPACE_COMPARE,detailHeading,Compared with the earlier run,和前一次运行比,界面文字（为本界面所写）,,,,N,,,,,,,,,本地结果页的代码能到达，本次渲染未触发（取决于用户自己的模型）,,,0,,,,0,,,
E532,1,T1 示例主线与 C2 必需,b-tier,B 层，10/8 未核,B 层，10/8 未核（让到 10/15）,Y,,10-08 B,domain-517,D,C2 复检对比（误读风险）,WORKSPACE_COMPARE,detailPrior,Earlier result,前一次的结果,界面文字（为本界面所写）,,,,N,,,,,,,,,本地结果页的代码能到达，本次渲染未触发（取决于用户自己的模型）,,,0,,,,0,,,
E533,1,T1 示例主线与 C2 必需,b-tier,B 层，10/8 未核,B 层，10/8 未核（让到 10/15）,Y,,10-08 B,domain-517,D,C2 复检对比（误读风险）,WORKSPACE_COMPARE,detailCurrent,This result,本次的结果,界面文字（为本界面所写）,,,,N,,,,,,,,,本地结果页的代码能到达，本次渲染未触发（取决于用户自己的模型）,,,0,,,,0,,,
E534,1,T1 示例主线与 C2 必需,b-tier,B 层，10/8 未核,B 层，10/8 未核（让到 10/15）,Y,,10-08 B,domain-517,D,C2 复检对比（误读风险）,WORKSPACE_COMPARE,detailNewly,The earlier run has no such result: it is newly appearing.,前一次运行没有这一条结果：它是新出现的。,界面文字（为本界面所写）,,,,N,,,,,,,,,本地结果页的代码能到达，本次渲染未触发（取决于用户自己的模型）,,,0,,,,0,,,
E535,1,T1 示例主线与 C2 必需,b-tier,B 层，10/8 未核,B 层，10/8 未核（让到 10/15）,Y,,10-08 B,domain-517,D,C2 复检对比（误读风险）,WORKSPACE_COMPARE,detailNone,The returned data's comparison does not include this result.,返回数据的对比里没有这一条。,界面文字（为本界面所写）,,,,N,,,,,,,,,本地结果页的代码能到达，本次渲染未触发（取决于用户自己的模型）,,,0,,,,0,,,
E536,1,T1 示例主线与 C2 必需,b-tier,B 层，10/8 未核,B 层，10/8 未核（让到 10/15）,Y,,10-08 B,domain-517,D,C2 复检对比（误读风险）,WORKSPACE_COMPARE,priorReason,Earlier reason (as written),前一次的原因（原文）,界面文字（为本界面所写）,,,,N,,,,,,,,,本地结果页的代码能到达，本次渲染未触发（取决于用户自己的模型）,,,0,,,,0,,,
E537,1,T1 示例主线与 C2 必需,b-tier,B 层，10/8 未核,B 层，10/8 未核（让到 10/15）,Y,,10-08 B,domain-517,D,C2 复检对比（误读风险）,WORKSPACE_COMPARE,currentReason,This reason (as written),本次的原因（原文）,界面文字（为本界面所写）,,,,N,,,,,,,,,本地结果页的代码能到达，本次渲染未触发（取决于用户自己的模型）,,,0,,,,0,,,
E542,1,T1 示例主线与 C2 必需,batch-1015,10/15 批，未核,10/15 批，未核,Y,,10-15,domain-517,D,首页第三入口（真实检查）,WORKSPACE_HOME,action,See this check,查看这次检查,界面文字（为本界面所写）,,,Y,Y,Y,,,,,,,,,,,0,,,,1,home ×1,#/,The repository comes with a sample project. The check attempt on it di ‹ See this check attempt › What you cannot do yet
E592,2,T2 本地 IFC 与第二入口,b-tier,B 层，10/8 未核,B 层，10/8 未核（让到 10/15）,Y,,10-08 B,candidate-ui,U,候选（可让出）：处理角色／指派、行动——界面用语表里带含义的句子,CONTEXT,noResult,No check results this time,本次没有检查结果,界面文字（为本界面所写）,,,,Y,,,,,,Y,,,,,,1,second-entry ×1,#/real/real-refusal,随附项目的检查尝试 ‹ 本次没有检查结果 › 返回首页,1,second-entry ×1,#/real/real-refusal,Check attempt on the bundled project ‹ No check results this time › Back to the home page
C01,2,T2 本地 IFC 与第二入口,changed,10/8 后改句，需重核,10/8 后改句（#29，7721a9c）；原属,Y,,,,D,,DIRECTORY,realNote,"The repository comes with a sample project; below is a check attempt on it. This entry shows only that sample and cannot be switched to another model; to check your own IFC4 files, use ""Check your own IFC model"" on the home page. A Revit file itself cannot be imported.",仓库随附一个样例项目，下面是对它的一次检查尝试。这个入口只看这个样例，不能换成别的模型；检查自己的 IFC4 文件，用首页的“检查自己的 IFC 模型”。Revit 文件本身不能导入。,界面文字（为本界面所写）,,,,Y,,,,,,Y,,,,,,1,second-entry ×1,#/real,随附项目的检查尝试 ‹ 仓库随附一个样例项目，下面是对它的一次检查尝试。这个入口只看这个样例，不能换成别的模型；检查自己的 IFC4 文件，用首页的“检查自己的 IFC 模型”。Revit 文件本身不能导入。 › 对随附样例项目的一次检查尝试,1,second-entry ×1,#/real,Check attempt on the bundled project ‹ The repository comes with a sample project; below is a check attempt on it. This entry shows only that sample  › A check attempt on the bundled sample project
L001,2,T2 本地 IFC 与第二入口,new,新增，未核,#29 新增，未核,Y,,,,D,,LOCAL_CHECK,mode,Local check · product validation exercise,本地检查 · 产品验证练习,界面文字（为本界面所写）,,,,Y,,,,Y,Y,,,,,,,35,local-result ×16; local-start ×19,flow:check-both:result,English ‹ 本地检查 · 产品验证练习 › c653c7e0bb676a4a,35,local-result ×16; local-start ×19,flow:check-both:result,English ‹ Local check · product validation exercise › c653c7e0bb676a4a
L005,2,T2 本地 IFC 与第二入口,new,新增，未核,#29 新增，未核,Y,,,,D,,LOCAL_CHECK,home.statusWithWorkspace,"Available now: a real check already run in the workspace named when the server was started, simulated examples, and one limited product validation exercise on your own IFC4 files. A Revit file itself cannot be imported, and there is no overall compliance or ready-to-build conclusion.",当前提供：启动服务器时指定的工作区里一次已经跑完的真实检查、模拟示例，以及对自己 IFC4 文件的一项有限产品验证练习；不能导入 Revit 文件本身，也不提供整体合规或可施工结论。,界面文字（为本界面所写）,,,,N,,,,,,,,,本地检查的代码能到达，本次渲染未触发（拒绝或故障等状态）,,,0,,,,0,,,
L006,2,T2 本地 IFC 与第二入口,new,新增，未核,#29 新增，未核,Y,,,,D,,LOCAL_CHECK,home.statusWorkspaceUnknown,"Could not tell whether the server was started with a workspace, so there is no entry for a workspace check here; that does not mean there is none, and the error is below. The simulated examples and the local IFC product validation exercise work as usual. A Revit file itself cannot be imported, and there is no overall compliance or ready-to-build conclusion.",未能确认服务器是否指定了工作区，所以这里没有工作区检查的入口；这不等于没有工作区，错误原文在下面。模拟示例和本地 IFC 产品验证练习照常可用；不能导入 Revit 文件本身，也不提供整体合规或可施工结论。,界面文字（为本界面所写）,,,,N,,,,,,,,,本地检查的代码能到达，本次渲染未触发（拒绝或故障等状态）,,,0,,,,0,,,
L010,2,T2 本地 IFC 与第二入口,new,新增，未核,#29 新增，未核,Y,,,,D,,LOCAL_CHECK,start.lede,"Four steps: first see what this checks and what this computer keeps; choose files; declare disciplines and confirm the rule set; look at the scope, then run.",四步：先看清这次只检查什么和本机会留下的记录；选择文件；声明专业并确认规则；看清范围后运行。,界面文字（为本界面所写）,,,,Y,,,,,Y,,,,,,,18,local-start ×18,#/local,检查自己的 IFC 模型 ‹ 四步：先看清这次只检查什么和本机会留下的记录；选择文件；声明专业并确认规则；看清范围后运行。 › 这次只检查什么,18,local-start ×18,#/local,"Check your own IFC model ‹ Four steps: first see what this checks and what this computer keeps; choose files; declare disciplines and con › What this checks, and only this"
L011,2,T2 本地 IFC 与第二入口,new,新增，未核,#29 新增，未核,Y,,,,D,,LOCAL_CHECK,start.noRuleset,"This checkout does not carry the product-validation 1.0 rule set, so the local check cannot run. No other rule set is offered here.",这个检出没有提供 product-validation 1.0 规则集，所以本地检查不能运行。其他规则集不在本地检查里提供。,界面文字（为本界面所写）,,,,N,,,,,,,,,本地检查的代码能到达，本次渲染未触发（拒绝或故障等状态）,,,0,,,,0,,,
L012,2,T2 本地 IFC 与第二入口,new,新增，未核,#29 新增，未核,Y,,,,D,,LOCAL_CHECK,exercise.what,"This is a product validation exercise. It checks one thing with this repository's product validation rule set: whether each applicable air terminal (IfcAirTerminal) in an IFC4 model declares one of the four predefined types DIFFUSER, GRILLE, LOUVRE or REGISTER. It is not a general BIM quality check, not an IFC compliance check, and not a delivery requirement of any project.",这是一项产品验证练习：只用本仓库的产品验证规则集检查一件事——IFC4 模型里适用的风口（IfcAirTerminal）是否声明了 DIFFUSER、GRILLE、LOUVRE、REGISTER 四种预定义类型之一。它不是通用 BIM 质量检查、IFC 合规检查，也不是任何项目的交付要求。,界面文字（为本界面所写）,,,,Y,,,,,Y,,,,,,,18,local-start ×18,#/local,这次只检查什么 ‹ 这是一项产品验证练习：只用本仓库的产品验证规则集检查一件事——IFC4 模型里适用的风口（IfcAirTerminal）是否声明了 DIFFUSER、GRILLE、LOUVRE、REGISTER 四种预定义类型之一。它不 › product-validation 1.0 Product Validation Rules,18,local-start ×18,#/local,"What this checks, and only this ‹ This is a product validation exercise. It checks one thing with this repository's product validation rule set: › product-validation 1.0 Product Validation Rules"
L013,2,T2 本地 IFC 与第二入口,new,新增，未核,#29 新增，未核,Y,,,,D,,LOCAL_CHECK,exercise.source,"A product validation rule written for this repository; not a project, owner, statutory or buildingSMART requirement. The four values are from IFC4 ADD2 TC1 IfcAirTerminalTypeEnum; accepting only these four is this rule's own decision. The rule set's description, as written:",本仓库自己写的产品验证规则，不是项目、业主、法规或 buildingSMART 的要求；四个取值来自 IFC4 ADD2 TC1 的 IfcAirTerminalTypeEnum，只接受这四个是这条规则自己的决定。规则集的说明原文（英文）：,界面文字（为本界面所写）,,,,Y,,,,,Y,,,,,,,18,local-start ×18,#/local,"要求从哪里来 ‹ 本仓库自己写的产品验证规则，不是项目、业主、法规或 buildingSMART 的要求；四个取值来自 IFC4 ADD2 TC1 的 IfcAirTerminalTypeEnum，只接受这四个是这条规则自己的决定。规则集 › Rules written to exercise this product's check, source-fix and recheck",18,local-start ×18,#/local,"Where the requirement comes from ‹ A product validation rule written for this repository; not a project, owner, statutory or buildingSMART requir › Rules written to exercise this product's check, source-fix and recheck"
L014,2,T2 本地 IFC 与第二入口,new,新增，未核,#29 新增，未核,Y,,,,D,,LOCAL_CHECK,exercise.notes,"Whether the checker reads the value from the type or the occurrence, and how free text is compared, is in this rule's notes on the result page.",检查器从类型还是实例读取取值、自由文本怎样比较，写在结果页这条规则的说明里。,界面文字（为本界面所写）,,,,Y,,,,,Y,,,,,,,18,local-start ×18,#/local,所选模型里没有风口：显示“没有适用对象”。这不是通过，此次也没有得到任何适用检查的通过结果。 ‹ 检查器从类型还是实例读取取值、自由文本怎样比较，写在结果页这条规则的说明里。 › 本机会留下哪些记录,18,local-start ×18,#/local,"No air terminal in the chosen model: shown as ""nothing applicable"". Th ‹ Whether the checker reads the value from the type or the occurrence, and how free text is compared, is in this › What this computer keeps"
L015,2,T2 本地 IFC 与第二入口,new,新增，未核,#29 新增，未核,Y,,,,D,,LOCAL_CHECK,declare.rulesetLegend,Rule set (the only one the local check offers),规则集（本地检查只提供这一个）,界面文字（为本界面所写）,,,,Y,,,,,Y,,,,,,,18,local-start ×18,#/local,2. 声明专业并确认规则集 ‹ 规则集（本地检查只提供这一个） › product-validation 1.0：Product Validation Rules,18,local-start ×18,#/local,2. Declare disciplines and confirm the rule set ‹ Rule set (the only one the local check offers) › product-validation 1.0: Product Validation Rules
L016,2,T2 本地 IFC 与第二入口,new,新增，未核,#29 新增，未核,Y,,,,D,,LOCAL_CHECK,refusal.reasons.unknown-ruleset,The local check offers product-validation 1.0 only. Choose it.,本地检查只提供 product-validation 1.0。请选择它。,界面文字（为本界面所写）,,,,N,,,,,,,,,本地检查的代码能到达，本次渲染未触发（拒绝或故障等状态）,,,0,,,,0,,,
L017,2,T2 本地 IFC 与第二入口,new,新增，未核,#29 新增，未核,Y,,,,D,,LOCAL_CHECK,result.exercise,"This is the result of a product validation exercise: it only checks whether air terminals declare one of four predefined types. A FAIL does not mean the original project has a defect; a PASS does not prove the classification is right, that openings exist, that models are aligned or that any work can start.",这是产品验证练习的结果：只检查风口是否声明了四种预定义类型之一。不通过不等于原项目有缺陷；通过不证明分类正确、洞口存在、模型已对齐或任何工作可以开始。,界面文字（为本界面所写）,,,,Y,,,,Y,,,,,,,,16,local-result ×16,flow:check-both:result,一次真实检查的结果 ‹ 这是产品验证练习的结果：只检查风口是否声明了四种预定义类型之一。不通过不等于原项目有缺陷；通过不证明分类正确、洞口存在、模型已对齐或任何工作可以开始。 › 没有适用对象,16,local-result ×16,flow:check-both:result,Results of a real check ‹ This is the result of a product validation exercise: it only checks whether air terminals declare one of four  › Nothing applicable
L018,2,T2 本地 IFC 与第二入口,new,新增，未核,#29 新增，未核,Y,,,,D,,LOCAL_CHECK,exercise.read[0],FAIL: the model does not meet this exercise rule. It does not mean the original project has a defect.,不通过（FAIL）：不满足这条练习规则，不等于原项目有缺陷。,界面文字（为本界面所写）,,,,Y,,,,,Y,,,,,,,18,local-start ×18,#/local,结果怎么读 ‹ 不通过（FAIL）：不满足这条练习规则，不等于原项目有缺陷。 › 通过（PASS）：只说明检查器读到的值是四个之一；不证明分类正确、洞口存在、模型已对齐，也不说明任何工作可以开始。,18,local-start ×18,#/local,How to read the result ‹ FAIL: the model does not meet this exercise rule. It does not mean the original project has a defect. › PASS: only that the value the checker read is one of the four. It does
L019,2,T2 本地 IFC 与第二入口,new,新增，未核,#29 新增，未核,Y,,,,D,,LOCAL_CHECK,exercise.read[1],"PASS: only that the value the checker read is one of the four. It does not prove the classification is right, that openings exist or that models are aligned, and it does not say any work can start.",通过（PASS）：只说明检查器读到的值是四个之一；不证明分类正确、洞口存在、模型已对齐，也不说明任何工作可以开始。,界面文字（为本界面所写）,,,,Y,,,,,Y,,,,,,,18,local-start ×18,#/local,不通过（FAIL）：不满足这条练习规则，不等于原项目有缺陷。 ‹ 通过（PASS）：只说明检查器读到的值是四个之一；不证明分类正确、洞口存在、模型已对齐，也不说明任何工作可以开始。 › 所选模型里没有风口：显示“没有适用对象”。这不是通过，此次也没有得到任何适用检查的通过结果。,18,local-start ×18,#/local,"FAIL: the model does not meet this exercise rule. It does not mean the ‹ PASS: only that the value the checker read is one of the four. It does not prove the classification is right,  › No air terminal in the chosen model: shown as ""nothing applicable"". Th"
L020,2,T2 本地 IFC 与第二入口,new,新增，未核,#29 新增，未核,Y,,,,D,,LOCAL_CHECK,fault.lede,"This is a fault of the program, not a conclusion about the model. The check's directory has been removed and no partial result is left; the model copies chosen before are still in uploads\.",这是程序故障，不是对模型的结论。这次检查的目录已经删除，没有留下半份结果；之前选择的模型副本仍在 uploads\ 里。,界面文字（为本界面所写）,,,,Y,,,,,Y,,,,,,,1,local-start ×1,flow:check-garbled:after-run,检查没有完成 ‹ 这是程序故障，不是对模型的结论。这次检查的目录已经删除，没有留下半份结果；之前选择的模型副本仍在 uploads\ 里。 › 可以怎么做,1,local-start ×1,flow:check-garbled:after-run,"The check did not finish ‹ This is a fault of the program, not a conclusion about the model. The check's directory has been removed and n › What you can do"
L021,2,T2 本地 IFC 与第二入口,new,新增，未核,#29 新增，未核,Y,,,,D,,LOCAL_CHECK,fault.todo[2],"Send the original text below to the maintainer; it only says where the program stopped, not anything about the model's quality.",把下面的原文发给维护者；原文只描述程序在哪里停下，不说明模型的质量。,界面文字（为本界面所写）,,,,Y,,,,,Y,,,,,,,1,local-start ×1,flow:check-garbled:after-run,如果同一个文件每次都在这里失败，重新导出后再选择新文件。 ‹ 把下面的原文发给维护者；原文只描述程序在哪里停下，不说明模型的质量。 › 故障原文,1,local-start ×1,flow:check-garbled:after-run,"If the same file fails here every time, export it again and choose the ‹ Send the original text below to the maintainer; it only says where the program stopped, not anything about the › The fault as given"
L022,2,T2 本地 IFC 与第二入口,new,新增，未核,#29 新增，未核,Y,,,,D,,LOCAL_CHECK,exercise.read[2],"No air terminal in the chosen model: shown as ""nothing applicable"". That is not a pass, and this check produced no passing result for anything applicable.",所选模型里没有风口：显示“没有适用对象”。这不是通过，此次也没有得到任何适用检查的通过结果。,界面文字（为本界面所写）,,,,Y,,,,,Y,,,,,,,18,local-start ×18,#/local,通过（PASS）：只说明检查器读到的值是四个之一；不证明分类正确、洞口存在、模型已对齐，也不说明任何工作可以开始。 ‹ 所选模型里没有风口：显示“没有适用对象”。这不是通过，此次也没有得到任何适用检查的通过结果。 › 检查器从类型还是实例读取取值、自由文本怎样比较，写在结果页这条规则的说明里。,18,local-start ×18,#/local,"PASS: only that the value the checker read is one of the four. It does ‹ No air terminal in the chosen model: shown as ""nothing applicable"". That is not a pass, and this check produce › Whether the checker reads the value from the type or the occurrence, a"
L023,2,T2 本地 IFC 与第二入口,new,新增，未核,#29 新增，未核,Y,,,,D,,LOCAL_CHECK,result.nothingHeading,Nothing applicable,没有适用对象,界面文字（为本界面所写）,,,,Y,,,,Y,,,,,,,,8,local-result ×8,flow:check-both:result,这是产品验证练习的结果：只检查风口是否声明了四种预定义类型之一。不通过不等于原项目有缺陷；通过不证明分类正确、洞口存在、模型已对齐或任何工作 ‹ 没有适用对象 › Building-Architecture.ifc：这条规则在这个模型里没有适用对象。这不是通过——此次没有得到任何适用检查的通过结果，也不,8,local-result ×8,flow:check-both:result,This is the result of a product validation exercise: it only checks wh ‹ Nothing applicable › Building-Architecture.ifc: this rule has nothing to apply to in this m
L024,2,T2 本地 IFC 与第二入口,new,新增，未核,#29 新增，未核,Y,,,,D,,LOCAL_CHECK,result.nothing,"{file}: this rule has nothing to apply to in this model. That is not a pass — this check produced no passing result for anything applicable, and it says nothing about the model's quality.",{file}：这条规则在这个模型里没有适用对象。这不是通过——此次没有得到任何适用检查的通过结果，也不说明模型质量。,界面文字（为本界面所写）,,,,Y,,,,Y,,,,,,,,8,local-result ×8,flow:check-both:result,没有适用对象 ‹ Building-Architecture.ifc：这条规则在这个模型里没有适用对象。这不是通过——此次没有得到任何适用检查的通过结果，也不说明模型质量。 › 这次检查的范围,8,local-result ×8,flow:check-both:result,Nothing applicable ‹ Building-Architecture.ifc: this rule has nothing to apply to in this model. That is not a pass — this check pr › The scope of this check
L025,2,T2 本地 IFC 与第二入口,new,新增，未核,#29 新增，未核,Y,,,,D,,LOCAL_CHECK,records.lede,"The check runs on this computer and uploads nothing anywhere. Everything is kept in this directory, fixed before anything runs:",检查在这台电脑上运行，不上传到任何地方。下面这个目录保存所有记录，运行前就定好：,界面文字（为本界面所写）,,,,Y,,,,Y,Y,,,,,,,34,local-result ×16; local-start ×18,flow:check-both:result,这次检查的记录在哪里，怎样清理 ‹ 检查在这台电脑上运行，不上传到任何地方。下面这个目录保存所有记录，运行前就定好： › 目录,34,local-result ×16; local-start ×18,flow:check-both:result,"Where this check's records are, and how to clean up ‹ The check runs on this computer and uploads nothing anywhere. Everything is kept in this directory, fixed befo › Directory"
L026,2,T2 本地 IFC 与第二入口,new,新增，未核,#29 新增，未核,Y,,,,D,,LOCAL_CHECK,records.redirected,"The server is running inside a packaged (MSIX) app, and Windows has moved what is written under %LOCALAPPDATA% into the app's own folder. In File Explorer, look in the location above; the directory name alone will not find it. To avoid this, start the server with a folder outside AppData, as in the command below.",服务器运行在打包应用（MSIX）里，Windows 把写到 %LOCALAPPDATA% 下的文件转到了应用自己的文件夹。在资源管理器里要找上面这个“实际位置”；按目录名去找会找不到。想避免这种转移，用下面的命令在 AppData 以外的文件夹启动服务器。,界面文字（为本界面所写）,,,,N,,,,,,,,,本地检查的代码能到达，本次渲染未触发（拒绝或故障等状态）,,,0,,,,0,,,
L027,2,T2 本地 IFC 与第二入口,new,新增，未核,#29 新增，未核,Y,,,,D,,LOCAL_CHECK,records.notYet,Nothing is kept yet: the directory is created when the first file is chosen.,目前还没有任何记录：选择第一个文件时才会创建这个目录。,界面文字（为本界面所写）,,,,N,,,,,,,,,本地检查的代码能到达，本次渲染未触发（拒绝或故障等状态）,,,0,,,,0,,,
L028,2,T2 本地 IFC 与第二入口,new,新增，未核,#29 新增，未核,Y,,,,D,,LOCAL_CHECK,records.kept,"Kept now: {uploads} model copies, {checks} checks.",目前保留：{uploads} 个模型副本，{checks} 次检查。,界面文字（为本界面所写）,,,,Y,,,,Y,Y,,,,,,,34,local-result ×16; local-start ×18,flow:check-both:result,C:\Users\ericr\AppData\Local\Temp\ep-subset-checks\checks\c653c7e0bb67 ‹ 目前保留：5 个模型副本，4 次检查。 › 怎样清理,34,local-result ×16; local-start ×18,flow:check-both:result,"C:\Users\ericr\AppData\Local\Temp\ep-subset-checks\checks\c653c7e0bb67 ‹ Kept now: 5 model copies, 4 checks. › How to clean up"
L029,2,T2 本地 IFC 与第二入口,new,新增，未核,#29 新增，未核,Y,,,,D,,LOCAL_CHECK,records.what[0],"A copy of every file you choose: uploads\<content digest>.ifc. It is kept as soon as the file is chosen, even if no check is run.",你选择的每个文件的副本：uploads\<内容摘要>.ifc。选择文件时就会保留，即使最后没有运行检查。,界面文字（为本界面所写）,,,,Y,,,,Y,Y,,,,,,,34,local-result ×16; local-start ×18,flow:check-both:result,会留下什么 ‹ 你选择的每个文件的副本：uploads\<内容摘要>.ifc。选择文件时就会保留，即使最后没有运行检查。 › 每次检查一个目录：checks\<检查号>\，里面有模型副本、规则集副本、检查结果（data\processed\canonical\run,34,local-result ×16; local-start ×18,flow:check-both:result,"What is kept ‹ A copy of every file you choose: uploads\<content digest>.ifc. It is kept as soon as the file is chosen, even  › One directory per check: checks\<check id>\, holding the model copies,"
L030,2,T2 本地 IFC 与第二入口,new,新增，未核,#29 新增，未核,Y,,,,D,,LOCAL_CHECK,records.what[1],"One directory per check: checks\<check id>\, holding the model copies, a copy of the rule set, the result (data\processed\canonical\run.json), the artifact manifest, the scope of the check (check.json) and the coverage record (coverage\).",每次检查一个目录：checks\<检查号>\，里面有模型副本、规则集副本、检查结果（data\processed\canonical\run.json）、产物清单、本次检查的范围（check.json）和覆盖记录（coverage\）。,界面文字（为本界面所写）,,,,Y,,,,Y,Y,,,,,,,34,local-result ×16; local-start ×18,flow:check-both:result,你选择的每个文件的副本：uploads\<内容摘要>.ifc。选择文件时就会保留，即使最后没有运行检查。 ‹ 每次检查一个目录：checks\<检查号>\，里面有模型副本、规则集副本、检查结果（data\processed\canonical\run.json）、产物清单、本次检查的范围（check.json）和覆盖记录（cov › 3D 几何缓存：现在不生成。以后加入 3D 查看时，它的缓存也放在这个目录里，按下面同样的步骤清理。,34,local-result ×16; local-start ×18,flow:check-both:result,"A copy of every file you choose: uploads\<content digest>.ifc. It is k ‹ One directory per check: checks\<check id>\, holding the model copies, a copy of the rule set, the result (dat › 3D geometry cache: none is made now. When a 3D view is added, its cach"
L031,2,T2 本地 IFC 与第二入口,new,新增，未核,#29 新增，未核,Y,,,,D,,LOCAL_CHECK,records.what[3],"Nothing is written outside this directory: the repository checkout does not change, and the shared coverage record directory used by the epc-ct run command gains nothing.",这个目录以外不写任何文件：仓库检出不变，命令行 epc-ct run 使用的共享覆盖记录目录也不增加。,界面文字（为本界面所写）,,,,Y,,,,Y,Y,,,,,,,34,local-result ×16; local-start ×18,flow:check-both:result,3D 几何缓存：现在不生成。以后加入 3D 查看时，它的缓存也放在这个目录里，按下面同样的步骤清理。 ‹ 这个目录以外不写任何文件：仓库检出不变，命令行 epc-ct run 使用的共享覆盖记录目录也不增加。 › 关闭页面或停止服务器都不会删除记录。,34,local-result ×16; local-start ×18,flow:check-both:result,"3D geometry cache: none is made now. When a 3D view is added, its cach ‹ Nothing is written outside this directory: the repository checkout does not change, and the shared coverage re › Closing the page or stopping the server deletes nothing."
L032,2,T2 本地 IFC 与第二入口,new,新增，未核,#29 新增，未核,Y,,,,D,,LOCAL_CHECK,records.what[4],Closing the page or stopping the server deletes nothing.,关闭页面或停止服务器都不会删除记录。,界面文字（为本界面所写）,,,,Y,,,,Y,Y,,,,,,,34,local-result ×16; local-start ×18,flow:check-both:result,这个目录以外不写任何文件：仓库检出不变，命令行 epc-ct run 使用的共享覆盖记录目录也不增加。 ‹ 关闭页面或停止服务器都不会删除记录。 › 怎样清理,34,local-result ×16; local-start ×18,flow:check-both:result,Nothing is written outside this directory: the repository checkout doe ‹ Closing the page or stopping the server deletes nothing. › How to clean up
L033,2,T2 本地 IFC 与第二入口,new,新增，未核,#29 新增，未核,Y,,,,D,,LOCAL_CHECK,records.clean[0],Stop the server: press Ctrl+C in the terminal running it.,停止服务器：在运行它的终端里按 Ctrl+C。,界面文字（为本界面所写）,,,,Y,,,,Y,Y,,,,,,,34,local-result ×16; local-start ×18,flow:check-both:result,怎样清理 ‹ 停止服务器：在运行它的终端里按 Ctrl+C。 › 在资源管理器里打开上面的位置（实际位置与目录名不同时，用实际位置）。,34,local-result ×16; local-start ×18,flow:check-both:result,How to clean up ‹ Stop the server: press Ctrl+C in the terminal running it. › Open the location above in File Explorer (where the location differs f
L034,2,T2 本地 IFC 与第二入口,new,新增，未核,#29 新增，未核,Y,,,,D,,LOCAL_CHECK,records.clean[1],"Open the location above in File Explorer (where the location differs from the directory name, use the location).",在资源管理器里打开上面的位置（实际位置与目录名不同时，用实际位置）。,界面文字（为本界面所写）,,,,Y,,,,Y,Y,,,,,,,34,local-result ×16; local-start ×18,flow:check-both:result,停止服务器：在运行它的终端里按 Ctrl+C。 ‹ 在资源管理器里打开上面的位置（实际位置与目录名不同时，用实际位置）。 › 删除整个目录，就清除了全部记录；只想删一次检查，删除 checks\<检查号>\。它用过的模型副本在 uploads\ 里，按内容摘要命名；,34,local-result ×16; local-start ×18,flow:check-both:result,"Stop the server: press Ctrl+C in the terminal running it. ‹ Open the location above in File Explorer (where the location differs from the directory name, use the location › Delete the whole directory to remove every record; to remove one check"
L035,2,T2 本地 IFC 与第二入口,new,新增，未核,#29 新增，未核,Y,,,,D,,LOCAL_CHECK,records.clean[2],"Delete the whole directory to remove every record; to remove one check, delete checks\<check id>\. The model copies it used are in uploads\, named by content digest; the digest is in the trace details on the check's result page.",删除整个目录，就清除了全部记录；只想删一次检查，删除 checks\<检查号>\。它用过的模型副本在 uploads\ 里，按内容摘要命名；摘要写在检查结果页的追溯信息里。,界面文字（为本界面所写）,,,,Y,,,,Y,Y,,,,,,,34,local-result ×16; local-start ×18,flow:check-both:result,在资源管理器里打开上面的位置（实际位置与目录名不同时，用实际位置）。 ‹ 删除整个目录，就清除了全部记录；只想删一次检查，删除 checks\<检查号>\。它用过的模型副本在 uploads\ 里，按内容摘要命名；摘要写在检查结果页的追溯信息里。 › 清理之后不能再依赖什么,34,local-result ×16; local-start ×18,flow:check-both:result,"Open the location above in File Explorer (where the location differs f ‹ Delete the whole directory to remove every record; to remove one check, delete checks\<check id>\. The model c › What you can no longer rely on after cleaning up"
L036,2,T2 本地 IFC 与第二入口,new,新增，未核,#29 新增，未核,Y,,,,D,,LOCAL_CHECK,records.start,"From the repository directory, start the server in your own terminal with a folder outside AppData, for example:",在仓库目录里，用自己的终端启动服务器，并指定 AppData 以外的文件夹，例如：,界面文字（为本界面所写）,,,,Y,,,,Y,Y,,,,,,,34,local-result ×16; local-start ×18,flow:check-both:result,"怎样把记录放在别的文件夹 ‹ 在仓库目录里，用自己的终端启动服务器，并指定 AppData 以外的文件夹，例如： › python doctor/serve.py --checks-dir ""%USERPROFILE%\Documents\BIM Docto",34,local-result ×16; local-start ×18,flow:check-both:result,"How to keep the records in another folder ‹ From the repository directory, start the server in your own terminal with a folder outside AppData, for exampl › python doctor/serve.py --checks-dir ""%USERPROFILE%\Documents\BIM Docto"
L037,2,T2 本地 IFC 与第二入口,new,新增，未核,#29 新增，未核,Y,,,,D,,LOCAL_CHECK,records.startNote,"The server prints the directory when it starts. It exists once the first file is chosen; if Windows keeps it somewhere else, this page shows where.",服务器启动时会打印目录。第一次选择文件后目录才存在；如果 Windows 把它放到了别处，这一页会显示实际位置。,界面文字（为本界面所写）,,,,Y,,,,Y,Y,,,,,,,34,local-result ×16; local-start ×18,flow:check-both:result,"python doctor/serve.py --checks-dir ""%USERPROFILE%\Documents\BIM Docto ‹ 服务器启动时会打印目录。第一次选择文件后目录才存在；如果 Windows 把它放到了别处，这一页会显示实际位置。 › 检查另一个模型",34,local-result ×16; local-start ×18,flow:check-both:result,"python doctor/serve.py --checks-dir ""%USERPROFILE%\Documents\BIM Docto ‹ The server prints the directory when it starts. It exists once the first file is chosen; if Windows keeps it s › Check another model"
L038,2,T2 本地 IFC 与第二入口,new,新增，未核,#29 新增，未核,Y,,,,D,,LOCAL_CHECK,choose.removed,Taken out of this selection; its copy is still in uploads\. Delete it with the clean-up steps above.,已从本次选择中去掉；它的副本仍在 uploads\ 里，按上面的清理步骤删除。,界面文字（为本界面所写）,,,,N,,,,,,,,,本地检查的代码能到达，本次渲染未触发（拒绝或故障等状态）,,,0,,,,0,,,
L039,2,T2 本地 IFC 与第二入口,new,新增，未核,#29 新增，未核,Y,,,,D,,LOCAL_CHECK,earlier.note,Kept in the directory above until you delete them.,保存在上面的目录里，直到你删除它们。,界面文字（为本界面所写）,,,,Y,,,,,Y,,,,,,,18,local-start ×18,#/local,以前的检查 ‹ 保存在上面的目录里，直到你删除它们。 › Building-Architecture.ifc、Building-Hvac.ifc · product-validation 1.0 ·,18,local-start ×18,#/local,"Earlier checks ‹ Kept in the directory above until you delete them. › Building-Architecture.ifc, Building-Hvac.ifc · product-validation 1.0"
L040,2,T2 本地 IFC 与第二入口,new,新增，未核,#29 新增，未核,Y,,,,D,,LOCAL_CHECK,result.missing,"There is no such check: it may have been cleaned up (its directory deleted), or the link is wrong. After cleaning up, result links stop opening.",没有这次检查：它可能已被清理（目录被删除），或者链接不对。清理之后，结果页链接就打不开了。,界面文字（为本界面所写）,,,,Y,,,,,Y,,,,,,,1,local-start ×1,flow:local:result-missing,检查自己的 IFC 模型 ‹ 没有这次检查：它可能已被清理（目录被删除），或者链接不对。清理之后，结果页链接就打不开了。 › 检查另一个模型,1,local-start ×1,flow:local:result-missing,"Check your own IFC model ‹ There is no such check: it may have been cleaned up (its directory deleted), or the link is wrong. After clean › Check another model"
L041,2,T2 本地 IFC 与第二入口,new,新增，未核,#29 新增，未核,Y,,,,D,,LOCAL_CHECK,records.after[0],A deleted check's result link stops opening; the page says there is no such check.,已删除检查的结果页链接打不开，页面会说没有这次检查。,界面文字（为本界面所写）,,,,Y,,,,Y,Y,,,,,,,34,local-result ×16; local-start ×18,flow:check-both:result,清理之后不能再依赖什么 ‹ 已删除检查的结果页链接打不开，页面会说没有这次检查。 › 不能再拿它和以后的检查对比。,34,local-result ×16; local-start ×18,flow:check-both:result,What you can no longer rely on after cleaning up ‹ A deleted check's result link stops opening; the page says there is no such check. › It can no longer be compared with a later check.
L042,2,T2 本地 IFC 与第二入口,new,新增，未核,#29 新增，未核,Y,,,,D,,LOCAL_CHECK,records.after[1],It can no longer be compared with a later check.,不能再拿它和以后的检查对比。,界面文字（为本界面所写）,,,,Y,,,,Y,Y,,,,,,,34,local-result ×16; local-start ×18,flow:check-both:result,已删除检查的结果页链接打不开，页面会说没有这次检查。 ‹ 不能再拿它和以后的检查对比。 › 它的覆盖记录一起删除，之后无法再说明那次检查覆盖了哪些构件和要求。,34,local-result ×16; local-start ×18,flow:check-both:result,"A deleted check's result link stops opening; the page says there is no ‹ It can no longer be compared with a later check. › Its coverage record goes with it, so nothing can say afterwards which"
L043,2,T2 本地 IFC 与第二入口,new,新增，未核,#29 新增，未核,Y,,,,D,,LOCAL_CHECK,records.after[2],"Its coverage record goes with it, so nothing can say afterwards which elements and requirements that check covered.",它的覆盖记录一起删除，之后无法再说明那次检查覆盖了哪些构件和要求。,界面文字（为本界面所写）,,,,Y,,,,Y,Y,,,,,,,34,local-result ×16; local-start ×18,flow:check-both:result,不能再拿它和以后的检查对比。 ‹ 它的覆盖记录一起删除，之后无法再说明那次检查覆盖了哪些构件和要求。 › 删除模型副本后，要再检查就得重新选择文件。,34,local-result ×16; local-start ×18,flow:check-both:result,"It can no longer be compared with a later check. ‹ Its coverage record goes with it, so nothing can say afterwards which elements and requirements that check cov › Once a model copy is deleted, the file has to be chosen again to check"
L044,2,T2 本地 IFC 与第二入口,new,新增，未核,#29 新增，未核,Y,,,,D,,LOCAL_CHECK,records.after[3],"Once a model copy is deleted, the file has to be chosen again to check it.",删除模型副本后，要再检查就得重新选择文件。,界面文字（为本界面所写）,,,,Y,,,,Y,Y,,,,,,,34,local-result ×16; local-start ×18,flow:check-both:result,它的覆盖记录一起删除，之后无法再说明那次检查覆盖了哪些构件和要求。 ‹ 删除模型副本后，要再检查就得重新选择文件。 › 用同一个文件、同样声明的专业、同一规则集版本和同一逻辑日期重新检查，会得到同一个检查号和逐字节相同的结果。,34,local-result ×16; local-start ×18,flow:check-both:result,"Its coverage record goes with it, so nothing can say afterwards which  ‹ Once a model copy is deleted, the file has to be chosen again to check it. › Checking the same file again, declared as the same discipline, with th"
L045,2,T2 本地 IFC 与第二入口,new,新增，未核,#29 新增，未核,Y,,,,D,,LOCAL_CHECK,records.again,"Checking the same file again, declared as the same discipline, with the same rule set version and the same logical date, gives the same check id and byte-identical results.",用同一个文件、同样声明的专业、同一规则集版本和同一逻辑日期重新检查，会得到同一个检查号和逐字节相同的结果。,界面文字（为本界面所写）,,,,Y,,,,Y,Y,,,,,,,34,local-result ×16; local-start ×18,flow:check-both:result,删除模型副本后，要再检查就得重新选择文件。 ‹ 用同一个文件、同样声明的专业、同一规则集版本和同一逻辑日期重新检查，会得到同一个检查号和逐字节相同的结果。 › 怎样把记录放在别的文件夹,34,local-result ×16; local-start ×18,flow:check-both:result,"Once a model copy is deleted, the file has to be chosen again to check ‹ Checking the same file again, declared as the same discipline, with the same rule set version and the same log › How to keep the records in another folder"
L046,2,T2 本地 IFC 与第二入口,new,新增，未核,#29 新增，未核,Y,,,,D,,LOCAL_CHECK,declare.disciplineNote,"You declare the discipline; it is not guessed from the file name, and it is written into the check's record. It does not narrow the check now: the rule checks every air terminal in the chosen files, whichever discipline is declared (the rule itself declares it applies to {scope} models).",专业由你声明，不从文件名猜测，写进本次检查的记录。它目前不缩小检查范围：规则会检查所选文件里的全部风口，不论声明的是哪个专业（规则自己声明适用于 {scope} 模型）。,界面文字（为本界面所写）,,,,Y,,,,,Y,,,,,,,18,local-start ×18,#/local,product-validation 1.0：Product Validation Rules ‹ 专业由你声明，不从文件名猜测，写进本次检查的记录。它目前不缩小检查范围：规则会检查所选文件里的全部风口，不论声明的是哪个专业（规则自己声明适用于 暖通（HVAC）、机电（MEP） 模型）。 › 查看检查范围,18,local-start ×18,#/local,"product-validation 1.0: Product Validation Rules ‹ You declare the discipline; it is not guessed from the file name, and it is written into the check's record. I › See the scope of the check"
L047,2,T2 本地 IFC 与第二入口,new,新增，未核,#29 新增，未核,Y,,,,D,,LOCAL_CHECK,result.declared,{file} (discipline you declared: {discipline}),{file}（你声明的专业：{discipline}）,界面文字（为本界面所写）,,,,Y,,,,Y,,,,,,,,16,local-result ×16,flow:check-both:result,product-validation 1.0 Product Validation Rules ‹ Building-Architecture.ifc（你声明的专业：建筑（Architecture）） › Building-Hvac.ifc（你声明的专业：暖通（HVAC））,16,local-result ×16,flow:check-both:result,product-validation 1.0 Product Validation Rules ‹ Building-Architecture.ifc (discipline you declared: Architecture) › Building-Hvac.ifc (discipline you declared: HVAC)
L048,2,T2 本地 IFC 与第二入口,new,新增，未核,#29 新增，未核,Y,,,,D,,LOCAL_CHECK,refusal.reasons.discipline-not-declared,No discipline is declared. Choose one for this file.,还没有声明专业。为这个文件选择一个专业。,界面文字（为本界面所写）,,,,Y,,,,,Y,,,,,,,1,local-start ×1,flow:local:plan-refused-discipline-not-declared,没有运行任何检查，也没有产生结果。每个原因和要做的事： ‹ Building-Hvac.ifc：还没有声明专业。为这个文件选择一个专业。 discipline-not-declared › 系统返回的原文（英文）,1,local-start ×1,flow:local:plan-refused-discipline-not-declared,"No check was run and there is no result. Each reason, and what to do: ‹ Building-Hvac.ifc: No discipline is declared. Choose one for this file. discipline-not-declared › What the system returned (English original)"
L049,2,T2 本地 IFC 与第二入口,new,新增，未核,#29 新增，未核,Y,,,,D,,LOCAL_CHECK,refusal.reasons.unknown-discipline,The declared discipline is not in the list here. Choose one from the list.,声明的专业不在这里的专业列表里。请从列表里选择。,界面文字（为本界面所写）,,,,N,,,,,,,,,本地检查的代码能到达，本次渲染未触发（拒绝或故障等状态）,,,0,,,,0,,,
L051,2,T2 本地 IFC 与第二入口,new,新增，未核,#29 新增，未核,Y,,,,D,,LOCAL_CHECK,disciplines.HVAC,HVAC,暖通（HVAC）,界面文字（为本界面所写）,,,,Y,,,,Y,Y,,,,,,,14,local-start ×14,flow:local:chosen,建筑（Architecture） ‹ 暖通（HVAC） › 机电（MEP）,27,local-result ×13; local-start ×14,flow:check-both:result,Building-Architecture.ifc (discipline you declared: Architecture) ‹ Building-Hvac.ifc (discipline you declared: HVAC) › Programme: the rule set's stages Coordination were filled in by this c
L053,2,T2 本地 IFC 与第二入口,new,新增，未核,#29 新增，未核,Y,,,,D,,LOCAL_CHECK,disciplines.Plumbing,Plumbing,给排水（Plumbing）,界面文字（为本界面所写）,,,,Y,,,,,Y,,,,,,,14,local-start ×14,flow:local:chosen,机电（MEP） ‹ 给排水（Plumbing） › 结构（Structural）,14,local-start ×14,flow:local:chosen,MEP ‹ Plumbing › Structural
L054,2,T2 本地 IFC 与第二入口,new,新增，未核,#29 新增，未核,Y,,,,D,,LOCAL_CHECK,disciplines.Structural,Structural,结构（Structural）,界面文字（为本界面所写）,,,,Y,,,,,Y,,,,,,,14,local-start ×14,flow:local:chosen,给排水（Plumbing） ‹ 结构（Structural） › 专业由你声明，不从文件名猜测，写进本次检查的记录。它目前不缩小检查范围：规则会检查所选文件里的全部风口，不论声明的是哪个专业（规则自己声明适,14,local-start ×14,flow:local:chosen,"Plumbing ‹ Structural › You declare the discipline; it is not guessed from the file name, and"
L055,2,T2 本地 IFC 与第二入口,new,新增，未核,#29 新增，未核,Y,,,,D,,LOCAL_CHECK,choose.note,"Only IFC-SPF text (.ifc) is accepted, not .ifczip, .ifcxml or Revit files; at most {max} per file. The rule set reads IFC4 only; an IFC2x3 file is refused, with how to export it again.",只接受 IFC-SPF 文本（.ifc），不接受 .ifczip、.ifcxml 或 Revit 文件；单个文件最大 {max}。规则集只读取 IFC4，IFC2x3 文件会被拒绝，并告诉你怎样重新导出。,界面文字（为本界面所写）,,,,Y,,,,,Y,,,,,,,18,local-start ×18,#/local,1. 选择 IFC 文件 ‹ 只接受 IFC-SPF 文本（.ifc），不接受 .ifczip、.ifcxml 或 Revit 文件；单个文件最大 4.3 GB。规则集只读取 IFC4，IFC2x3 文件会被拒绝，并告诉你怎样重新导出。 › 选择一个或多个 .ifc 文件,18,local-start ×18,#/local,"1. Choose IFC files ‹ Only IFC-SPF text (.ifc) is accepted, not .ifczip, .ifcxml or Revit files; at most 4.3 GB per file. The rule s › Choose one or more .ifc files"
L056,2,T2 本地 IFC 与第二入口,new,新增，未核,#29 新增，未核,Y,,,,D,,LOCAL_CHECK,refusal.lede,"No check was run and there is no result. Each reason, and what to do:",没有运行任何检查，也没有产生结果。每个原因和要做的事：,界面文字（为本界面所写）,,,,Y,,,,,Y,,,,,,,2,local-start ×2,flow:local:plan-refused-unsupported-schema,这次检查不能开始 ‹ 没有运行任何检查，也没有产生结果。每个原因和要做的事： › old-schema.ifc：规则集的检查程序只读取 IFC4，这个文件不是 IFC4（例如 IFC2x3）。恢复办法：在 Revit 的,2,local-start ×2,flow:local:plan-refused-unsupported-schema,"This check cannot start ‹ No check was run and there is no result. Each reason, and what to do: › old-schema.ifc: The rule set's checker reads IFC4 only, and this file"
L057,2,T2 本地 IFC 与第二入口,new,新增，未核,#29 新增，未核,Y,,,,D,,LOCAL_CHECK,refusal.reasons.unsupported-schema,"The rule set's checker reads IFC4 only, and this file is not IFC4 (IFC2x3, for example). To recover: in Revit's IFC export dialog, set the IFC version to IFC4 Reference View, export again and choose the new file. The original file needs no change and need not be deleted.",规则集的检查程序只读取 IFC4，这个文件不是 IFC4（例如 IFC2x3）。恢复办法：在 Revit 的 IFC 导出对话框里，把 IFC 版本选为 IFC4 Reference View，重新导出后选择新文件。原文件不用修改，也不用删除。,界面文字（为本界面所写）,,,,Y,,,,,Y,,,,,,,1,local-start ×1,flow:local:plan-refused-unsupported-schema,没有运行任何检查，也没有产生结果。每个原因和要做的事： ‹ old-schema.ifc：规则集的检查程序只读取 IFC4，这个文件不是 IFC4（例如 IFC2x3）。恢复办法：在 Revit 的 IFC 导出对话框里，把 IFC 版本选为 IFC4 Reference Vie › 系统返回的原文（英文）,1,local-start ×1,flow:local:plan-refused-unsupported-schema,"No check was run and there is no result. Each reason, and what to do: ‹ old-schema.ifc: The rule set's checker reads IFC4 only, and this file is not IFC4 (IFC2x3, for example). To re › What the system returned (English original)"
L058,2,T2 本地 IFC 与第二入口,new,新增，未核,#29 新增，未核,Y,,,,D,,LOCAL_CHECK,refusal.reasons.not-an-ifc,"This is not an IFC-SPF text file: it does not begin with an ISO-10303-21 header. Choose the .ifc file Revit exported, not an .ifczip, .ifcxml or .rvt.",这不是 IFC-SPF 文本文件：开头没有 ISO-10303-21 文件头。请选择 Revit 导出的 .ifc 文件，不是 .ifczip、.ifcxml 或 .rvt。,界面文字（为本界面所写）,,,,Y,,,,,Y,,,,,,,1,local-start ×1,flow:local:file-refused-not-an-ifc,这个文件没有被接受：not-an-ifc.ifc ‹ not-an-ifc.ifc：这不是 IFC-SPF 文本文件：开头没有 ISO-10303-21 文件头。请选择 Revit 导出的 .ifc 文件，不是 .ifczip、.ifcxml 或 .rvt。 not-an- › 系统返回的原文（英文）,1,local-start ×1,flow:local:file-refused-not-an-ifc,This file was not accepted: not-an-ifc.ifc ‹ not-an-ifc.ifc: This is not an IFC-SPF text file: it does not begin with an ISO-10303-21 header. Choose the .i › What the system returned (English original)
L059,2,T2 本地 IFC 与第二入口,new,新增，未核,#29 新增，未核,Y,,,,D,,LOCAL_CHECK,refusal.reasons.model-too-large,"The file is over this server's limit and was not read. Export a smaller model, or restart the server with a larger --max-model-bytes.",文件超过这台服务器接受的上限，没有读取。可以导出范围更小的模型，或用更大的 --max-model-bytes 重新启动服务器。,界面文字（为本界面所写）,,,,N,,,,,,,,,本地检查的代码能到达，本次渲染未触发（拒绝或故障等状态）,,,0,,,,0,,,
L060,2,T2 本地 IFC 与第二入口,new,新增，未核,#29 新增，未核,Y,,,,D,,LOCAL_CHECK,refusal.reasons.model-incomplete,The file did not reach the server in full and was not kept. Choose the file again.,文件没有完整传到服务器，没有保留。请重新选择这个文件。,界面文字（为本界面所写）,,,,N,,,,,,,,,本地检查的代码能到达，本次渲染未触发（拒绝或故障等状态）,,,0,,,,0,,,
L061,2,T2 本地 IFC 与第二入口,new,新增，未核,#29 新增，未核,Y,,,,D,,LOCAL_CHECK,refusal.reasons.model-name-invalid,"The file name cannot name a model: it must end in .ifc, not start with ""."", and have no path or any of < > : "" / \ | ? *. Rename it and choose it again.","文件名不能用作模型名：要以 .ifc 结尾，不以“.”开头，不含路径或 < > : "" / \ | ? *。请改名后重新选择。",界面文字（为本界面所写）,,,,N,,,,,,,,,本地检查的代码能到达，本次渲染未触发（拒绝或故障等状态）,,,0,,,,0,,,
L062,2,T2 本地 IFC 与第二入口,new,新增，未核,#29 新增，未核,Y,,,,D,,LOCAL_CHECK,refusal.reasons.unknown-model,The server holds no copy of this file (it may have been cleaned up). Choose the file again.,服务器上没有这个文件的副本（可能已被清理）。请重新选择这个文件。,界面文字（为本界面所写）,,,,N,,,,,,,,,本地检查的代码能到达，本次渲染未触发（拒绝或故障等状态）,,,0,,,,0,,,
L063,2,T2 本地 IFC 与第二入口,new,新增，未核,#29 新增，未核,Y,,,,D,,LOCAL_CHECK,refusal.reasons.duplicate-model,"The same file, a file of the same name, or one with the same content was chosen twice. Choose each model once.",同一个文件、同名文件或内容相同的文件选了两次。每个模型只选一次。,界面文字（为本界面所写）,,,,N,,,,,,,,,本地检查的代码能到达，本次渲染未触发（拒绝或故障等状态）,,,0,,,,0,,,
L064,2,T2 本地 IFC 与第二入口,new,新增，未核,#29 新增，未核,Y,,,,D,,LOCAL_CHECK,refusal.reasons.no-model,No file has been chosen. Choose at least one .ifc file.,还没有选择文件。至少选择一个 .ifc 文件。,界面文字（为本界面所写）,,,,N,,,,,,,,,本地检查的代码能到达，本次渲染未触发（拒绝或故障等状态）,,,0,,,,0,,,
L065,2,T2 本地 IFC 与第二入口,new,新增，未核,#29 新增，未核,Y,,,,D,,LOCAL_CHECK,refusal.reasons.busy,"Another check is running; one runs at a time. Wait for it to finish, then run this one.",另一次检查正在运行，一次只运行一个。等它完成后再运行这一次。,界面文字（为本界面所写）,,,,N,,,,,,,,,本地检查的代码能到达，本次渲染未触发（拒绝或故障等状态）,,,0,,,,0,,,
L066,2,T2 本地 IFC 与第二入口,new,新增，未核,#29 新增，未核,Y,,,,D,,LOCAL_CHECK,fault.todo[0],"Make sure the file is an IFC4 file exported from Revit, and run again.",确认文件是从 Revit 导出的 IFC4 文件，再运行一次。,界面文字（为本界面所写）,,,,Y,,,,,Y,,,,,,,1,local-start ×1,flow:check-garbled:after-run,可以怎么做 ‹ 确认文件是从 Revit 导出的 IFC4 文件，再运行一次。 › 如果同一个文件每次都在这里失败，重新导出后再选择新文件。,1,local-start ×1,flow:check-garbled:after-run,"What you can do ‹ Make sure the file is an IFC4 file exported from Revit, and run again. › If the same file fails here every time, export it again and choose the"
L067,2,T2 本地 IFC 与第二入口,new,新增，未核,#29 新增，未核,Y,,,,D,,LOCAL_CHECK,fault.todo[1],"If the same file fails here every time, export it again and choose the new file.",如果同一个文件每次都在这里失败，重新导出后再选择新文件。,界面文字（为本界面所写）,,,,Y,,,,,Y,,,,,,,1,local-start ×1,flow:check-garbled:after-run,确认文件是从 Revit 导出的 IFC4 文件，再运行一次。 ‹ 如果同一个文件每次都在这里失败，重新导出后再选择新文件。 › 把下面的原文发给维护者；原文只描述程序在哪里停下，不说明模型的质量。,1,local-start ×1,flow:check-garbled:after-run,"Make sure the file is an IFC4 file exported from Revit, and run again. ‹ If the same file fails here every time, export it again and choose the new file. › Send the original text below to the maintainer; it only says where the"
L068,2,T2 本地 IFC 与第二入口,new,新增，未核,#29 新增，未核,Y,,,,D,,LOCAL_CHECK,fault.network,"No answer came from the server: it may have stopped. Start the server, then reload this page.",没有收到服务器的回答：服务器可能已经停止。启动服务器后，刷新这一页。,界面文字（为本界面所写）,,,,N,,,,,,,,,本地检查的代码能到达，本次渲染未触发（拒绝或故障等状态）,,,0,,,,0,,,
L069,2,T2 本地 IFC 与第二入口,new,新增，未核,#29 新增，未核,Y,,,,D,,LOCAL_CHECK,scope.geometryText,"No geometry is computed. An element without a shape does not stop the check from finishing; its check result, identity and next step are shown as usual. There is no 3D view of this result.",不计算几何。没有形体的构件不会让整次检查中断，它的检查结果、标识和下一步照常显示；本次结果也没有 3D 视图。,界面文字（为本界面所写）,,,,Y,,,,Y,Y,,,,,,,26,local-result ×16; local-start ×10,flow:check-both:result,进度计划：规则集的阶段 Coordination 由本次检查代填，没有到期日；本页不显示到期、逾期或优先级。 ‹ 不计算几何。没有形体的构件不会让整次检查中断，它的检查结果、标识和下一步照常显示；本次结果也没有 3D 视图。 › 这是一次检查的结果，不是交接判断：页面只说每个构件在每条要求下通过、不通过还是不适用，不对任何工作能否开始下结论。,26,local-result ×16; local-start ×10,flow:check-both:result,"Programme: the rule set's stages Coordination were filled in by this c ‹ No geometry is computed. An element without a shape does not stop the check from finishing; its check result,  › These are the results of a check, not a handover judgement: the page s"
L070,2,T2 本地 IFC 与第二入口,new,新增，未核,#29 新增，未核,Y,,,,D,,LOCAL_CHECK,records.what[2],"3D geometry cache: none is made now. When a 3D view is added, its cache will be kept in this directory too and cleaned up the same way.",3D 几何缓存：现在不生成。以后加入 3D 查看时，它的缓存也放在这个目录里，按下面同样的步骤清理。,界面文字（为本界面所写）,,,,Y,,,,Y,Y,,,,,,,34,local-result ×16; local-start ×18,flow:check-both:result,每次检查一个目录：checks\<检查号>\，里面有模型副本、规则集副本、检查结果（data\processed\canonical\run ‹ 3D 几何缓存：现在不生成。以后加入 3D 查看时，它的缓存也放在这个目录里，按下面同样的步骤清理。 › 这个目录以外不写任何文件：仓库检出不变，命令行 epc-ct run 使用的共享覆盖记录目录也不增加。,34,local-result ×16; local-start ×18,flow:check-both:result,"One directory per check: checks\<check id>\, holding the model copies, ‹ 3D geometry cache: none is made now. When a 3D view is added, its cache will be kept in this directory too and › Nothing is written outside this directory: the repository checkout doe"
L071,2,T2 本地 IFC 与第二入口,new,新增，未核,#29 新增，未核,Y,,,,D,,LOCAL_CHECK,scope.ready,"The server will run this check with the scope below; confirm it, then run.",服务器按下面的范围运行这次检查；确认后再运行。,界面文字（为本界面所写）,,,,Y,,,,,Y,,,,,,,10,local-start ×10,flow:check-both:planned,3. 运行前确认范围 ‹ 服务器按下面的范围运行这次检查；确认后再运行。 › 检查号（由规则集、逻辑日期和每个文件的名称、专业、内容决定）,10,local-start ×10,flow:check-both:planned,"3. Confirm the scope before running ‹ The server will run this check with the scope below; confirm it, then run. › Check id (decided by the rule set, the logical date, and each file's n"
L072,2,T2 本地 IFC 与第二入口,new,新增，未核,#29 新增，未核,Y,,,,D,,LOCAL_CHECK,scope.checkId,"Check id (decided by the rule set, the logical date, and each file's name, discipline and content)",检查号（由规则集、逻辑日期和每个文件的名称、专业、内容决定）,界面文字（为本界面所写）,,,,Y,,,,,Y,,,,,,,10,local-start ×10,flow:check-both:planned,服务器按下面的范围运行这次检查；确认后再运行。 ‹ 检查号（由规则集、逻辑日期和每个文件的名称、专业、内容决定） › c653c7e0bb676a4a,10,local-start ×10,flow:check-both:planned,"The server will run this check with the scope below; confirm it, then  ‹ Check id (decided by the rule set, the logical date, and each file's name, discipline and content) › c653c7e0bb676a4a"
L073,2,T2 本地 IFC 与第二入口,new,新增，未核,#29 新增，未核,Y,,,,D,,LOCAL_CHECK,scope.asOfNote,"(set by the run configuration, not today's date)",（运行配置给定，不是今天的日期）,界面文字（为本界面所写）,,,,Y,,,,,Y,,,,,,,10,local-start ×10,flow:check-both:planned,逻辑日期 ‹ 2026-08-13T00:00:00Z （运行配置给定，不是今天的日期） › 进度计划,10,local-start ×10,flow:check-both:planned,"Logical date ‹ 2026-08-13T00:00:00Z (set by the run configuration, not today's date) › Programme"
L074,2,T2 本地 IFC 与第二入口,new,新增，未核,#29 新增，未核,Y,,,,D,,LOCAL_CHECK,scope.programmeText,"Your model brings no programme. The rule set's rules name the stages {stages}, so this check fills those stages in, with no due date; the result page shows no due date, overdue state or priority.",你的模型不带进度计划。规则集的规则写了阶段 {stages}，所以本次检查代填了这些阶段，没有到期日；结果页不显示到期、逾期或优先级。,界面文字（为本界面所写）,,,,Y,,,,,Y,,,,,,,10,local-start ×10,flow:check-both:planned,进度计划 ‹ 你的模型不带进度计划。规则集的规则写了阶段 Coordination，所以本次检查代填了这些阶段，没有到期日；结果页不显示到期、逾期或优先级。 › 几何,10,local-start ×10,flow:check-both:planned,"Programme ‹ Your model brings no programme. The rule set's rules name the stages Coordination, so this check fills those s › Geometry"
L075,2,T2 本地 IFC 与第二入口,new,新增，未核,#29 新增，未核,Y,,,,D,,LOCAL_CHECK,result.programme,"Programme: the rule set's stages {stages} were filled in by this check, with no due date; this page shows no due date, overdue state or priority.",进度计划：规则集的阶段 {stages} 由本次检查代填，没有到期日；本页不显示到期、逾期或优先级。,界面文字（为本界面所写）,,,,Y,,,,Y,,,,,,,,16,local-result ×16,flow:check-both:result,Building-Hvac.ifc（你声明的专业：暖通（HVAC）） ‹ 进度计划：规则集的阶段 Coordination 由本次检查代填，没有到期日；本页不显示到期、逾期或优先级。 › 不计算几何。没有形体的构件不会让整次检查中断，它的检查结果、标识和下一步照常显示；本次结果也没有 3D 视图。,16,local-result ×16,flow:check-both:result,"Building-Hvac.ifc (discipline you declared: HVAC) ‹ Programme: the rule set's stages Coordination were filled in by this check, with no due date; this page shows  › No geometry is computed. An element without a shape does not stop the"
L076,2,T2 本地 IFC 与第二入口,new,新增，未核,#29 新增，未核,Y,,,,D,,LOCAL_CHECK,scope.running,Checking. This may take from tens of seconds to a few minutes; the result opens when it is done.,正在检查，可能需要几十秒到几分钟。完成后会打开结果。,界面文字（为本界面所写）,,,,Y,,,,,Y,,,,,,,5,local-start ×5,flow:check-both:running,运行检查 ‹ 正在检查，可能需要几十秒到几分钟。完成后会打开结果。 › 以前的检查,5,local-start ×5,flow:check-both:running,Run the check ‹ Checking. This may take from tens of seconds to a few minutes; the result opens when it is done. › Earlier checks
E223,2,T2 本地 IFC 与第二入口,batch-1015,10/15 批，未核,10/15 批，未核,Y,,10-15,domain-517,D,入口名称,MODE_LABELS,real,Check attempt on the bundled project,随附项目的检查尝试,界面文字（为本界面所写）,,,,Y,,,,,,Y,,,,,,2,second-entry ×2,#/real,English ‹ 随附项目的检查尝试 › 返回首页,2,second-entry ×2,#/real,English ‹ Check attempt on the bundled project › Back to the home page
E312,2,T2 本地 IFC 与第二入口,batch-1015,10/15 批，未核,10/15 批，未核,Y,,10-15,new-1005,D,10/5 新增：第二入口（随附项目的检查尝试）的拒绝页（#42）,REFUSAL_PAGE,title,This check attempt did not start an assessment,这次检查尝试没有开始评估,界面文字（为本界面所写）,,,,Y,,,,,,Y,,,,,,1,second-entry ×1,#/real/real-refusal,返回首页 ‹ 这次检查尝试没有开始评估 › 系统在评估开始前拒绝了这次请求，并给出了原因。这是对请求条件的答复：不是程序故障，也不是检查结果。,1,second-entry ×1,#/real/real-refusal,"Back to the home page ‹ This check attempt did not start an assessment › The system refused this request before the assessment started, and gav"
E313,2,T2 本地 IFC 与第二入口,batch-1015,10/15 批，未核,10/15 批，未核,Y,,10-15,new-1005,D,10/5 新增：第二入口（随附项目的检查尝试）的拒绝页（#42）,REFUSAL_PAGE,lede,"The system refused this request before the assessment started, and gave its reason. This is an answer about the request's conditions: not a program fault, and not a check result.",系统在评估开始前拒绝了这次请求，并给出了原因。这是对请求条件的答复：不是程序故障，也不是检查结果。,界面文字（为本界面所写）,,,,Y,,,,,,Y,,,,,,1,second-entry ×1,#/real/real-refusal,这次检查尝试没有开始评估 ‹ 系统在评估开始前拒绝了这次请求，并给出了原因。这是对请求条件的答复：不是程序故障，也不是检查结果。 › 为什么没有开始,1,second-entry ×1,#/real/real-refusal,"This check attempt did not start an assessment ‹ The system refused this request before the assessment started, and gave its reason. This is an answer about th › Why it did not start"
E314,2,T2 本地 IFC 与第二入口,batch-1015,10/15 批，未核,10/15 批，未核,Y,,10-15,new-1005,D,10/5 新增：第二入口（随附项目的检查尝试）的拒绝页（#42）,REFUSAL_PAGE,whyHeading,Why it did not start,为什么没有开始,界面文字（为本界面所写）,,,,Y,,,,,,Y,,,,,,1,second-entry ×1,#/real/real-refusal,系统在评估开始前拒绝了这次请求，并给出了原因。这是对请求条件的答复：不是程序故障，也不是检查结果。 ‹ 为什么没有开始 › 项目条件未满足：由谁处理的安排不是项目作出的决定,1,second-entry ×1,#/real/real-refusal,"The system refused this request before the assessment started, and gav ‹ Why it did not start › Project condition not met: who deals with what is not a decision the p"
E315,2,T2 本地 IFC 与第二入口,batch-1015,10/15 批，未核,10/15 批，未核,Y,,10-15,new-1005,D,10/5 新增：第二入口（随附项目的检查尝试）的拒绝页（#42）,REFUSAL_PAGE,needHeading,What is needed for the check to start,要让检查能够开始，需要什么,界面文字（为本界面所写）,,,,Y,,,,,,Y,,,,,,1,second-entry ×1,#/real/real-refusal,这次请求所用的项目设定里，“哪个角色由哪个团队担任”的安排只是演示用的占位内容，不是项目作出的决定。系统因此不生成评估结果：否则结果里的处理 ‹ 要让检查能够开始，需要什么 › 在一个真实项目上，要让检查能够开始：需要项目负责人实际决定系统原文（折叠在下面）点名的每个角色由谁担任，然后如实记录。这是一个人员决定，不是,1,second-entry ×1,#/real/real-refusal,"In the project settings this request used, the arrangement of which te ‹ What is needed for the check to start › On a real project, for the check to be able to start: the project lead"
E316,2,T2 本地 IFC 与第二入口,batch-1015,10/15 批，未核,10/15 批，未核,Y,,10-15,new-1005,D,10/5 新增：第二入口（随附项目的检查尝试）的拒绝页（#42）,REFUSAL_PAGE,onlyOne,Only this one reason was returned; there is no diagnosis of any other stage.,本次只返回这一个原因，没有其他环节的诊断。,界面文字（为本界面所写）,,,,Y,,,,,,Y,,,,,,1,second-entry ×1,#/real/real-refusal,处理当前拒绝原因不保证随后可评估；其余限制尚未由本次运行验证。 ‹ 本次只返回这一个原因，没有其他环节的诊断。 › 没有任何事项的结论、零问题统计或完成百分比；被拒绝不是“无法判断”，也不是一次没有问题的检查。,1,second-entry ×1,#/real/real-refusal,"Dealing with the current reason for refusal does not guarantee that an ‹ Only this one reason was returned; there is no diagnosis of any other stage. › No conclusion on any item, no zero-problem count and no completion rat"
E317,2,T2 本地 IFC 与第二入口,batch-1015,10/15 批，未核,10/15 批，未核,Y,,10-15,new-1005,D,10/5 新增：第二入口（随附项目的检查尝试）的拒绝页（#42）,REFUSAL_PAGE,noConclusion,"No conclusion on any item, no zero-problem count and no completion ratio: a refusal is not ""Unknown"", and not a check without problems.",没有任何事项的结论、零问题统计或完成百分比；被拒绝不是“无法判断”，也不是一次没有问题的检查。,界面文字（为本界面所写）,,,,Y,,,,,,Y,,,,,,1,second-entry ×1,#/real/real-refusal,本次只返回这一个原因，没有其他环节的诊断。 ‹ 没有任何事项的结论、零问题统计或完成百分比；被拒绝不是“无法判断”，也不是一次没有问题的检查。 › 系统返回的原文（英文）与拒绝码,1,second-entry ×1,#/real/real-refusal,"Only this one reason was returned; there is no diagnosis of any other  ‹ No conclusion on any item, no zero-problem count and no completion ratio: a refusal is not ""Unknown"", and not  › What the system returned (as written) and the refusal code"
E318,2,T2 本地 IFC 与第二入口,same-reviewed,同句已核,10/15 批，未核；句子与已核 E551 逐字相同,N,句子与已核 E551 逐字相同,10-15,new-1005,D,10/5 新增：第二入口（随附项目的检查尝试）的拒绝页（#42）,REFUSAL_PAGE,original,What the system returned (as written) and the refusal code,系统返回的原文（英文）与拒绝码,界面文字（为本界面所写）,G035,G035,,Y,,,,,,Y,,,,,,1,second-entry ×1,#/real/real-refusal,没有任何事项的结论、零问题统计或完成百分比；被拒绝不是“无法判断”，也不是一次没有问题的检查。 ‹ 系统返回的原文（英文）与拒绝码 › 检查尝试,1,second-entry ×1,#/real/real-refusal,"No conclusion on any item, no zero-problem count and no completion rat ‹ What the system returned (as written) and the refusal code › Check attempt"
E319,2,T2 本地 IFC 与第二入口,batch-1015,10/15 批，未核,10/15 批，未核,Y,,10-15,new-1005,D,10/5 新增：第二入口（随附项目的检查尝试）的拒绝页（#42）,REFUSAL_PAGE,attempt,Check attempt,检查尝试,界面文字（为本界面所写）,,,,Y,,,,,,Y,,,,,,1,second-entry ×1,#/real/real-refusal,English ‹ 随附项目的检查尝试 › 本次没有检查结果,2,second-entry ×2,#/real,English ‹ Check attempt on the bundled project › Back to the home page
E320,2,T2 本地 IFC 与第二入口,same-reviewed,同句已核,10/15 批，未核；句子与已核 E552 逐字相同,N,句子与已核 E552 逐字相同,10-15,new-1005,D,10/5 新增：第二入口（随附项目的检查尝试）的拒绝页（#42）,REFUSAL_PAGE,code,Refusal code,拒绝码,界面文字（为本界面所写）,G036,G036,,Y,,,,,,Y,,,,,,1,second-entry ×1,#/real/real-refusal,没有任何事项的结论、零问题统计或完成百分比；被拒绝不是“无法判断”，也不是一次没有问题的检查。 ‹ 系统返回的原文（英文）与拒绝码 › 检查尝试,1,second-entry ×1,#/real/real-refusal,A check attempt on the bundled sample project ‹ Refusal code › team-mapping-decision-basis-illustrativeCopy
E321,2,T2 本地 IFC 与第二入口,batch-1015,10/15 批，未核,10/15 批，未核,Y,,10-15,new-1005,D,10/5 新增：第二入口（随附项目的检查尝试）的拒绝页（#42）,REFUSAL_PAGE,contextMissing,The context of the request that was submitted has not been returned with the refusal yet.,所提交的请求上下文尚未随拒绝返回。,界面文字（为本界面所写）,,,,Y,,,,,,Y,,,,,,1,second-entry ×1,#/real/real-refusal,team-mapping-decision-basis-illustrative复制 ‹ 所提交的请求上下文尚未随拒绝返回。 › [team-mapping-decision-basis-illustrative] project 'pcert-sample' cann,1,second-entry ×1,#/real/real-refusal,team-mapping-decision-basis-illustrativeCopy ‹ The context of the request that was submitted has not been returned with the refusal yet. › [team-mapping-decision-basis-illustrative] project 'pcert-sample' cann
E322,2,T2 本地 IFC 与第二入口,batch-1015,10/15 批，未核,10/15 批，未核,Y,,10-15,new-1005,D,10/5 新增：第二入口的拒绝原因（#42）,REFUSAL_REASONS,team-mapping-decision-basis-illustrative.title,Project condition not met: who deals with what is not a decision the project has made,项目条件未满足：由谁处理的安排不是项目作出的决定,界面文字（为本界面所写）,,,,Y,,,,,,Y,,,,,,1,second-entry ×1,#/real/real-refusal,为什么没有开始 ‹ 项目条件未满足：由谁处理的安排不是项目作出的决定 › 这次请求所用的项目设定里，“哪个角色由哪个团队担任”的安排只是演示用的占位内容，不是项目作出的决定。系统因此不生成评估结果：否则结果里的处理,1,second-entry ×1,#/real/real-refusal,"Why it did not start ‹ Project condition not met: who deals with what is not a decision the project has made › In the project settings this request used, the arrangement of which te"
E323,2,T2 本地 IFC 与第二入口,batch-1015,10/15 批，未核,10/15 批，未核,Y,,10-15,new-1005,D,10/5 新增：第二入口的拒绝原因（#42）,REFUSAL_REASONS,team-mapping-decision-basis-illustrative.text,"In the project settings this request used, the arrangement of which team fills which role is demonstration placeholder content, not a decision the project has made. The system therefore produces no assessment: otherwise the handling teams in the result would be taken for the project's real arrangement.",这次请求所用的项目设定里，“哪个角色由哪个团队担任”的安排只是演示用的占位内容，不是项目作出的决定。系统因此不生成评估结果：否则结果里的处理团队会被当成项目的真实安排。,界面文字（为本界面所写）,,,,Y,,,,,,Y,,,,,,1,second-entry ×1,#/real/real-refusal,项目条件未满足：由谁处理的安排不是项目作出的决定 ‹ 这次请求所用的项目设定里，“哪个角色由哪个团队担任”的安排只是演示用的占位内容，不是项目作出的决定。系统因此不生成评估结果：否则结果里的处理团队会被当成项目的真实安排。 › 要让检查能够开始，需要什么,1,second-entry ×1,#/real/real-refusal,"Project condition not met: who deals with what is not a decision the p ‹ In the project settings this request used, the arrangement of which team fills which role is demonstration pla › What is needed for the check to start"
E324,2,T2 本地 IFC 与第二入口,batch-1015,10/15 批，未核,10/15 批，未核,Y,,10-15,new-1005,D,10/5 新增：第二入口的拒绝原因（#42）,REFUSAL_REASONS,team-mapping-decision-basis-illustrative.action[0],"On a real project, for the check to be able to start: the project lead has to actually decide who fills each role that the system's own text (folded below) names, and record it as decided. This is a staffing decision, not a change of label.",在一个真实项目上，要让检查能够开始：需要项目负责人实际决定系统原文（折叠在下面）点名的每个角色由谁担任，然后如实记录。这是一个人员决定，不是改一个标签。,界面文字（为本界面所写）,,,,Y,,,,,,Y,,,,,,1,second-entry ×1,#/real/real-refusal,要让检查能够开始，需要什么 ‹ 在一个真实项目上，要让检查能够开始：需要项目负责人实际决定系统原文（折叠在下面）点名的每个角色由谁担任，然后如实记录。这是一个人员决定，不是改一个标签。 › 如果这次请求用的是随附的公开样例：它没有项目负责人。对它而言，这次拒绝就是正确的结果，不需要、也不应该去改它的设定。,1,second-entry ×1,#/real/real-refusal,"What is needed for the check to start ‹ On a real project, for the check to be able to start: the project lead has to actually decide who fills each r › If this request used the bundled public sample: it has no project lead"
E325,2,T2 本地 IFC 与第二入口,batch-1015,10/15 批，未核,10/15 批，未核,Y,,10-15,new-1005,D,10/5 新增：第二入口的拒绝原因（#42）,REFUSAL_REASONS,team-mapping-decision-basis-illustrative.action[1],"If this request used the bundled public sample: it has no project lead. For it, this refusal is the correct result; its settings do not need to be changed, and should not be.",如果这次请求用的是随附的公开样例：它没有项目负责人。对它而言，这次拒绝就是正确的结果，不需要、也不应该去改它的设定。,界面文字（为本界面所写）,,,,Y,,,,,,Y,,,,,,1,second-entry ×1,#/real/real-refusal,在一个真实项目上，要让检查能够开始：需要项目负责人实际决定系统原文（折叠在下面）点名的每个角色由谁担任，然后如实记录。这是一个人员决定，不是 ‹ 如果这次请求用的是随附的公开样例：它没有项目负责人。对它而言，这次拒绝就是正确的结果，不需要、也不应该去改它的设定。 › 处理当前拒绝原因不保证随后可评估；其余限制尚未由本次运行验证。,1,second-entry ×1,#/real/real-refusal,"On a real project, for the check to be able to start: the project lead ‹ If this request used the bundled public sample: it has no project lead. For it, this refusal is the correct re › Dealing with the current reason for refusal does not guarantee that an"
E326,2,T2 本地 IFC 与第二入口,batch-1015,10/15 批，未核,10/15 批，未核,Y,,10-15,new-1005,D,10/5 新增：第二入口的范围说明（#42）,REFUSAL_SCOPE_NOTE,,Dealing with the current reason for refusal does not guarantee that an assessment can follow; the other limitations have not been verified by this run.,处理当前拒绝原因不保证随后可评估；其余限制尚未由本次运行验证。,界面文字（为本界面所写）,,,,Y,,,,,,Y,,,,,,1,second-entry ×1,#/real/real-refusal,如果这次请求用的是随附的公开样例：它没有项目负责人。对它而言，这次拒绝就是正确的结果，不需要、也不应该去改它的设定。 ‹ 处理当前拒绝原因不保证随后可评估；其余限制尚未由本次运行验证。 › 本次只返回这一个原因，没有其他环节的诊断。,1,second-entry ×1,#/real/real-refusal,If this request used the bundled public sample: it has no project lead ‹ Dealing with the current reason for refusal does not guarantee that an assessment can follow; the other limita › Only this one reason was returned; there is no diagnosis of any other
E570,2,T2 本地 IFC 与第二入口,batch-1015,10/15 批，未核,10/15 批，未核,Y,,10-15,new-1005,U,10/5 新增：第二入口的拒绝页（#42，界面用语）,REFUSAL_UNGLOSSED,title,The system refused this request,系统拒绝了这次请求,界面文字（为本界面所写）,,,,Y,,,,,,Y,,,,,,0,,,,1,second-entry ×1,#/real/real-refusal,"This check attempt did not start an assessment ‹ The system refused this request before the assessment started, and gave its reason. This is an answer about th › Why it did not start"
E385,2,T2 本地 IFC 与第二入口,batch-1015,10/15 批，未核,10/15 批，未核,Y,,10-15,domain-517,D,示例名称（含第二入口）,RUN_LABELS,real-refusal,A check attempt on the bundled sample project,对随附样例项目的一次检查尝试,界面文字（为本界面所写）,,,,Y,,,,,,Y,,,,,,2,second-entry ×2,#/real,仓库随附一个样例项目，下面是对它的一次检查尝试。这个入口只看这个样例，不能换成别的模型；检查自己的 IFC4 文件，用首页的“检查自己的 I ‹ 对随附样例项目的一次检查尝试,2,second-entry ×2,#/real,The repository comes with a sample project; below is a check attempt o ‹ A check attempt on the bundled sample project
E551,2,T2 本地 IFC 与第二入口,reviewed,10/8 已核,10/8 A 层已核，句子未变,N,,10-08 A,domain-517,D,PASS／FAIL／N/A／拒绝区别（拒绝页）,WORKSPACE_REFUSAL,original,What the system returned (as written) and the refusal code,系统返回的原文（英文）与拒绝码,界面文字（为本界面所写）,G035,G035,,Y,,,,,,Y,,,,,,1,second-entry ×1,#/real/real-refusal,没有任何事项的结论、零问题统计或完成百分比；被拒绝不是“无法判断”，也不是一次没有问题的检查。 ‹ 系统返回的原文（英文）与拒绝码 › 检查尝试,1,second-entry ×1,#/real/real-refusal,"No conclusion on any item, no zero-problem count and no completion rat ‹ What the system returned (as written) and the refusal code › Check attempt"
E552,2,T2 本地 IFC 与第二入口,reviewed,10/8 已核,10/8 A 层已核，句子未变,N,,10-08 A,domain-517,D,PASS／FAIL／N/A／拒绝区别（拒绝页）,WORKSPACE_REFUSAL,code,Refusal code,拒绝码,界面文字（为本界面所写）,G036,G036,,Y,,,,,,Y,,,,,,1,second-entry ×1,#/real/real-refusal,没有任何事项的结论、零问题统计或完成百分比；被拒绝不是“无法判断”，也不是一次没有问题的检查。 ‹ 系统返回的原文（英文）与拒绝码 › 检查尝试,1,second-entry ×1,#/real/real-refusal,A check attempt on the bundled sample project ‹ Refusal code › team-mapping-decision-basis-illustrativeCopy
E023,3,T3 其余,reviewed,10/8 已核,10/8 A 层已核，句子未变,N,,10-08 A,domain-new-20,D,源修改与复检行动（#40 新增的英文）,ACTIONS,cross-model-alignment-not-confirmed.action,"This is not a known misalignment. No one has yet confirmed, by the method the project accepts, that the two models are aligned; do this once against the model versions listed, and record it",这不是已知的错位。还没有人按项目接受的方法确认两侧模型对齐；需要针对所列模型版本做一次并记录,界面文字（为本界面所写）,,,,Y,,,,,,,Y,,,,,24,example-other ×24,#/fixture/recheck-member-gone,要做什么 ‹ 这不是已知的错位。还没有人按项目接受的方法确认两侧模型对齐；需要针对所列模型版本做一次并记录 › 查看这一项：具体对象、要做什么、由谁处理、拿什么复检,24,example-other ×24,#/fixture/recheck-member-gone,"What to do ‹ This is not a known misalignment. No one has yet confirmed, by the method the project accepts, that the two mo › See this item: the element, what to do, who deals with it, what a rech"
E024,3,T3 其余,reviewed,10/8 已核,10/8 A 层已核，句子未变,N,,10-08 A,domain-new-20,D,源修改与复检行动（#40 新增的英文）,ACTIONS,cross-model-alignment-not-confirmed.recheck,"The alignment confirmation has been done and reports the models aligned, naming the model versions",对齐确认已做，结果为已对齐，写明模型版本,界面文字（为本界面所写）,,,,Y,,,,,,,Y,,,,,14,example-other ×14,#/fixture/recheck-member-gone/recheck/5/0,完成后拿什么复检 ‹ 对齐确认已做，结果为已对齐，写明模型版本 › 来源原文（英文，记录所带）：供追溯，不是操作指令,14,example-other ×14,#/fixture/recheck-member-gone/recheck/5/0,"What a recheck must show ‹ The alignment confirmation has been done and reports the models aligned, naming the model versions › Source wording (as the record carries it): for tracing, not an instruc"
E025,3,T3 其余,changed,10/8 后改句，需重核,W3：行动要求比规则严（“楼层和空间”对规则的“楼层或空间”）；#50 已改句（10/8 已核的是改前原句），需重核,Y,,10-08 A,domain-new-20,D,源修改与复检行动（#40 新增的英文）,ACTIONS,mep-element-not-spatially-assigned.action,"In the source model, place the element on its correct level (and, where the project requires spatial assignment, in its corresponding space), then re-export",在源模型里把构件放到正确的标高上（项目要求空间归属时，再放进对应的空间），重新导出,界面文字（为本界面所写）,,,,N,,,,,,,,,随附的 12 份示例记录没有触发这一条（只在 Pack 里有），公开路线上不出现；按任务指示仍收进子集,,,0,,,,0,,,
E029,3,T3 其余,c-channel,10/8 已核；C 通道待裁,W1：同上,N,,10-08 A,domain-new-20,D,源修改与复检行动（#40 新增的英文）,ACTIONS,opening-not-verifiably-linked.action,"In the receiving side's model, add to the opening a cross-reference back to the element that passes through it. Where several elements pass through one opening, each needs its own",在接收方模型里，给洞口补上指回穿过它的那个构件的关联。一个洞口供几个构件穿过，每个各要一条,界面文字（为本界面所写）,,,,N,,,,,,,,,随附的 12 份示例记录没有触发这一条（只在 Pack 里有），公开路线上不出现；按任务指示仍收进子集,,,0,,,,0,,,
E035,3,T3 其余,reviewed,10/8 已核,10/8 A 层已核，句子未变,N,,10-08 A,domain-517,D,源修改与复检行动,ACTION_GROUPS,open.none,The record gives no action for any item.,记录没有为任何一个事项给出处理动作。,界面文字（为本界面所写）,,,,Y,,,,,,,Y,,,,,2,example-other ×2,#/fixture/recheck-comparison,需要处理的事项（0 个事项） ‹ 记录没有为任何一个事项给出处理动作。 › 需要人工核对的事项（1 个事项）,2,example-other ×2,#/fixture/recheck-comparison,Items to deal with (0 items) ‹ The record gives no action for any item. › Items to check by hand (1 item)
E037,3,T3 其余,reviewed,10/8 已核,10/8 A 层已核，句子未变,N,,10-08 A,domain-517,D,源修改与复检行动,ACTION_GROUPS,unplaced.label,Items to check by hand,需要人工核对的事项,界面文字（为本界面所写）,,,,Y,,,,,,,Y,,,,,0,,,,12,example-other ×12,#/fixture/recheck-comparison,The record gives no action for any item. ‹ Items to check by hand (1 item) › The record does not say what these items' conclusions are now. An elem
E038,3,T3 其余,reviewed,10/8 已核,10/8 A 层已核，句子未变,N,,10-08 A,domain-517,D,源修改与复检行动,ACTION_GROUPS,unplaced.summary,the record gives no current state; check by hand,记录没有给出当前情况，需要人工核对,界面文字（为本界面所写）,,,,Y,,,,,,,Y,,,,,12,example-other ×12,#/fixture/recheck-comparison,0 个事项：记录给出了处理动作 ‹ 1 个事项：记录没有给出当前情况，需要人工核对 › 模型：两侧模型都没有重新发布（版本未变）。,12,example-other ×12,#/fixture/recheck-comparison,0 items: the record gives an action ‹ 1 item: the record gives no current state; check by hand › Models: Neither model was re-issued (versions unchanged).
E040,3,T3 其余,reviewed,10/8 已核,10/8 A 层已核，句子未变,N,,10-08 A,domain-517,D,源修改与复检行动,ACTION_GROUPS,unplaced.note,The record does not say what these items' conclusions are now. An element that is gone does not mean the problem was fixed.,这些事项现在是什么判断，记录没有说。构件不在了不代表问题已修复。,界面文字（为本界面所写）,G001,,,Y,,,,,,,Y,,,,,12,example-other ×12,#/fixture/recheck-comparison,需要人工核对的事项（1 个事项） ‹ 这些事项现在是什么判断，记录没有说。构件不在了不代表问题已修复。 › 一对构件,12,example-other ×12,#/fixture/recheck-comparison,Items to check by hand (1 item) ‹ The record does not say what these items' conclusions are now. An element that is gone does not mean the probl › A pair of elements
E045,3,T3 其余,batch-1015,10/15 批，未核,10/15 批，未核,Y,,10-15,domain-517,D,复检：比较了哪些方面,ASPECT_NOTES,onlyModelVersion,Only the model version changed; that does not mean the check result's content changed. Nor does the record conclude whether this evidence can carry over to the new version.,只有模型版本变了，不等于检查结果的内容变了。记录也不就“这条证据能否沿用到新版本”下结论。,界面文字（为本界面所写）,,,,Y,,,,,,,Y,,,,,21,example-other ×21,#/fixture/recheck-member-gone/recheck/5/0,引用换了键（新键就是上面“本次记录引用的对应证据”）。换键本身不算变化。 ‹ 只有模型版本变了，不等于检查结果的内容变了。记录也不就“这条证据能否沿用到新版本”下结论。 › 追溯信息（记录原码与内容指纹）,21,example-other ×21,#/fixture/recheck-member-gone/recheck/5/0,"The citation changed key (the new key is the ""corresponding evidence t ‹ Only the model version changed; that does not mean the check result's content changed. Nor does the record con › Tracing (record codes and content fingerprints)"
E046,3,T3 其余,batch-1015,10/15 批，未核,10/15 批，未核,Y,,10-15,domain-517,D,复检：比较了哪些方面,ASPECT_NOTES,semanticsSameOutcome,"The check requirement was edited, and the check result reads the same as before — but it was reached under the edited requirement and cannot be treated as the same evidence.",检查要求被修改过，检查结果读起来和原来一样——但它是按修改后的要求得出的，不能当作同一条证据。,界面文字（为本界面所写）,,,,Y,,,,,,,Y,,,,,3,example-other ×3,#/fixture/recheck-semantics-changed/recheck/7/0,引用换了键（新键就是上面“本次记录引用的对应证据”）。换键本身不算变化。 ‹ 检查要求被修改过，检查结果读起来和原来一样——但它是按修改后的要求得出的，不能当作同一条证据。 › 追溯信息（记录原码与内容指纹）,3,example-other ×3,#/fixture/recheck-semantics-changed/recheck/7/0,"The citation changed key (the new key is the ""corresponding evidence t ‹ The check requirement was edited, and the check result reads the same as before — but it was reached under the › Tracing (record codes and content fingerprints)"
E048,3,T3 其余,batch-1015,10/15 批，未核,10/15 批，未核,Y,,10-15,domain-517,D,复检：比较了哪些方面,ASPECT_NOTES,contentUnderSameRequirement,"The check requirement did not change, and the check result content did. This row does not record whether the result got better or worse; see the current conclusion.",检查要求没有变，检查结果内容变了。这一行不记录结果是变好还是变差，请看当前判断。,界面文字（为本界面所写）,,,,Y,,,,,,,Y,,,,,3,example-other ×3,#/fixture/recheck-producing-reissued-content-changed/recheck/7/0,引用换了键（新键就是上面“本次记录引用的对应证据”）。换键本身不算变化。 ‹ 检查要求没有变，检查结果内容变了。这一行不记录结果是变好还是变差，请看当前判断。 › 追溯信息（记录原码与内容指纹）,3,example-other ×3,#/fixture/recheck-producing-reissued-content-changed/recheck/7/0,"The citation changed key (the new key is the ""corresponding evidence t ‹ The check requirement did not change, and the check result content did. This row does not record whether the r › Tracing (record codes and content fingerprints)"
E088,3,T3 其余,batch-1015,10/15 批，未核,10/15 批，未核,Y,,10-15,domain-517,D,复检：旧证据的去向,CARRY_OVER_STATES,no-counterpart.meaning,"It can be compared, but this record cites no evidence corresponding to it. ",可以比较，但本次记录没有引用与它对应的证据。,界面文字（为本界面所写）,,,,Y,,,,,,,Y,,,,,43,example-other ×43,#/fixture/recheck-comparison,“未找到对应证据”是什么意思 ‹ 可以比较，但本次记录没有引用与它对应的证据。没有对应证据不代表问题已修复。 › 追溯信息：记录标识、模型版本指纹、记录原码对照,43,example-other ×43,#/fixture/recheck-comparison,"What ""No counterpart found"" means ‹ It can be compared, but this record cites no evidence corresponding to it. No counterpart does not mean the pr › Tracing: record identity, model version fingerprints, record codes"
E089,3,T3 其余,batch-1015,10/15 批，未核,10/15 批，未核,Y,,10-15,domain-517,D,复检：旧证据的去向,CARRY_OVER_STATES,no-counterpart.caveat,No counterpart does not mean the problem was fixed.,没有对应证据不代表问题已修复。,界面文字（为本界面所写）,,,,Y,,,,,,,Y,,,,,43,example-other ×43,#/fixture/recheck-comparison,“未找到对应证据”是什么意思 ‹ 可以比较，但本次记录没有引用与它对应的证据。没有对应证据不代表问题已修复。 › 追溯信息：记录标识、模型版本指纹、记录原码对照,43,example-other ×43,#/fixture/recheck-comparison,"What ""No counterpart found"" means ‹ It can be compared, but this record cites no evidence corresponding to it. No counterpart does not mean the pr › Tracing: record identity, model version fingerprints, record codes"
E091,3,T3 其余,batch-1015,10/15 批，未核,10/15 批，未核,Y,,10-15,domain-517,D,复检：旧证据的去向,CARRY_OVER_STATES,not-provable.meaning,"The comparison itself cannot be made, so it can be called neither unchanged nor changed. ",比较本身无法建立，所以既不能说一致，也不能说变了。,界面文字（为本界面所写）,,,,Y,,,,,,,Y,,,,,16,example-other ×16,#/fixture/recheck-member-gone,“现有依据不足以比较”是什么意思 ‹ 比较本身无法建立，所以既不能说一致，也不能说变了。这是“无法比较”，不是“证据缺失”，也不是“没有对应证据”。 › 追溯信息：记录标识、模型版本指纹、记录原码对照,16,example-other ×16,#/fixture/recheck-member-gone,"What ""Not enough basis to compare"" means ‹ The comparison itself cannot be made, so it can be called neither unchanged nor changed. This is ""cannot be co › Tracing: record identity, model version fingerprints, record codes"
E092,3,T3 其余,batch-1015,10/15 批，未核,10/15 批，未核,Y,,10-15,domain-517,D,复检：旧证据的去向,CARRY_OVER_STATES,not-provable.caveat,"This is ""cannot be compared"", not ""evidence missing"", and not ""no counterpart"".",这是“无法比较”，不是“证据缺失”，也不是“没有对应证据”。,界面文字（为本界面所写）,,,,Y,,,,,,,Y,,,,,16,example-other ×16,#/fixture/recheck-member-gone,“现有依据不足以比较”是什么意思 ‹ 比较本身无法建立，所以既不能说一致，也不能说变了。这是“无法比较”，不是“证据缺失”，也不是“没有对应证据”。 › 追溯信息：记录标识、模型版本指纹、记录原码对照,16,example-other ×16,#/fixture/recheck-member-gone,"What ""Not enough basis to compare"" means ‹ The comparison itself cannot be made, so it can be called neither unchanged nor changed. This is ""cannot be co › Tracing: record identity, model version fingerprints, record codes"
E118,3,T3 其余,reviewed,10/8 已核,10/8 A 层已核，句子未变,N,,10-08 A,domain-517,D,源修改与复检行动,CONDITION_ENTRIES,not-comparable.plain,"No conclusion can be drawn on the original recheck condition: some of the original elements are no longer in this record, so the condition has no complete subject to check. This does not mean the condition is met.",无法对原复检条件下结论：原来的构件有的已经不在本次记录里，条件没有完整的对象可以检查。这不代表条件已满足。,界面文字（为本界面所写）,,,,Y,,,,,,,Y,,,,,9,example-other ×9,#/fixture/recheck-comparison/recheck/0/0,四、复检前留下的结束条件，这次达到了吗 ‹ 无法对原复检条件下结论：原来的构件有的已经不在本次记录里，条件没有完整的对象可以检查。这不代表条件已满足。 › 复检前留下的结束条件：这一对的开洞核查结果为“洞口已建且已关联”。只建洞不够。,9,example-other ×9,#/fixture/recheck-comparison/recheck/0/0,4. Was the exit condition left before the recheck reached this time? ‹ No conclusion can be drawn on the original recheck condition: some of the original elements are no longer in t › The exit condition left before the recheck: The opening check for this
N01,3,T3 其余,new,新增，未核,#50 新增（W4）：原判断不是“可以开始”或没有携带时显示，未核,Y,,,,D,,CONDITION_ENTRIES,no-recheck-condition.plainNotReady,The original record gave no recheck condition.,原记录没有给出复检条件。,界面文字（为本界面所写）,,,,N,,,,,,,,,随附的 12 份示例记录没有触发这一条（只在 Pack 里有），公开路线上不出现；按任务指示仍收进子集,,,0,,,,0,,,
E128,3,T3 其余,reviewed,10/8 已核,10/8 A 层已核，句子未变,N,,10-08 A,domain-517,D,源修改与复检行动,CONSEQUENCE_KINDS,rework-risk,Risk of rework,有返工风险,界面文字（为本界面所写）,,,,Y,,,,,,,Y,,,,,14,example-other ×14,#/fixture/recheck-member-gone/recheck/5/0,这项工作暂停 ‹ 有返工风险 › 完成后拿什么复检,14,example-other ×14,#/fixture/recheck-member-gone/recheck/5/0,This work is suspended ‹ Risk of rework › What a recheck must show
E157,3,T3 其余,batch-1015,10/15 批，未核,10/15 批，未核,Y,,10-15,domain-517,D,复检：构件去向,DISPOSITION_ENTRIES,element-deleted-in-reissued-model.next,The record gives no next step for a deleted element. Check in the source model whether this deletion was an intended design change; this preview cannot record that confirmation.,记录没有为已删除的构件给出下一步。请在源模型里核对这次删除是不是有意的设计变更；本预览不能记录这种确认。,界面文字（为本界面所写）,,,,Y,,,,,,,Y,,,,,3,example-other ×3,#/fixture/recheck-member-gone/recheck/0/0,二、要做什么、由谁处理、完成后拿什么复检 ‹ 记录没有为已删除的构件给出下一步。请在源模型里核对这次删除是不是有意的设计变更；本预览不能记录这种确认。 › 记录没有给出这一项的当前情况，所以本页没有处理动作、处理团队或默认处理角色可以显示。复检前记录里的这些信息也没有随复检记录返回。,3,example-other ×3,#/fixture/recheck-member-gone/recheck/0/0,"2. What to do, who deals with it, what a recheck must show ‹ The record gives no next step for a deleted element. Check in the source model whether this deletion was an in › The record does not give this item's current place, so this page has n"
E161,3,T3 其余,batch-1015,10/15 批，未核,10/15 批，未核,Y,,10-15,domain-517,D,复检：构件去向,DISPOSITION_ENTRIES,pairing-no-longer-derived.next,"The record gives no next step for this pair. Check whether the basis that stopped them being paired (see ""the reason the record gives"") is a conclusion you accept; the original problem has not been shown to be fixed.",记录没有为这一对构件给出下一步。请核对让它不再被配对的那份依据（见“记录给出的原因”）是不是你认可的结论；原来的问题没有被证明已修复。,界面文字（为本界面所写）,,,,Y,,,,,,,Y,,,,,11,example-other ×11,#/fixture/recheck-comparison/recheck/0/0,二、要做什么、由谁处理、完成后拿什么复检 ‹ 记录没有为这一对构件给出下一步。请核对让它不再被配对的那份依据（见“记录给出的原因”）是不是你认可的结论；原来的问题没有被证明已修复。 › 记录没有给出这一项的当前情况，所以本页没有处理动作、处理团队或默认处理角色可以显示。复检前记录里的这些信息也没有随复检记录返回。,11,example-other ×11,#/fixture/recheck-comparison/recheck/0/0,"2. What to do, who deals with it, what a recheck must show ‹ The record gives no next step for this pair. Check whether the basis that stopped them being paired (see ""the  › The record does not give this item's current place, so this page has n"
E594,3,T3 其余,b-tier,B 层，10/8 未核,B 层，10/8 未核（让到 10/15）,Y,,10-08 B,candidate-ui,U,候选（可让出）：处理角色／指派、行动——界面用语表里带含义的句子,EVIDENCE,dispositionNow,This item now,这个事项现在,界面文字（为本界面所写）,,,,Y,,,,,,,Y,,,,,26,example-other ×26,#/fixture/recheck-comparison,土建预留开洞：复检前 受阻；现在：记录没有给出 ‹ 这个事项现在 › 这两个构件现在不再被配成一对来检查，不等于开洞已补,26,example-other ×26,#/fixture/recheck-comparison,Builder's-work openings: before the recheck Blocked; now: not given in ‹ This item now › These two elements are no longer paired for checking; that does not me
E595,3,T3 其余,b-tier,B 层，10/8 未核,B 层，10/8 未核（让到 10/15）,Y,,10-08 B,candidate-ui,U,候选（可让出）：处理角色／指派、行动——界面用语表里带含义的句子,EVIDENCE,reissued,Re-issued (new version),重新发布了（新版本）,界面文字（为本界面所写）,,,,Y,,,,,,,Y,,,,,10,example-other ×10,#/fixture/recheck-member-gone,hvac ‹ 重新发布了（新版本） › 接收方,10,example-other ×10,#/fixture/recheck-member-gone,hvac ‹ Re-issued (new version) › Receiving side
E185,3,T3 其余,changed,10/8 后改句，需重核,10/8 后改句（#29，7721a9c）；原属 10-08 A,Y,,10-08 A,domain-517,D,范围限制（首页写明不能做什么）,HOME,status,"This is an example preview: a Revit file itself (.rvt) cannot be imported, and it gives no overall compliance or ready-to-build conclusion.",当前为示例预览：Revit 文件本身（.rvt）不能导入，也不提供整体合规或可施工结论。,界面文字（为本界面所写）,,,,N,,,,,,,,,只在特定条件下出现（指定工作区、没有可引用的证据、探测失败等），公开路线默认不出现,,,0,,,,0,,,
E186,3,T3 其余,changed,10/8 后改句，需重核,10/8 后改句（#29，7721a9c）；原属 10-08 A,Y,,10-08 A,domain-517,D,范围限制（首页写明不能做什么）,HOME,statusWithWorkspace,"Two things are offered here: a real check already run in the workspace named when the server was started, and simulated examples. The workspace check cannot have its model chosen or changed on this page; a Revit file itself cannot be imported, and it gives no overall compliance or ready-to-build conclusion.",当前同时提供两样：启动服务器时指定的工作区里一次已经跑完的真实检查，以及模拟示例。工作区里的检查不能在页面上选择或更换模型；Revit 文件本身不能导入，也不提供整体合规或可施工结论。,界面文字（为本界面所写）,,,,N,,,,,,,,,只在特定条件下出现（指定工作区、没有可引用的证据、探测失败等），公开路线默认不出现,,,0,,,,0,,,
E187,3,T3 其余,changed,10/8 后改句，需重核,10/8 后改句（#29，7721a9c）；原属 10-08 A,Y,,10-08 A,domain-517,D,范围限制（首页写明不能做什么）,HOME,statusWorkspaceUnknown,"Could not confirm whether the server was started with a workspace, so there is no entry to a real check here; that does not mean there is no workspace — the error is below. The simulated examples are available as usual. A Revit file itself cannot be imported, and it gives no overall compliance or ready-to-build conclusion.",未能确认服务器是否指定了工作区，所以这里没有真实检查的入口；这不等于没有工作区，错误原文在下面。模拟示例照常可看。Revit 文件本身不能导入，也不提供整体合规或可施工结论。,界面文字（为本界面所写）,,,,N,,,,,,,,,只在特定条件下出现（指定工作区、没有可引用的证据、探测失败等），公开路线默认不出现,,,0,,,,0,,,
E194,3,T3 其余,changed,10/8 后改句，需重核,10/8 后改句（#29，7721a9c）；原属 10-08 A,Y,,10-08 A,domain-517,D,范围限制（首页写明不能做什么）,HOME,cannot[0],"Import a Revit file itself (.rvt), or choose or change the model in the example and workspace entries",导入 Revit 文件本身（.rvt），或在示例和工作区入口里选择、更换模型,界面文字（为本界面所写）,,,,N,,,,,,,,,只在特定条件下出现（指定工作区、没有可引用的证据、探测失败等），公开路线默认不出现,,,0,,,,0,,,
E211,3,T3 其余,b-tier,B 层，10/8 未核,B 层，10/8 未核（让到 10/15）,Y,,10-08 B,domain-517,D,主路径：结论所依据的结果,LEAF_READINGS,cross-model-alignment/not-yet-confirmed,No alignment confirmation yet,还没有对齐确认,界面文字（为本界面所写）,,,,Y,,,,,,,Y,,,,,14,example-other ×14,#/fixture/recheck-member-gone/recheck/5/0,这个结论依据的结果 ‹ 还没有对齐确认 › 模型,14,example-other ×14,#/fixture/recheck-member-gone/recheck/5/0,The result this conclusion rests on ‹ No alignment confirmation yet › Models
E220,3,T3 其余,b-tier,B 层，10/8 未核,B 层，10/8 未核（让到 10/15）,Y,,10-08 B,domain-517,D,主路径：结论所依据的结果,LEAF_READING_WORDS,notCarried,The record does not give the result this item now rests on,记录没有给出这一项现在依据的结果,界面文字（为本界面所写）,,,,Y,,,,,,,Y,,,,,14,example-other ×14,#/fixture/recheck-comparison/recheck/0/0,这个结论依据的结果 ‹ 记录没有给出这一项现在依据的结果 › 这个事项现在,14,example-other ×14,#/fixture/recheck-comparison/recheck/0/0,The result this conclusion rests on ‹ The record does not give the result this item now rests on › This item now
E282,3,T3 其余,b-tier,B 层，10/8 未核,B 层，10/8 未核（让到 10/15）,Y,,10-08 B,domain-517,D,复检单项页（含复检前的结束条件）,RECHECK_ITEM,pairNote,"These two elements are no longer paired for checking: the penetration determination is now ""no penetration"" (see the reason the record gives below). This does not mean the opening has been built, nor that the opening defect has been fixed.",这两个构件已不再被配成一对检查：穿透判定现为“不穿透”（见下方记录给出的原因）。这不等于开洞已建成，也不等于开洞缺陷已修复。,界面文字（为本界面所写）,,,,Y,,,,,,,Y,,,,,11,example-other ×11,#/fixture/recheck-comparison/recheck/0/0,土建预留开洞：复检前 受阻；现在：记录没有给出 ‹ 这两个构件已不再被配成一对检查：穿透判定现为“不穿透”（见下方记录给出的原因）。这不等于开洞已建成，也不等于开洞缺陷已修复。 › 这个结论依据的结果,11,example-other ×11,#/fixture/recheck-comparison/recheck/0/0,"Builder's-work openings: before the recheck Blocked; now: not given in ‹ These two elements are no longer paired for checking: the penetration determination is now ""no penetration"" (s › The result this conclusion rests on"
E287,3,T3 其余,b-tier,B 层，10/8 未核,B 层，10/8 未核（让到 10/15）,Y,,10-08 B,domain-517,D,复检单项页（含复检前的结束条件）,RECHECK_ITEM,noCurrent,"The record does not give this item's current place, so this page has no action, handling team or default handling role to show. Those details from the record before the recheck did not come back with the recheck record either.",记录没有给出这一项的当前情况，所以本页没有处理动作、处理团队或默认处理角色可以显示。复检前记录里的这些信息也没有随复检记录返回。,界面文字（为本界面所写）,,,,Y,,,,,,,Y,,,,,14,example-other ×14,#/fixture/recheck-comparison/recheck/0/0,记录没有为这一对构件给出下一步。请核对让它不再被配对的那份依据（见“记录给出的原因”）是不是你认可的结论；原来的问题没有被证明已修复。 ‹ 记录没有给出这一项的当前情况，所以本页没有处理动作、处理团队或默认处理角色可以显示。复检前记录里的这些信息也没有随复检记录返回。 › 三、是哪两个构件,14,example-other ×14,#/fixture/recheck-comparison/recheck/0/0,"The record gives no next step for this pair. Check whether the basis t ‹ The record does not give this item's current place, so this page has no action, handling team or default handl › 3. Which two elements"
E329,3,T3 其余,batch-1015,10/15 批，未核,10/15 批，未核,Y,,10-15,domain-517,D,复检：哪一侧模型重新发布,REISSUE_CASES,producing.headline,The handing-over side's model was re-issued; the receiving side's model did not change,交出方的模型重新发布了，接收方的模型没有变,界面文字（为本界面所写）,,,,Y,,,,,,,Y,,,,,45,example-other ×45,#/fixture/recheck-member-gone,5 个事项：记录没有给出当前情况，需要人工核对 ‹ 模型：交出方的模型重新发布了，接收方的模型没有变。 › 交出方重新发布可能改变了穿越关系或涉及的构件范围，不能据此说接收方的工作（例如开洞）已经做好。,45,example-other ×45,#/fixture/recheck-member-gone,5 items: the record gives no current state; check by hand ‹ Models: The handing-over side's model was re-issued; the receiving side's model did not change. › Re-issuing on the handing-over side may have changed what passes throu
E330,3,T3 其余,batch-1015,10/15 批，未核,10/15 批，未核,Y,,10-15,domain-517,D,复检：哪一侧模型重新发布,REISSUE_CASES,producing.detail,The handing-over side's ({from}) model {producing} is a new version; the receiving side's ({to}) model {consuming} is the original version.,交出方（{from}）的模型 {producing} 是新版本；接收方（{to}）的模型 {consuming} 还是原版本。,界面文字（为本界面所写）,,,,Y,,,,,,,Y,,,,,6,example-other ×6,#/fixture/recheck-member-gone,交出方的模型重新发布了，接收方的模型没有变 ‹ 交出方（MEP）的模型 hvac 是新版本；接收方（Architecture）的模型 architecture 还是原版本。 › 交接的哪一侧,6,example-other ×6,#/fixture/recheck-member-gone,The handing-over side's model was re-issued; the receiving side's mode ‹ The handing-over side's (MEP) model hvac is a new version; the receiving side's (Architecture) model architect › Side of the handover
E331,3,T3 其余,batch-1015,10/15 批，未核,10/15 批，未核,Y,,10-15,domain-517,D,复检：哪一侧模型重新发布,REISSUE_CASES,producing.caveats[0],"Re-issuing on the handing-over side may have changed what passes through what, or which elements are involved; it cannot be taken to mean the receiving side's work (for example the openings) is done.",交出方重新发布可能改变了穿越关系或涉及的构件范围，不能据此说接收方的工作（例如开洞）已经做好。,界面文字（为本界面所写）,,,,Y,,,,,,,Y,,,,,6,example-other ×6,#/fixture/recheck-member-gone,模型：交出方的模型重新发布了，接收方的模型没有变。 ‹ 交出方重新发布可能改变了穿越关系或涉及的构件范围，不能据此说接收方的工作（例如开洞）已经做好。 › 针对旧版本作出的判定不能归到新版本。,6,example-other ×6,#/fixture/recheck-member-gone,"Models: The handing-over side's model was re-issued; the receiving sid ‹ Re-issuing on the handing-over side may have changed what passes through what, or which elements are involved; › A determination made against an old version cannot be attributed to th"
E332,3,T3 其余,batch-1015,10/15 批，未核,10/15 批，未核,Y,,10-15,domain-517,D,复检：哪一侧模型重新发布,REISSUE_CASES,producing.caveats[1],A determination made against an old version cannot be attributed to the new one.,针对旧版本作出的判定不能归到新版本。,界面文字（为本界面所写）,,,,Y,,,,,,,Y,,,,,8,example-other ×8,#/fixture/recheck-member-gone,交出方重新发布可能改变了穿越关系或涉及的构件范围，不能据此说接收方的工作（例如开洞）已经做好。 ‹ 针对旧版本作出的判定不能归到新版本。 › 2 个事项的结论和复检前不同：,6,example-other ×6,#/fixture/recheck-member-gone,Re-issuing on the handing-over side may have changed what passes throu ‹ A determination made against an old version cannot be attributed to the new one. › 2 items' conclusions differ from before the recheck:
E333,3,T3 其余,batch-1015,10/15 批，未核,10/15 批，未核,Y,,10-15,domain-517,D,复检：哪一侧模型重新发布,REISSUE_CASES,consuming.headline,The receiving side's model was re-issued; the handing-over side's model did not change,接收方的模型重新发布了，交出方的模型没有变,界面文字（为本界面所写）,,,,Y,,,,,,,Y,,,,,15,example-other ×15,#/fixture/recheck-consuming-reissued,2 个事项：记录没有给出当前情况，需要人工核对 ‹ 模型：接收方的模型重新发布了，交出方的模型没有变。 › 接收方重新发布可能是修复的途径，但不代表修复已经发生（例如洞口已完成）。,15,example-other ×15,#/fixture/recheck-consuming-reissued,"2 items: the record gives no current state; check by hand ‹ Models: The receiving side's model was re-issued; the handing-over side's model did not change. › Re-issuing on the receiving side may be the way to a fix, but it does"
E334,3,T3 其余,batch-1015,10/15 批，未核,10/15 批，未核,Y,,10-15,domain-517,D,复检：哪一侧模型重新发布,REISSUE_CASES,consuming.detail,The receiving side's ({to}) model {consuming} is a new version; the handing-over side's ({from}) model {producing} is the original version.,接收方（{to}）的模型 {consuming} 是新版本；交出方（{from}）的模型 {producing} 还是原版本。,界面文字（为本界面所写）,,,,Y,,,,,,,Y,,,,,2,example-other ×2,#/fixture/recheck-consuming-reissued,接收方的模型重新发布了，交出方的模型没有变 ‹ 接收方（Architecture）的模型 architecture 是新版本；交出方（MEP）的模型 hvac 还是原版本。 › 交接的哪一侧,2,example-other ×2,#/fixture/recheck-consuming-reissued,The receiving side's model was re-issued; the handing-over side's mode ‹ The receiving side's (Architecture) model architecture is a new version; the handing-over side's (MEP) model h › Side of the handover
E335,3,T3 其余,batch-1015,10/15 批，未核,10/15 批，未核,Y,,10-15,domain-517,D,复检：哪一侧模型重新发布,REISSUE_CASES,consuming.caveats[0],"Re-issuing on the receiving side may be the way to a fix, but it does not mean the fix has happened (for example that the opening is complete).",接收方重新发布可能是修复的途径，但不代表修复已经发生（例如洞口已完成）。,界面文字（为本界面所写）,,,,Y,,,,,,,Y,,,,,2,example-other ×2,#/fixture/recheck-consuming-reissued,模型：接收方的模型重新发布了，交出方的模型没有变。 ‹ 接收方重新发布可能是修复的途径，但不代表修复已经发生（例如洞口已完成）。 › 针对旧版本作出的判定同样不能归到新版本。,2,example-other ×2,#/fixture/recheck-consuming-reissued,"Models: The receiving side's model was re-issued; the handing-over sid ‹ Re-issuing on the receiving side may be the way to a fix, but it does not mean the fix has happened (for examp › Likewise, a determination made against an old version cannot be attrib"
E336,3,T3 其余,batch-1015,10/15 批，未核,10/15 批，未核,Y,,10-15,domain-517,D,复检：哪一侧模型重新发布,REISSUE_CASES,consuming.caveats[1],"Likewise, a determination made against an old version cannot be attributed to the new one.",针对旧版本作出的判定同样不能归到新版本。,界面文字（为本界面所写）,,,,Y,,,,,,,Y,,,,,2,example-other ×2,#/fixture/recheck-consuming-reissued,接收方重新发布可能是修复的途径，但不代表修复已经发生（例如洞口已完成）。 ‹ 针对旧版本作出的判定同样不能归到新版本。 › 4 个事项的结论和复检前不同：,2,example-other ×2,#/fixture/recheck-consuming-reissued,"Re-issuing on the receiving side may be the way to a fix, but it does  ‹ Likewise, a determination made against an old version cannot be attributed to the new one. › 4 items' conclusions differ from before the recheck:"
E337,3,T3 其余,batch-1015,10/15 批，未核,10/15 批，未核,Y,,10-15,domain-517,D,复检：哪一侧模型重新发布,REISSUE_CASES,both.headline,Both the handing-over and the receiving side's models were re-issued,交出方和接收方的模型都重新发布了,界面文字（为本界面所写）,,,,Y,,,,,,,Y,,,,,15,example-other ×15,#/fixture/recheck-both-reissued,2 个事项：记录没有给出当前情况，需要人工核对 ‹ 模型：交出方和接收方的模型都重新发布了。 › 两侧同时变化：本页不把任何一条证据的变化归到某一侧。,15,example-other ×15,#/fixture/recheck-both-reissued,2 items: the record gives no current state; check by hand ‹ Models: Both the handing-over and the receiving side's models were re-issued. › Both sides changed at once: this page attributes no change in any evid
E338,3,T3 其余,batch-1015,10/15 批，未核,10/15 批，未核,Y,,10-15,domain-517,D,复检：哪一侧模型重新发布,REISSUE_CASES,both.detail,The handing-over side's ({from}) model {producing} and the receiving side's ({to}) model {consuming} are both new versions.,交出方（{from}）的模型 {producing} 和接收方（{to}）的模型 {consuming} 都是新版本。,界面文字（为本界面所写）,,,,Y,,,,,,,Y,,,,,2,example-other ×2,#/fixture/recheck-both-reissued,交出方和接收方的模型都重新发布了 ‹ 交出方（MEP）的模型 hvac 和接收方（Architecture）的模型 architecture 都是新版本。 › 交接的哪一侧,2,example-other ×2,#/fixture/recheck-both-reissued,Both the handing-over and the receiving side's models were re-issued ‹ The handing-over side's (MEP) model hvac and the receiving side's (Architecture) model architecture are both n › Side of the handover
E339,3,T3 其余,batch-1015,10/15 批，未核,10/15 批，未核,Y,,10-15,domain-517,D,复检：哪一侧模型重新发布,REISSUE_CASES,both.caveats[0],Both sides changed at once: this page attributes no change in any evidence to either side.,两侧同时变化：本页不把任何一条证据的变化归到某一侧。,界面文字（为本界面所写）,,,,Y,,,,,,,Y,,,,,2,example-other ×2,#/fixture/recheck-both-reissued,模型：交出方和接收方的模型都重新发布了。 ‹ 两侧同时变化：本页不把任何一条证据的变化归到某一侧。 › 重新发布不代表修复已经发生；针对旧版本作出的判定不能归到新版本。,2,example-other ×2,#/fixture/recheck-both-reissued,Models: Both the handing-over and the receiving side's models were re- ‹ Both sides changed at once: this page attributes no change in any evidence to either side. › A re-issue does not mean a fix has happened; a determination made agai
E340,3,T3 其余,batch-1015,10/15 批，未核,10/15 批，未核,Y,,10-15,domain-517,D,复检：哪一侧模型重新发布,REISSUE_CASES,both.caveats[1],A re-issue does not mean a fix has happened; a determination made against an old version cannot be attributed to the new one.,重新发布不代表修复已经发生；针对旧版本作出的判定不能归到新版本。,界面文字（为本界面所写）,,,,Y,,,,,,,Y,,,,,2,example-other ×2,#/fixture/recheck-both-reissued,两侧同时变化：本页不把任何一条证据的变化归到某一侧。 ‹ 重新发布不代表修复已经发生；针对旧版本作出的判定不能归到新版本。 › 4 个事项的结论和复检前不同：,2,example-other ×2,#/fixture/recheck-both-reissued,Both sides changed at once: this page attributes no change in any evid ‹ A re-issue does not mean a fix has happened; a determination made against an old version cannot be attributed  › 4 items' conclusions differ from before the recheck:
E350,3,T3 其余,reviewed,10/8 已核,10/8 A 层已核，句子未变,N,,10-08 A,domain-517,D,源修改与复检行动,RESOLUTION_KINDS,cross-model-alignment-not-confirmed,Not a known misalignment: nobody has confirmed yet that the two models are aligned,不是已知的错位：还没有人确认两侧模型对齐,界面文字（为本界面所写）,,,,Y,,,,,,,Y,,,,,14,example-other ×14,#/fixture/recheck-member-gone/recheck/5/0,问题 ‹ 不是已知的错位：还没有人确认两侧模型对齐 › 这个结论依据的结果,14,example-other ×14,#/fixture/recheck-member-gone/recheck/5/0,Problem ‹ Not a known misalignment: nobody has confirmed yet that the two models are aligned › The result this conclusion rests on
Q03,3,T3 其余,new,新增，未核,#48 新增，未核,Y,,,,D,,SOURCE_SUMMARY,citesNone,This record's conclusions cite no evidence.,这份记录的结论没有引用证据。,界面文字（为本界面所写）,,,,N,,,,,,,,,只在特定条件下出现（指定工作区、没有可引用的证据、探测失败等），公开路线默认不出现,,,0,,,,0,,,
Q09,3,T3 其余,separator,分隔符，无需判断,#48 新增，未核；列举分隔符，无领域含义,N,列举分隔符，无领域含义,,,D,,SOURCE_SUMMARY,join,", ",、,界面文字（为本界面所写）,,G054,,N,,,,,,,,,只在特定条件下出现（指定工作区、没有可引用的证据、探测失败等），公开路线默认不出现,,,0,,,,0,,,
Q10,3,T3 其余,separator,分隔符，无需判断,#48 新增，未核；列举分隔符，无领域含义,N,列举分隔符，无领域含义,,,D,,SOURCE_SUMMARY,lastJoin, and ,、,界面文字（为本界面所写）,,G054,,N,,,,,,,,,只在特定条件下出现（指定工作区、没有可引用的证据、探测失败等），公开路线默认不出现,,,0,,,,0,,,
E401,3,T3 其余,reviewed,10/8 已核,10/8 A 层已核，句子未变,N,,10-08 A,domain-517,D,英文判断词,VERDICT_GROUPS,changed.none,No conclusion changed.,没有判断变了的项。,界面文字（为本界面所写）,,,,Y,,,,,,,Y,,,,,8,example-other ×8,#/fixture/recheck-comparison,模型：两侧模型都没有重新发布（版本未变）。 ‹ 没有判断变了的项。 › 需要处理的事项（0 个事项）,8,example-other ×8,#/fixture/recheck-comparison,Models: Neither model was re-issued (versions unchanged). ‹ No conclusion changed. › Items to deal with (0 items)
E403,3,T3 其余,reviewed,10/8 已核,10/8 A 层已核，句子未变,N,,10-08 A,domain-517,D,英文判断词,VERDICT_GROUPS,changed.notes.reissued,A model was re-issued. A changed conclusion does not say what became of the original problem; each item's old evidence says what changed.,模型重新发布过。判断变了，不说明原来的问题怎样了；每一项的旧证据写明变了的是什么。,界面文字（为本界面所写）,,,,Y,,,,,,,Y,,,,,31,example-other ×31,#/fixture/recheck-member-gone,“无法判断”说的是这项工作能否开始无法判断：不等于这个构件没有问题，也不是系统出错。 ‹ 模型重新发布过。判断变了，不说明原来的问题怎样了；每一项的旧证据写明变了的是什么。 › 需要处理的事项（8 个事项）,31,example-other ×31,#/fixture/recheck-member-gone,"""Unknown"" means whether this work can start cannot be decided: it does ‹ A model was re-issued. A changed conclusion does not say what became of the original problem; each item's old  › Items to deal with (8 items)"
E404,3,T3 其余,reviewed,10/8 已核,10/8 A 层已核，句子未变,N,,10-08 A,domain-517,D,英文判断词,VERDICT_GROUPS,changed.notes.unrecognised,A changed conclusion does not say what became of the original problem; each item's old evidence says what changed.,判断变了，不说明原来的问题怎样了；每一项的旧证据写明变了的是什么。,界面文字（为本界面所写）,,,,Y,,,,,,,Y,,,,,31,example-other ×31,#/fixture/recheck-member-gone,“无法判断”说的是这项工作能否开始无法判断：不等于这个构件没有问题，也不是系统出错。 ‹ 模型重新发布过。判断变了，不说明原来的问题怎样了；每一项的旧证据写明变了的是什么。 › 需要处理的事项（8 个事项）,31,example-other ×31,#/fixture/recheck-member-gone,"""Unknown"" means whether this work can start cannot be decided: it does ‹ A model was re-issued. A changed conclusion does not say what became of the original problem; each item's old  › Items to deal with (8 items)"
E407,3,T3 其余,reviewed,10/8 已核,10/8 A 层已核，句子未变,N,,10-08 A,domain-517,D,英文判断词,VERDICT_GROUPS,unplaced.note,The record does not say what these items' conclusions are now. An element that is gone does not mean the problem was fixed.,这些项现在是什么判断，记录没有说。构件不在了不代表问题已修复。,界面文字（为本界面所写）,G001,,,Y,,,,,,,Y,,,,,0,,,,12,example-other ×12,#/fixture/recheck-comparison,Items to check by hand (1 item) ‹ The record does not say what these items' conclusions are now. An element that is gone does not mean the probl › A pair of elements
E602,3,T3 其余,b-tier,B 层，10/8 未核,B 层，10/8 未核（让到 10/15）,Y,,10-08 B,candidate-ui,U,候选（可让出）：处理角色／指派、行动——界面用语表里带含义的句子,WORK,missing,{work}: before the recheck {before}; now: not given in the record,{work}：复检前 {before}；现在：记录没有给出,界面文字（为本界面所写）,,,,Y,,,,,,,Y,,,,,26,example-other ×26,#/fixture/recheck-comparison,house - roof：屋顶 IfcRoof · 模型中没有楼层归属 · 模型 architecture ‹ 土建预留开洞：复检前 受阻；现在：记录没有给出 › 这个事项现在,26,example-other ×26,#/fixture/recheck-comparison,house - roof: IfcRoof (IFC class) · No storey assignment in the model  ‹ Builder's-work openings: before the recheck Blocked; now: not given in the record › This item now
E605,X,X 不在公开路线上,b-tier,B 层，10/8 未核,B 层，10/8 未核（让到 10/15）,Y,,10-08 B,candidate-ui,U,候选（可让出）：处理角色／指派、行动——界面用语表里带含义的句子,ACTION,noSentence,This interface has written no action for the version this record uses. The source wording the record carries is in the fold below; it is not an instruction.,本界面没有为这条记录所用的版本写要做什么。记录所带的来源原文在下面的折叠里，它不是操作指令。,界面文字（为本界面所写）,,,,N,,,,,,,,,,示例页的代码能到达，但随附的 12 份示例记录都没有触发,,0,,,,0,,,
E026,X,X 不在公开路线上,reviewed,10/8 已核,10/8 A 层已核，句子未变,N,,10-08 A,domain-new-20,D,源修改与复检行动（#40 新增的英文）,ACTIONS,mep-element-not-spatially-assigned.recheck,"On the reissued model, this element passes its spatial-assignment requirement",重新发布的模型上，这个构件的空间归属要求通过,界面文字（为本界面所写）,,,,N,,,,,,,,,,示例页的代码能到达，但随附的 12 份示例记录都没有触发,,0,,,,0,,,
E027,X,X 不在公开路线上,reviewed,10/8 已核,10/8 A 层已核，句子未变,N,,10-08 A,domain-new-20,D,源修改与复检行动（#40 新增的英文）,ACTIONS,cross-model-misalignment.action,"Re-acquire the project's shared coordinate datum, re-export against the shared origin (not by moving geometry), then redo the alignment confirmation by the method the project accepts",重新获取项目共用的坐标基准，按共用原点重新导出（不靠移动几何），再按项目接受的方法重做对齐确认,界面文字（为本界面所写）,,,,N,,,,,,,,,,示例页的代码能到达，但随附的 12 份示例记录都没有触发,,0,,,,0,,,
E028,X,X 不在公开路线上,reviewed,10/8 已核,10/8 A 层已核，句子未变,N,,10-08 A,domain-new-20,D,源修改与复检行动（#40 新增的英文）,ACTIONS,cross-model-misalignment.recheck,The alignment confirmation is redone against the new versions and reports the models aligned,针对新版本重做对齐确认，结果为已对齐,界面文字（为本界面所写）,,,,N,,,,,,,,,,示例页的代码能到达，但随附的 12 份示例记录都没有触发,,0,,,,0,,,
E030,X,X 不在公开路线上,reviewed,10/8 已核,10/8 A 层已核，句子未变,N,,10-08 A,domain-new-20,D,源修改与复检行动（#40 新增的英文）,ACTIONS,opening-not-verifiably-linked.recheck,The cross-reference check for this pair reports the opening cross-referenced,这一对的关联核查结果为已关联,界面文字（为本界面所写）,,,,N,,,,,,,,,,示例页的代码能到达，但随附的 12 份示例记录都没有触发,,0,,,,0,,,
E031,X,X 不在公开路线上,reviewed,10/8 已核,10/8 A 层已核，句子未变,N,,10-08 A,domain-new-20,D,源修改与复检行动（#40 新增的英文）,ACTIONS,opening-status-not-determined.action,"This is not a known missing opening. The review of the opening is not complete: whether it is modelled, and whether it is cross-referenced",这不是已知的缺洞。开洞情况的评审没完成：洞口是否已建、是否已关联,界面文字（为本界面所写）,,,,N,,,,,,,,,,示例页的代码能到达，但随附的 12 份示例记录都没有触发,,0,,,,0,,,
E032,X,X 不在公开路线上,reviewed,10/8 已核,10/8 A 层已核，句子未变,N,,10-08 A,domain-new-20,D,源修改与复检行动（#40 新增的英文）,ACTIONS,opening-status-not-determined.recheck,The check gives a definite result (cross-referenced / modelled but not cross-referenced / not modelled),核查给出明确结果（已关联／已建未关联／未建）,界面文字（为本界面所写）,,,,N,,,,,,,,,,示例页的代码能到达，但随附的 12 份示例记录都没有触发,,0,,,,0,,,
E039,X,X 不在公开路线上,reviewed,10/8 已核,10/8 A 层已核，句子未变,N,,10-08 A,domain-517,D,源修改与复检行动,ACTION_GROUPS,unplaced.none,The record gives a current state for every item.,每个事项记录都给出了当前情况。,界面文字（为本界面所写）,,,,N,,,,,,,,,,示例页的代码能到达，但随附的 12 份示例记录都没有触发,,0,,,,0,,,
E043,X,X 不在公开路线上,reviewed,10/8 已核,10/8 A 层已核，句子未变,N,,10-08 A,domain-517,D,源修改与复检行动,ACTION_GROUPS,none.none,There are no such items.,没有这样的事项。,界面文字（为本界面所写）,,,,N,,,,,,,,,,示例页的代码能到达，但随附的 12 份示例记录都没有触发,,0,,,,0,,,
E049,X,X 不在公开路线上,batch-1015,10/15 批，未核,10/15 批，未核,Y,,10-15,domain-517,D,复检：比较了哪些方面,ASPECT_NOTES,checker,The checker (the check program or its configuration) version differs: the same model and requirement may give a different result.,检查程序（检查器或它的配置）版本不同：同样的模型和要求也可能得出不同结果。,界面文字（为本界面所写）,,,,N,,,,,,,,,,公开路线上的代码不引用它,,0,,,,0,,,
E050,X,X 不在公开路线上,batch-1015,10/15 批，未核,10/15 批，未核,Y,,10-15,domain-517,D,复检：比较了哪些方面,ASPECT_NOTES,unrecognised,"There is an unrecognised aspect of change, so this page does not list the unchanged aspects.",含有未识别的变化方面，本页因此不列“未变”的方面。,界面文字（为本界面所写）,,,,N,,,,,,,,,,公开路线上的代码不引用它,,0,,,,0,,,
E055,X,X 不在公开路线上,reviewed,10/8 已核,10/8 A 层已核，句子未变,N,,10-08 A,domain-517,D,规则来源,BASIS_WORDS,none,This conclusion cites no evidence.,这个结论没有引用任何证据。,界面文字（为本界面所写）,,,,N,,,,,,,,,,示例页的代码能到达，但随附的 12 份示例记录都没有触发,,0,,,,0,,,
E058,X,X 不在公开路线上,reviewed,10/8 已核,10/8 A 层已核，句子未变,N,,10-08 A,domain-517,D,规则来源,BASIS_WORDS,gaps.not-applicable-finding,"there are check results, but the check did not apply and did not cover it",有检查结果，但检查不适用，没有覆盖到它,界面文字（为本界面所写）,,,,N,,,,,,,,,,示例页的代码能到达，但随附的 12 份示例记录都没有触发,,0,,,,0,,,
E064,X,X 不在公开路线上,reviewed,10/8 已核,10/8 A 层已核，句子未变,N,,10-08 A,domain-517,D,范围限制,BESIDE,noTeam,Not given in the record,记录未提供,界面文字（为本界面所写）,,,,N,,,,,,,,,,示例页的代码能到达，但随附的 12 份示例记录都没有触发,,0,,,,0,,,
E099,X,X 不在公开路线上,reviewed,10/8 已核,10/8 A 层已核，句子未变,N,,10-08 A,domain-517,D,规则来源,CITATION_PROVENANCE,finding-real.key,real,real,界面文字（为本界面所写）,,,,N,,,,,,,,,,示例页的代码能到达，但随附的 12 份示例记录都没有触发,,0,,,,0,,,
E102,X,X 不在公开路线上,reviewed,10/8 已核,10/8 A 层已核，句子未变,N,,10-08 A,domain-517,D,规则来源,CITATION_PROVENANCE,finding-fixture.key,fixture,fixture,界面文字（为本界面所写）,G004,G004,,N,,,,,,,,,,示例页的代码能到达，但随附的 12 份示例记录都没有触发,,0,,,,0,,,
E105,X,X 不在公开路线上,reviewed,10/8 已核,10/8 A 层已核，句子未变,N,,10-08 A,domain-517,D,规则来源,CITATION_PROVENANCE,determination-fixture.key,fixture,fixture,界面文字（为本界面所写）,G004,G004,,N,,,,,,,,,,示例页的代码能到达，但随附的 12 份示例记录都没有触发,,0,,,,0,,,
E108,X,X 不在公开路线上,reviewed,10/8 已核,10/8 A 层已核，句子未变,N,,10-08 A,domain-517,D,规则来源,CITATION_PROVENANCE,determination-unmarked.key,unmarked,unmarked,界面文字（为本界面所写）,,,,N,,,,,,,,,,示例页的代码能到达，但随附的 12 份示例记录都没有触发,,0,,,,0,,,
E112,X,X 不在公开路线上,reviewed,10/8 已核,10/8 A 层已核，句子未变,N,,10-08 A,domain-517,D,源修改与复检行动,CONDITION_ENTRIES,named-outcome-observed.plain,"The outcome named in the original recheck condition is now observed. The rest of the condition was not checked by machine and needs a person to confirm it against the original condition; this is not ""the whole condition is met"".",原复检条件里点名的那个结果，现在观察到了。条件句的其余部分没有被机器检查，需要人对照原条件确认；这不是“整句条件已满足”。,界面文字（为本界面所写）,,,,N,,,,,,,,,,示例页的代码能到达，但随附的 12 份示例记录都没有触发,,0,,,,0,,,
E591,X,X 不在公开路线上,same-reviewed,同句已核,B 层，10/8 未核（让到 10/15）；句子与已核 E418 逐字相同,N,句子与已核 E418 逐字相同,10-08 B,candidate-ui,U,候选（可让出）：处理角色／指派、行动——界面用语表里带含义的句子,CONTEXT,noJudgement,"Check results only, no handover judgement",只有检查结果，没有交接判断,界面文字（为本界面所写）,G038,G038,,N,,,,,,,,,,示例页的代码能到达，但随附的 12 份示例记录都没有触发,,0,,,,0,,,
E132,X,X 不在公开路线上,reviewed,10/8 已核,10/8 A 层已核，句子未变,N,,10-08 A,domain-517,D,规则来源,DETAILS_WORDS,absent,Not given in the record: the returned data has no requirement details for this citation.,记录未提供：返回数据里没有这条引用的要求明细。,界面文字（为本界面所写）,,,,N,,,,,,,,,,示例页的代码能到达，但随附的 12 份示例记录都没有触发,,0,,,,0,,,
E142,X,X 不在公开路线上,reviewed,10/8 已核,10/8 A 层已核，句子未变,N,,10-08 A,domain-517,D,规则来源,DETAILS_WORDS,hasActual,That check observed a value; this page does not show it,那次检查观察到了值；本页不显示取值,界面文字（为本界面所写）,,,,N,,,,,,,,,,示例页的代码能到达，但随附的 12 份示例记录都没有触发,,0,,,,0,,,
E146,X,X 不在公开路线上,reviewed,10/8 已核,10/8 A 层已核，句子未变,N,,10-08 A,domain-517,D,规则来源,DETAILS_WORDS,gap,"What value to fill in, and which Revit parameter it maps to, the record does not say.",要填什么值、对应哪个 Revit 参数，记录未提供。,界面文字（为本界面所写）,,,,N,,,,,,,,,,公开路线上的代码不引用它,,0,,,,0,,,
E155,X,X 不在公开路线上,batch-1015,10/15 批，未核,10/15 批，未核,Y,,10-15,domain-517,D,复检：构件去向,DISPOSITION_ENTRIES,present.next,"See the current place the record gives below: the conclusion now, the next step and the handling role all follow it.",看下面记录给出的当前情况：现在的判断、下一步和处理角色都以它为准。,界面文字（为本界面所写）,,,,N,,,,,,,,,,示例页的代码能到达，但随附的 12 份示例记录都没有触发,,0,,,,0,,,
E159,X,X 不在公开路线上,batch-1015,10/15 批，未核,10/15 批，未核,Y,,10-15,domain-517,D,复检：构件去向,DISPOSITION_ENTRIES,element-out-of-subject-class.next,The record gives no next step for it. Check whether the element's class (the export mapping) was changed on purpose; a changed class only means this activity no longer checks it.,记录没有为它给出下一步。请核对构件的类别（导出映射）是不是有意改变；类别变了只说明本活动不再检查它。,界面文字（为本界面所写）,,,,N,,,,,,,,,,示例页的代码能到达，但随附的 12 份示例记录都没有触发,,0,,,,0,,,
E163,X,X 不在公开路线上,batch-1015,10/15 批，未核,10/15 批，未核,Y,,10-15,domain-517,D,复检：构件去向,DISPOSITION_ENTRIES,outside-declared-scope.next,"This element was not checked again this time. For a conclusion, a new recheck that includes it is needed; this preview cannot start one.",这个构件本次没有被重新检查。需要结论时，要重新发起一次包含它的复检；本预览不能发起。,界面文字（为本界面所写）,,,,N,,,,,,,,,,示例页的代码能到达，但随附的 12 份示例记录都没有触发,,0,,,,0,,,
E165,X,X 不在公开路线上,batch-1015,10/15 批，未核,10/15 批，未核,Y,,10-15,domain-517,D,构件卡片用语,ELEMENT_WORDS,noFacts,The record returned nothing readable about this element,记录没有返回这个构件的可读信息,界面文字（为本界面所写）,,,,N,,,,,,,,,,示例页的代码能到达，但随附的 12 份示例记录都没有触发,,0,,,,0,,,
Z04,X,X 不在公开路线上,unindexed,D6 未列，是否已核待确认,D6 索引没有列（中文单语的释义表，英文显示原文）；10/8 BIM 读过这张表（W10 出自它），这一条是否已核请 BIM 确认,N,,,,D,,IFC_CLASS_NAMES,IfcAirTerminal,,风口,界面文字（为本界面所写）,,,,N,,,,,,,,,,公开路线上的代码不引用它,,0,,,,0,,,
Z05,X,X 不在公开路线上,unindexed,D6 未列，是否已核待确认,D6 索引没有列（中文单语的释义表，英文显示原文）；10/8 BIM 读过这张表（W10 出自它），这一条是否已核请 BIM 确认,N,,,,D,,IFC_CLASS_NAMES,IfcChimney,,烟囱,界面文字（为本界面所写）,,,,N,,,,,,,,,,公开路线上的代码不引用它,,0,,,,0,,,
Z06,X,X 不在公开路线上,unindexed,D6 未列，是否已核待确认,D6 索引没有列（中文单语的释义表，英文显示原文）；10/8 BIM 读过这张表（W10 出自它），这一条是否已核请 BIM 确认,N,,,,D,,IFC_CLASS_NAMES,IfcDuctSegment,,风管段,界面文字（为本界面所写）,,,,N,,,,,,,,,,公开路线上的代码不引用它,,0,,,,0,,,
Z07,X,X 不在公开路线上,unindexed,D6 未列，是否已核待确认,D6 索引没有列（中文单语的释义表，英文显示原文）；10/8 BIM 读过这张表（W10 出自它），这一条是否已核请 BIM 确认,N,,,,D,,IFC_CLASS_NAMES,IfcRoof,,屋顶,界面文字（为本界面所写）,,,,N,,,,,,,,,,公开路线上的代码不引用它,,0,,,,0,,,
Z08,X,X 不在公开路线上,unindexed,D6 未列，是否已核待确认,D6 索引没有列（中文单语的释义表，英文显示原文）；10/8 BIM 读过这张表（W10 出自它），这一条是否已核请 BIM 确认,N,,,,D,,IFC_CLASS_NAMES,IfcSlab,,楼板,界面文字（为本界面所写）,,,,N,,,,,,,,,,公开路线上的代码不引用它,,0,,,,0,,,
Z09,X,X 不在公开路线上,unindexed,D6 未列，是否已核待确认,D6 索引没有列（中文单语的释义表，英文显示原文）；10/8 BIM 读过这张表（W10 出自它），这一条是否已核请 BIM 确认,N,,,,D,,IFC_CLASS_NAMES,IfcWall,,墙,界面文字（为本界面所写）,,,,N,,,,,,,,,,公开路线上的代码不引用它,,0,,,,0,,,
E202,X,X 不在公开路线上,batch-1015,10/15 批，未核,10/15 批，未核,Y,,10-15,domain-517,D,复检：引用换键,KEY_CHANGED,no,The citation's key did not change.,引用的键没有换。,界面文字（为本界面所写）,,,,N,,,,,,,,,,公开路线上的代码不引用它,,0,,,,0,,,
E571,X,X 不在公开路线上,batch-1015,10/15 批，未核,10/15 批，未核,Y,,10-15,new-1005,U,10/5 新增：未翻译页上的“返回上一页”（#42，界面用语）,LANGUAGE,back,← Back to the previous page,← 返回上一页,界面文字（为本界面所写）,,,,N,,,,,,,,,,公开路线上的代码不引用它,,0,,,,0,,,
E206,X,X 不在公开路线上,b-tier,B 层，10/8 未核,B 层，10/8 未核（让到 10/15）,Y,,10-08 B,domain-517,D,主路径：结论所依据的结果,LEAF_READINGS,in-model-position/satisfied,It has a storey or space assignment,它有楼层或空间归属,界面文字（为本界面所写）,,,,N,,,,,,,,,,示例页的代码能到达，但随附的 12 份示例记录都没有触发,,0,,,,0,,,
E207,X,X 不在公开路线上,same-reviewed,同句已核,B 层，10/8 未核（让到 10/15）；句子与已核 E347 逐字相同,N,句子与已核 E347 逐字相同,10-08 B,domain-517,D,主路径：结论所依据的结果,LEAF_READINGS,in-model-position/unmet,It has no storey or space assignment,它没有楼层或空间归属,界面文字（为本界面所写）,G022,G022,,N,,,,,,,,,,示例页的代码能到达，但随附的 12 份示例记录都没有触发,,0,,,,0,,,
E210,X,X 不在公开路线上,b-tier,B 层，10/8 未核,B 层，10/8 未核（让到 10/15）,Y,,10-08 B,domain-517,D,主路径：结论所依据的结果,LEAF_READINGS,cross-model-alignment/misaligned,The alignment confirmation found the two models not aligned,对齐确认的结果是两侧模型没有对齐,界面文字（为本界面所写）,,,,N,,,,,,,,,,示例页的代码能到达，但随附的 12 份示例记录都没有触发,,0,,,,0,,,
E213,X,X 不在公开路线上,b-tier,B 层，10/8 未核,B 层，10/8 未核（让到 10/15）,Y,,10-08 B,domain-517,D,主路径：结论所依据的结果,LEAF_READINGS,penetration-determination/penetration-confirmed,A coordination-review determination says it passes through elements of the receiving model,已有协调评审判定：它穿过接收方模型里的构件,界面文字（为本界面所写）,,,,N,,,,,,,,,,示例页的代码能到达，但随附的 12 份示例记录都没有触发,,0,,,,0,,,
E216,X,X 不在公开路线上,b-tier,B 层，10/8 未核,B 层，10/8 未核（让到 10/15）,Y,,10-08 B,domain-517,D,主路径：结论所依据的结果,LEAF_READINGS,opening-status/modelled-not-cross-referenced,"This pair: the opening is modelled in the element passed through, but not linked to the element passing through it",这一对：洞口已建在被穿过的构件上，但没有关联到穿过它的这个构件,界面文字（为本界面所写）,,,,N,,,,,,,,,,示例页的代码能到达，但随附的 12 份示例记录都没有触发,,0,,,,0,,,
E218,X,X 不在公开路线上,b-tier,B 层，10/8 未核,B 层，10/8 未核（让到 10/15）,Y,,10-08 B,domain-517,D,主路径：结论所依据的结果,LEAF_READINGS,opening-status/not-yet-determined,This pair: the review of the opening has not been completed yet,这一对：开洞情况的评审还没有完成,界面文字（为本界面所写）,,,,N,,,,,,,,,,示例页的代码能到达，但随附的 12 份示例记录都没有触发,,0,,,,0,,,
E221,X,X 不在公开路线上,b-tier,B 层，10/8 未核,B 层，10/8 未核（让到 10/15）,Y,,10-08 B,domain-517,D,主路径：结论所依据的结果,LEAF_READING_WORDS,unglossed,This interface has no English for this result; see the tracing details,本界面没有这个结果的中文说明，见追溯信息,界面文字（为本界面所写）,,,,N,,,,,,,,,,示例页的代码能到达，但随附的 12 份示例记录都没有触发,,0,,,,0,,,
E224,X,X 不在公开路线上,batch-1015,10/15 批，未核,10/15 批，未核,Y,,10-15,domain-517,D,入口名称,MODE_LABELS,workspace,Real check in a workspace,工作区里的真实检查,界面文字（为本界面所写）,,,,N,,,,,,,,,,示例页的代码能到达，但随附的 12 份示例记录都没有触发,,0,,,,0,,,
E235,X,X 不在公开路线上,batch-1015,10/15 批，未核,10/15 批，未核,Y,,10-15,domain-517,D,复检结果页,RECHECK,notRecheck,"This record is not a recheck record, so there is no before-and-after to show.",这份记录不是复检记录，没有复检前后的对比可以显示。,界面文字（为本界面所写）,,,,N,,,,,,,,,,示例页的代码能到达，但随附的 12 份示例记录都没有触发,,0,,,,0,,,
E236,X,X 不在公开路线上,batch-1015,10/15 批，未核,10/15 批，未核,Y,,10-15,domain-517,D,复检结果页,RECHECK,unknownSuccessor,"This record follows a sealed record, but not as a recheck this page recognises: successor.kind = ",这份记录承接了一条已封存的记录，但承接类型不是本页认识的复检：successor.kind = ,界面文字（为本界面所写）,,,,N,,,,,,,,,,示例页的代码能到达，但随附的 12 份示例记录都没有触发,,0,,,,0,,,
E237,X,X 不在公开路线上,batch-1015,10/15 批，未核,10/15 批，未核,Y,,10-15,domain-517,D,复检结果页,RECHECK,unknownSuccessorAfter,. This page does not present it as a recheck.,。本页不把它当作复检来呈现。,界面文字（为本界面所写）,,,,N,,,,,,,,,,示例页的代码能到达，但随附的 12 份示例记录都没有触发,,0,,,,0,,,
E279,X,X 不在公开路线上,b-tier,B 层，10/8 未核,B 层，10/8 未核（让到 10/15）,Y,,10-08 B,domain-517,D,复检单项页（含复检前的结束条件）,RECHECK_ITEM,missing,The recheck record has no such item,复检记录中没有这一项,界面文字（为本界面所写）,,,,N,,,,,,,,,,示例页的代码能到达，但随附的 12 份示例记录都没有触发,,0,,,,0,,,
E290,X,X 不在公开路线上,b-tier,B 层，10/8 未核,B 层，10/8 未核（让到 10/15）,Y,,10-08 B,domain-517,D,复检单项页（含复检前的结束条件）,RECHECK_ITEM,end,.,。,界面文字（为本界面所写）,,,,N,,,,,,,,,,示例页的代码能到达，但随附的 12 份示例记录都没有触发,,0,,,,0,,,
E569,X,X 不在公开路线上,batch-1015,10/15 批，未核,10/15 批，未核,Y,,10-15,new-1005,U,10/5 新增：第二入口的拒绝页（#42，界面用语）,REFUSAL_UNGLOSSED,text,This interface has no English explanation for this reason; open what the system returned below.,本界面没有这个原因的中文说明，请展开下面系统返回的原文。,界面文字（为本界面所写）,,,,N,,,,,,,,,,示例页的代码能到达，但随附的 12 份示例记录都没有触发,,0,,,,0,,,
E341,X,X 不在公开路线上,batch-1015,10/15 批，未核,10/15 批，未核,Y,,10-15,domain-517,D,复检：哪一侧模型重新发布,REISSUE_CASES,unrecognised.headline,The record's model version comparison cannot be recognised; shown as it came,记录的模型版本比较无法识别，按原值显示,界面文字（为本界面所写）,,,,N,,,,,,,,,,示例页的代码能到达，但随附的 12 份示例记录都没有触发,,0,,,,0,,,
E342,X,X 不在公开路线上,batch-1015,10/15 批，未核,10/15 批，未核,Y,,10-15,domain-517,D,复检：哪一侧模型重新发布,REISSUE_CASES,unrecognised.detail,"The changed models the record gives do not match this record's handing-over and receiving sides, or the two fields contradict each other. This page does not guess which side.",记录给出的变化模型与本记录的交出方、接收方对不上，或两个字段互相矛盾。本页不猜是哪一侧。,界面文字（为本界面所写）,,,,N,,,,,,,,,,示例页的代码能到达，但随附的 12 份示例记录都没有触发,,0,,,,0,,,
E347,X,X 不在公开路线上,reviewed,10/8 已核,10/8 A 层已核，句子未变,N,,10-08 A,domain-517,D,源修改与复检行动,RESOLUTION_KINDS,mep-element-not-spatially-assigned,It has no storey or space assignment,它没有楼层或空间归属,界面文字（为本界面所写）,G022,G022,,N,,,,,,,,,,示例页的代码能到达，但随附的 12 份示例记录都没有触发,,0,,,,0,,,
E349,X,X 不在公开路线上,reviewed,10/8 已核,10/8 A 层已核，句子未变,N,,10-08 A,domain-517,D,源修改与复检行动,RESOLUTION_KINDS,cross-model-misalignment,The two models are not aligned to a common datum,两侧模型没有对齐到共同的基准,界面文字（为本界面所写）,,,,N,,,,,,,,,,示例页的代码能到达，但随附的 12 份示例记录都没有触发,,0,,,,0,,,
E352,X,X 不在公开路线上,reviewed,10/8 已核,10/8 A 层已核，句子未变,N,,10-08 A,domain-517,D,源修改与复检行动,RESOLUTION_KINDS,opening-not-verifiably-linked,"The opening is modelled, but not linked to this element that passes through it",洞口已建，但没有关联到穿过它的这个构件,界面文字（为本界面所写）,,,,N,,,,,,,,,,示例页的代码能到达，但随附的 12 份示例记录都没有触发,,0,,,,0,,,
E354,X,X 不在公开路线上,reviewed,10/8 已核,10/8 A 层已核，句子未变,N,,10-08 A,domain-517,D,源修改与复检行动,RESOLUTION_KINDS,opening-status-not-determined,Not a known missing opening: the review of the opening has not been completed yet,不是已知的缺洞：开洞情况的评审还没有完成,界面文字（为本界面所写）,,,,N,,,,,,,,,,示例页的代码能到达，但随附的 12 份示例记录都没有触发,,0,,,,0,,,
E400,X,X 不在公开路线上,reviewed,10/8 已核,10/8 A 层已核，句子未变,N,,10-08 A,domain-517,D,英文判断词,VERDICT_GROUPS,changed.label,Conclusions that changed,判断变了的,界面文字（为本界面所写）,,,,N,,,,,,,,,,示例页的代码能到达，但随附的 12 份示例记录都没有触发,,0,,,,0,,,
E405,X,X 不在公开路线上,reviewed,10/8 已核,10/8 A 层已核，句子未变,N,,10-08 A,domain-517,D,英文判断词,VERDICT_GROUPS,unplaced.label,Items whose current place the record does not give,记录没有给出当前情况的,界面文字（为本界面所写）,,,,N,,,,,,,,,,示例页的代码能到达，但随附的 12 份示例记录都没有触发,,0,,,,0,,,
E406,X,X 不在公开路线上,reviewed,10/8 已核,10/8 A 层已核，句子未变,N,,10-08 A,domain-517,D,英文判断词,VERDICT_GROUPS,unplaced.none,The record gives a current place for every item.,每一项记录都给出了当前情况。,界面文字（为本界面所写）,,,,N,,,,,,,,,,示例页的代码能到达，但随附的 12 份示例记录都没有触发,,0,,,,0,,,
E408,X,X 不在公开路线上,reviewed,10/8 已核,10/8 A 层已核，句子未变,N,,10-08 A,domain-517,D,英文判断词,VERDICT_GROUPS,unchanged.label,Conclusions that did not change,判断没有变的,界面文字（为本界面所写）,,,,N,,,,,,,,,,示例页的代码能到达，但随附的 12 份示例记录都没有触发,,0,,,,0,,,
E409,X,X 不在公开路线上,reviewed,10/8 已核,10/8 A 层已核，句子未变,N,,10-08 A,domain-517,D,英文判断词,VERDICT_GROUPS,unchanged.none,No conclusion stayed the same.,没有判断保持不变的项。,界面文字（为本界面所写）,,,,N,,,,,,,,,,示例页的代码能到达，但随附的 12 份示例记录都没有触发,,0,,,,0,,,
E410,X,X 不在公开路线上,reviewed,10/8 已核,10/8 A 层已核，句子未变,N,,10-08 A,domain-517,D,英文判断词,VERDICT_GROUPS,unchanged.note,An unchanged conclusion does not mean the evidence is unchanged; see each item for the old evidence.,判断没有变，不代表证据没有变；旧证据的情况见每一项。,界面文字（为本界面所写）,,,,N,,,,,,,,,,示例页的代码能到达，但随附的 12 份示例记录都没有触发,,0,,,,0,,,
E412,X,X 不在公开路线上,reviewed,10/8 已核,10/8 A 层已核，句子未变,N,,10-08 A,domain-517,D,PASS／FAIL／N/A／拒绝区别（C2 工作区结果页）,WORKSPACE,directoryNote,"A workspace can only be named when the server is started; you cannot choose, upload or change a model here.",工作区只能在启动服务器时指定；这里不能选择、上传或更换模型。,界面文字（为本界面所写）,,,,N,,,,,,,,,,示例页的代码能到达，但随附的 12 份示例记录都没有触发,,0,,,,0,,,
E413,X,X 不在公开路线上,reviewed,10/8 已核,10/8 A 层已核，句子未变,N,,10-08 A,domain-517,D,PASS／FAIL／N/A／拒绝区别（C2 工作区结果页）,WORKSPACE,directoryNone,"The server was started without a workspace, so there is no check to look at here. To look at one, restart the server with this command:",服务器启动时没有指定工作区，所以这里没有可以查看的检查。要查看，用下面的命令重新启动服务器：,界面文字（为本界面所写）,,,,N,,,,,,,,,,示例页的代码能到达，但随附的 12 份示例记录都没有触发,,0,,,,0,,,
E414,X,X 不在公开路线上,reviewed,10/8 已核,10/8 A 层已核，句子未变,N,,10-08 A,domain-517,D,PASS／FAIL／N/A／拒绝区别（C2 工作区结果页）,WORKSPACE,startCommand,python doctor/serve.py --workspace <workspace directory> [--prior <earlier run directory>],python doctor/serve.py --workspace <工作区目录> [--prior <前一次运行的目录>],界面文字（为本界面所写）,,,,N,,,,,,,,,,示例页的代码能到达，但随附的 12 份示例记录都没有触发,,0,,,,0,,,
E415,X,X 不在公开路线上,reviewed,10/8 已核,10/8 A 层已核，句子未变,N,,10-08 A,domain-517,D,PASS／FAIL／N/A／拒绝区别（C2 工作区结果页）,WORKSPACE,openRun,Open this check's results,打开这次检查的结果,界面文字（为本界面所写）,,,,N,,,,,,,,,,示例页的代码能到达，但随附的 12 份示例记录都没有触发,,0,,,,0,,,
E417,X,X 不在公开路线上,reviewed,10/8 已核,10/8 A 层已核，句子未变,N,,10-08 A,domain-517,D,PASS／FAIL／N/A／拒绝区别（C2 工作区结果页）,WORKSPACE,backToList,← Back to the list of results,← 返回结果列表,界面文字（为本界面所写）,,,,N,,,,,,,,,,只在工作区的对比页或拒绝页（C2 专用）出现，不在公开路线上,,0,,,,0,,,
E418,X,X 不在公开路线上,reviewed,10/8 已核,10/8 A 层已核，句子未变,N,,10-08 A,domain-517,D,PASS／FAIL／N/A／拒绝区别（C2 工作区结果页）,WORKSPACE,contextNoJudgement,"Check results only, no handover judgement",只有检查结果，没有交接判断,界面文字（为本界面所写）,G038,G038,,N,,,,,,,,,,公开路线上的代码不引用它,,0,,,,0,,,
E419,X,X 不在公开路线上,reviewed,10/8 已核,10/8 A 层已核，句子未变,N,,10-08 A,domain-517,D,PASS／FAIL／N/A／拒绝区别（C2 工作区结果页）,WORKSPACE,contextRun,Check run,检查运行,界面文字（为本界面所写）,,,,N,,,,,,,,,,公开路线上的代码不引用它,,0,,,,0,,,
E492,X,X 不在公开路线上,b-tier,B 层，10/8 未核,B 层，10/8 未核（让到 10/15）,Y,,10-08 B,domain-517,D,C2 复检对比（误读风险）,WORKSPACE_COMPARE,title,"Recheck comparison: the same check, two runs",复检对比：同一项检查，前后两次运行,界面文字（为本界面所写）,,,,N,,,,,,,,,,只在工作区的对比页或拒绝页（C2 专用）出现，不在公开路线上,,0,,,,0,,,
E493,X,X 不在公开路线上,b-tier,B 层，10/8 未核,B 层，10/8 未核（让到 10/15）,Y,,10-08 B,domain-517,D,C2 复检对比（误读风险）,WORKSPACE_COMPARE,lede,"The pairs, the rows not re-evaluated and the newly appearing rows below are the returned data's; the page only counts and arranges them.",下面的配对、未再评估和新出现都由返回数据给出，页面只计数和排列。,界面文字（为本界面所写）,,,,N,,,,,,,,,,只在工作区的对比页或拒绝页（C2 专用）出现，不在公开路线上,,0,,,,0,,,
E494,X,X 不在公开路线上,b-tier,B 层，10/8 未核,B 层，10/8 未核（让到 10/15）,Y,,10-08 B,domain-517,D,C2 复检对比（误读风险）,WORKSPACE_COMPARE,runsHeading,The two runs,两次运行,界面文字（为本界面所写）,,,,N,,,,,,,,,,只在工作区的对比页或拒绝页（C2 专用）出现，不在公开路线上,,0,,,,0,,,
E495,X,X 不在公开路线上,b-tier,B 层，10/8 未核,B 层，10/8 未核（让到 10/15）,Y,,10-08 B,domain-517,D,C2 复检对比（误读风险）,WORKSPACE_COMPARE,prior,The run named as the earlier one (given with --prior at start-up),被指定为前一次的运行（启动时用 --prior 指定）,界面文字（为本界面所写）,,,,N,,,,,,,,,,只在工作区的对比页或拒绝页（C2 专用）出现，不在公开路线上,,0,,,,0,,,
E496,X,X 不在公开路线上,b-tier,B 层，10/8 未核,B 层，10/8 未核（让到 10/15）,Y,,10-08 B,domain-517,D,C2 复检对比（误读风险）,WORKSPACE_COMPARE,current,This run (given with --workspace at start-up),本次运行（启动时用 --workspace 指定）,界面文字（为本界面所写）,,,,N,,,,,,,,,,只在工作区的对比页或拒绝页（C2 专用）出现，不在公开路线上,,0,,,,0,,,
E497,X,X 不在公开路线上,b-tier,B 层，10/8 未核,B 层，10/8 未核（让到 10/15）,Y,,10-08 B,domain-517,D,C2 复检对比（误读风险）,WORKSPACE_COMPARE,order,Which run came first is what the server was told at start-up; the returned data itself cannot prove the order.,哪一次在前，是启动服务器时的指定；返回数据本身不能证明先后。,界面文字（为本界面所写）,,,,N,,,,,,,,,,只在工作区的对比页或拒绝页（C2 专用）出现，不在公开路线上,,0,,,,0,,,
E498,X,X 不在公开路线上,b-tier,B 层，10/8 未核,B 层，10/8 未核（让到 10/15）,Y,,10-08 B,domain-517,D,C2 复检对比（误读风险）,WORKSPACE_COMPARE,same,"The two runs have the same rule set, the same predicate for each requirement, the same checkers, the same logical date and the same set of models; were any of them different, the system would refuse the comparison and give neither side's results.",两次运行的规则集、各条要求的谓词、检查程序、逻辑日期和模型组都相同；其中任何一项不同，系统都会拒绝对比，不给出任何一侧的结果。,界面文字（为本界面所写）,,,,N,,,,,,,,,,只在工作区的对比页或拒绝页（C2 专用）出现，不在公开路线上,,0,,,,0,,,
E499,X,X 不在公开路线上,b-tier,B 层，10/8 未核,B 层，10/8 未核（让到 10/15）,Y,,10-08 B,domain-517,D,C2 复检对比（误读风险）,WORKSPACE_COMPARE,changedHeading,1. What changed,一、什么变了,界面文字（为本界面所写）,,,,N,,,,,,,,,,只在工作区的对比页或拒绝页（C2 专用）出现，不在公开路线上,,0,,,,0,,,
E500,X,X 不在公开路线上,b-tier,B 层，10/8 未核,B 层，10/8 未核（让到 10/15）,Y,,10-08 B,domain-517,D,C2 复检对比（误读风险）,WORKSPACE_COMPARE,differs.one,Results that differ between the runs: {count},两次结果不同的：{count} 条,界面文字（为本界面所写）,G045,G045,,N,,,,,,,,,,只在工作区的对比页或拒绝页（C2 专用）出现，不在公开路线上,,0,,,,0,,,
E501,X,X 不在公开路线上,b-tier,B 层，10/8 未核,B 层，10/8 未核（让到 10/15）,Y,,10-08 B,domain-517,D,C2 复检对比（误读风险）,WORKSPACE_COMPARE,differs.other,Results that differ between the runs: {count},两次结果不同的：{count} 条,界面文字（为本界面所写）,G045,G045,,N,,,,,,,,,,只在工作区的对比页或拒绝页（C2 专用）出现，不在公开路线上,,0,,,,0,,,
E502,X,X 不在公开路线上,b-tier,B 层，10/8 未核,B 层，10/8 未核（让到 10/15）,Y,,10-08 B,domain-517,D,C2 复检对比（误读风险）,WORKSPACE_COMPARE,differsNone,No result differs between the runs.,没有两次结果不同的。,界面文字（为本界面所写）,,,,N,,,,,,,,,,只在工作区的对比页或拒绝页（C2 专用）出现，不在公开路线上,,0,,,,0,,,
E505,X,X 不在公开路线上,b-tier,B 层，10/8 未核,B 层，10/8 未核（让到 10/15）,Y,,10-08 B,domain-517,D,C2 复检对比（误读风险）,WORKSPACE_COMPARE,unchangedNone,No result is the same in both runs.,没有两次结果相同的。,界面文字（为本界面所写）,,,,N,,,,,,,,,,只在工作区的对比页或拒绝页（C2 专用）出现，不在公开路线上,,0,,,,0,,,
E506,X,X 不在公开路线上,b-tier,B 层，10/8 未核,B 层，10/8 未核（让到 10/15）,Y,,10-08 B,domain-517,D,C2 复检对比（误读风险）,WORKSPACE_COMPARE,transition.one,{prior} → {current}: {count} row,{prior} → {current}：{count} 条,界面文字（为本界面所写）,,G047,,N,,,,,,,,,,公开路线上的代码不引用它,,0,,,,0,,,
E507,X,X 不在公开路线上,b-tier,B 层，10/8 未核,B 层，10/8 未核（让到 10/15）,Y,,10-08 B,domain-517,D,C2 复检对比（误读风险）,WORKSPACE_COMPARE,transition.other,{prior} → {current}: {count} rows,{prior} → {current}：{count} 条,界面文字（为本界面所写）,,G047,,N,,,,,,,,,,公开路线上的代码不引用它,,0,,,,0,,,
E510,X,X 不在公开路线上,b-tier,B 层，10/8 未核,B 层，10/8 未核（让到 10/15）,Y,,10-08 B,domain-517,D,C2 复检对比（误读风险）,WORKSPACE_COMPARE,notReEvaluated.label.one,With a result in the earlier run only (not re-evaluated this time): {count},只在前一次有结果的（本次没有再评估）：{count} 条,界面文字（为本界面所写）,G049,G049,,N,,,,,,,,,,只在工作区的对比页或拒绝页（C2 专用）出现，不在公开路线上,,0,,,,0,,,
E511,X,X 不在公开路线上,b-tier,B 层，10/8 未核,B 层，10/8 未核（让到 10/15）,Y,,10-08 B,domain-517,D,C2 复检对比（误读风险）,WORKSPACE_COMPARE,notReEvaluated.label.other,With a result in the earlier run only (not re-evaluated this time): {count},只在前一次有结果的（本次没有再评估）：{count} 条,界面文字（为本界面所写）,G049,G049,,N,,,,,,,,,,只在工作区的对比页或拒绝页（C2 专用）出现，不在公开路线上,,0,,,,0,,,
E512,X,X 不在公开路线上,b-tier,B 层，10/8 未核,B 层，10/8 未核（让到 10/15）,Y,,10-08 B,domain-517,D,C2 复检对比（误读风险）,WORKSPACE_COMPARE,notReEvaluated.note,These have a result from the earlier run only and were not re-evaluated this time. They are not passes.,这些只有前一次的结果，本次没有再评估。它们不是通过。,界面文字（为本界面所写）,,,,N,,,,,,,,,,只在工作区的对比页或拒绝页（C2 专用）出现，不在公开路线上,,0,,,,0,,,
E513,X,X 不在公开路线上,b-tier,B 层，10/8 未核,B 层，10/8 未核（让到 10/15）,Y,,10-08 B,domain-517,D,C2 复检对比（误读风险）,WORKSPACE_COMPARE,newlyAppearing.label.one,With a result in this run only (newly appearing): {count},只在本次有结果的（新出现）：{count} 条,界面文字（为本界面所写）,G050,G050,,N,,,,,,,,,,只在工作区的对比页或拒绝页（C2 专用）出现，不在公开路线上,,0,,,,0,,,
E514,X,X 不在公开路线上,b-tier,B 层，10/8 未核,B 层，10/8 未核（让到 10/15）,Y,,10-08 B,domain-517,D,C2 复检对比（误读风险）,WORKSPACE_COMPARE,newlyAppearing.label.other,With a result in this run only (newly appearing): {count},只在本次有结果的（新出现）：{count} 条,界面文字（为本界面所写）,G050,G050,,N,,,,,,,,,,只在工作区的对比页或拒绝页（C2 专用）出现，不在公开路线上,,0,,,,0,,,
E515,X,X 不在公开路线上,b-tier,B 层，10/8 未核,B 层，10/8 未核（让到 10/15）,Y,,10-08 B,domain-517,D,C2 复检对比（误读风险）,WORKSPACE_COMPARE,newlyAppearing.note,The earlier run did not have these results.,这些结果前一次没有。,界面文字（为本界面所写）,,,,N,,,,,,,,,,只在工作区的对比页或拒绝页（C2 专用）出现，不在公开路线上,,0,,,,0,,,
E516,X,X 不在公开路线上,b-tier,B 层，10/8 未核,B 层，10/8 未核（让到 10/15）,Y,,10-08 B,domain-517,D,C2 复检对比（误读风险）,WORKSPACE_COMPARE,inCurrent.true,The element is still in this run's list of elements,构件还在本次的构件清单里,界面文字（为本界面所写）,,,,N,,,,,,,,,,只在工作区的对比页或拒绝页（C2 专用）出现，不在公开路线上,,0,,,,0,,,
E517,X,X 不在公开路线上,b-tier,B 层，10/8 未核,B 层，10/8 未核（让到 10/15）,Y,,10-08 B,domain-517,D,C2 复检对比（误读风险）,WORKSPACE_COMPARE,inCurrent.false,The element is not in this run's list of elements,构件不在本次的构件清单里,界面文字（为本界面所写）,,,,N,,,,,,,,,,只在工作区的对比页或拒绝页（C2 专用）出现，不在公开路线上,,0,,,,0,,,
E518,X,X 不在公开路线上,b-tier,B 层，10/8 未核,B 层，10/8 未核（让到 10/15）,Y,,10-08 B,domain-517,D,C2 复检对比（误读风险）,WORKSPACE_COMPARE,inCurrent.null,"A result for the whole model, not for an element",整个模型的一条结果，不针对构件,界面文字（为本界面所写）,G051,G051,,N,,,,,,,,,,只在工作区的对比页或拒绝页（C2 专用）出现，不在公开路线上,,0,,,,0,,,
E522,X,X 不在公开路线上,b-tier,B 层，10/8 未核,B 层，10/8 未核（让到 10/15）,Y,,10-08 B,domain-517,D,C2 复检对比（误读风险）,WORKSPACE_COMPARE,whyHeading,2. Why it changed: what the returned data can say,二、为什么会变：返回数据能说明的部分,界面文字（为本界面所写）,,,,N,,,,,,,,,,只在工作区的对比页或拒绝页（C2 专用）出现，不在公开路线上,,0,,,,0,,,
E523,X,X 不在公开路线上,b-tier,B 层，10/8 未核,B 层，10/8 未核（让到 10/15）,Y,,10-08 B,domain-517,D,C2 复检对比（误读风险）,WORKSPACE_COMPARE,changedModels,Models whose content changed between the runs (listed by the returned data):,两次之间内容变了的模型（返回数据列出）：,界面文字（为本界面所写）,,,,N,,,,,,,,,,只在工作区的对比页或拒绝页（C2 专用）出现，不在公开路线上,,0,,,,0,,,
E524,X,X 不在公开路线上,b-tier,B 层，10/8 未核,B 层，10/8 未核（让到 10/15）,Y,,10-08 B,domain-517,D,C2 复检对比（误读风险）,WORKSPACE_COMPARE,noChangedModels,The returned data lists no model whose content changed: both runs read the same model files.,返回数据没有列出内容变了的模型：两次读的是同样的模型文件。,界面文字（为本界面所写）,,,,N,,,,,,,,,,只在工作区的对比页或拒绝页（C2 专用）出现，不在公开路线上,,0,,,,0,,,
E525,X,X 不在公开路线上,b-tier,B 层，10/8 未核,B 层，10/8 未核（让到 10/15）,Y,,10-08 B,domain-517,D,C2 复检对比（误读风险）,WORKSPACE_COMPARE,unchangedModels,Models whose content did not change:,内容未变的模型：,界面文字（为本界面所写）,,,,N,,,,,,,,,,只在工作区的对比页或拒绝页（C2 专用）出现，不在公开路线上,,0,,,,0,,,
E526,X,X 不在公开路线上,b-tier,B 层，10/8 未核,B 层，10/8 未核（让到 10/15）,Y,,10-08 B,domain-517,D,C2 复检对比（误读风险）,WORKSPACE_COMPARE,why,"The two runs have the same rule set, requirement predicates, checkers and logical date. Of the inputs the returned data compared, the only difference between the runs is the content of the model files listed above; what changed inside those files, the returned data does not list item by item.",两次的规则集、要求谓词、检查程序和逻辑日期都相同。在返回数据比较过的这些输入里，两次之间不同的只有上面列出的模型文件内容；模型文件里改了哪些地方，返回数据没有逐项列出。,界面文字（为本界面所写）,,,,N,,,,,,,,,,只在工作区的对比页或拒绝页（C2 专用）出现，不在公开路线上,,0,,,,0,,,
E527,X,X 不在公开路线上,b-tier,B 层，10/8 未核,B 层，10/8 未核（让到 10/15）,Y,,10-08 B,domain-517,D,C2 复检对比（误读风险）,WORKSPACE_COMPARE,notInData,"What was changed in Revit, who decided the value and who made the change, the returned data does not record.",在 Revit 里改了什么、取值由谁决定、由谁操作，返回数据没有记录。,界面文字（为本界面所写）,,,,N,,,,,,,,,,只在工作区的对比页或拒绝页（C2 专用）出现，不在公开路线上,,0,,,,0,,,
E528,X,X 不在公开路线上,b-tier,B 层，10/8 未核,B 层，10/8 未核（让到 10/15）,Y,,10-08 B,domain-517,D,C2 复检对比（误读风险）,WORKSPACE_COMPARE,gapsHeading,3. What evidence is still missing,三、还缺什么证据,界面文字（为本界面所写）,,,,N,,,,,,,,,,只在工作区的对比页或拒绝页（C2 专用）出现，不在公开路线上,,0,,,,0,,,
E529,X,X 不在公开路线上,b-tier,B 层，10/8 未核,B 层，10/8 未核（让到 10/15）,Y,,10-08 B,domain-517,D,C2 复检对比（误读风险）,WORKSPACE_COMPARE,passLink,What a pass proves and does not prove: see the details of the passing results.,一条通过证明了什么、没证明什么，见通过那几条的详情。,界面文字（为本界面所写）,,,,N,,,,,,,,,,只在工作区的对比页或拒绝页（C2 专用）出现，不在公开路线上,,0,,,,0,,,
E530,X,X 不在公开路线上,b-tier,B 层，10/8 未核,B 层，10/8 未核（让到 10/15）,Y,,10-08 B,domain-517,D,C2 复检对比（误读风险）,WORKSPACE_COMPARE,open,Open,查看,界面文字（为本界面所写）,,,,N,,,,,,,,,,只在工作区的对比页或拒绝页（C2 专用）出现，不在公开路线上,,0,,,,0,,,
E538,X,X 不在公开路线上,b-tier,B 层，10/8 未核,B 层，10/8 未核（让到 10/15）,Y,,10-08 B,domain-517,D,C2 复检对比（误读风险）,WORKSPACE_COMPARE,noComparison,"The server was started without an earlier run, so there is no comparison. To compare, add --prior at start-up.",服务器启动时没有指定前一次运行，所以没有对比。要对比，启动时加上 --prior。,界面文字（为本界面所写）,,,,N,,,,,,,,,,只在工作区的对比页或拒绝页（C2 专用）出现，不在公开路线上,,0,,,,0,,,
E539,X,X 不在公开路线上,b-tier,B 层，10/8 未核,B 层，10/8 未核（让到 10/15）,Y,,10-08 B,domain-517,D,C2 复检对比（误读风险）,WORKSPACE_COMPARE,elementMissing,The returned data has nothing readable about this element,返回数据没有这个构件的可读信息,界面文字（为本界面所写）,,,,N,,,,,,,,,,只在工作区的对比页或拒绝页（C2 专用）出现，不在公开路线上,,0,,,,0,,,
E540,X,X 不在公开路线上,batch-1015,10/15 批，未核,10/15 批，未核,Y,,10-15,domain-517,D,首页第三入口（真实检查）,WORKSPACE_HOME,title,See a real check,查看一次真实检查,界面文字（为本界面所写）,,,,N,,,,,,,,,,公开路线上的代码不引用它,,0,,,,0,,,
E541,X,X 不在公开路线上,batch-1015,10/15 批，未核,10/15 批，未核,Y,,10-15,domain-517,D,首页第三入口（真实检查）,WORKSPACE_HOME,body,"The server was started with a workspace holding a check that has already run: each element's result under each requirement. If an earlier run was named as well, the two can be compared. There are check results only here, no handover judgement. This page only shows the check that has already run; you cannot choose or change a model on it.",启动服务器时指定了一个工作区，里面是一次已经跑完的检查：每个构件在每条要求下的结果。若同时指定了前一次运行，还可以看两次的前后对比。这里只有检查结果，没有交接判断。页面只查看这次已经跑完的检查，不能在页面上选择或更换模型。,界面文字（为本界面所写）,,,,N,,,,,,,,,,公开路线上的代码不引用它,,0,,,,0,,,
E543,X,X 不在公开路线上,batch-1015,10/15 批，未核,10/15 批，未核,Y,,10-15,domain-517,D,首页第三入口（真实检查）,WORKSPACE_HOME,unknown,Could not confirm whether the server was started with a workspace (that does not mean there is none). The error:,未能确认服务器是否指定了工作区（不等于没有工作区）。错误原文：,界面文字（为本界面所写）,,,,N,,,,,,,,,,示例页的代码能到达，但随附的 12 份示例记录都没有触发,,0,,,,0,,,
E544,X,X 不在公开路线上,reviewed,10/8 已核,10/8 A 层已核，句子未变,N,,10-08 A,domain-517,D,PASS／FAIL／N/A／拒绝区别（拒绝页）,WORKSPACE_REFUSAL,title,These two runs cannot be compared,这两次运行不能对比,界面文字（为本界面所写）,,,,N,,,,,,,,,,只在工作区的对比页或拒绝页（C2 专用）出现，不在公开路线上,,0,,,,0,,,
E545,X,X 不在公开路线上,reviewed,10/8 已核,10/8 A 层已核，句子未变,N,,10-08 A,domain-517,D,PASS／FAIL／N/A／拒绝区别（拒绝页）,WORKSPACE_REFUSAL,lede,The system refused this comparison and listed every reason. This is an answer about the request's conditions — not a program fault and not a check result: neither side's results were returned.,系统拒绝了这次对比，并列出了全部原因。这是对请求条件的答复，不是程序故障，也不是检查结果：任何一侧的检查结果都没有返回。,界面文字（为本界面所写）,,,,N,,,,,,,,,,只在工作区的对比页或拒绝页（C2 专用）出现，不在公开路线上,,0,,,,0,,,
E546,X,X 不在公开路线上,reviewed,10/8 已核,10/8 A 层已核，句子未变,N,,10-08 A,domain-517,D,PASS／FAIL／N/A／拒绝区别（拒绝页）,WORKSPACE_REFUSAL,reasonsHeading,Why they cannot be compared,为什么不能对比,界面文字（为本界面所写）,,,,N,,,,,,,,,,只在工作区的对比页或拒绝页（C2 专用）出现，不在公开路线上,,0,,,,0,,,
E547,X,X 不在公开路线上,reviewed,10/8 已核,10/8 A 层已核，句子未变,N,,10-08 A,domain-517,D,PASS／FAIL／N/A／拒绝区别（拒绝页）,WORKSPACE_REFUSAL,actionHeading,What a comparison needs,要能对比，需要什么,界面文字（为本界面所写）,,,,N,,,,,,,,,,只在工作区的对比页或拒绝页（C2 专用）出现，不在公开路线上,,0,,,,0,,,
E548,X,X 不在公开路线上,reviewed,10/8 已核,10/8 A 层已核，句子未变,N,,10-08 A,domain-517,D,PASS／FAIL／N/A／拒绝区别（拒绝页）,WORKSPACE_REFUSAL,action[0],"Both runs must use the same rule set (the same version and content), the same set of requirements, the same checkers, the same logical date and the same set of models; between the runs only the content of the model files may differ.",两次运行要用同一规则集（同一版本、同一内容）、同一组要求、同一检查程序、同一逻辑日期和同一组模型；两次之间只能是模型文件的内容不同。,界面文字（为本界面所写）,,,,N,,,,,,,,,,只在工作区的对比页或拒绝页（C2 专用）出现，不在公开路线上,,0,,,,0,,,
E549,X,X 不在公开路线上,reviewed,10/8 已核,10/8 A 层已核，句子未变,N,,10-08 A,domain-517,D,PASS／FAIL／N/A／拒绝区别（拒绝页）,WORKSPACE_REFUSAL,action[1],Make sure the run given with --prior at start-up really is the earlier run of the same check; or restart the server without --prior and look at this check's results alone.,确认启动时用 --prior 指定的确实是同一项检查的前一次运行；或者去掉 --prior 重新启动服务器，只看本次检查的结果。,界面文字（为本界面所写）,,,,N,,,,,,,,,,只在工作区的对比页或拒绝页（C2 专用）出现，不在公开路线上,,0,,,,0,,,
E550,X,X 不在公开路线上,reviewed,10/8 已核,10/8 A 层已核，句子未变,N,,10-08 A,domain-517,D,PASS／FAIL／N/A／拒绝区别（拒绝页）,WORKSPACE_REFUSAL,scope,Whether they can be compared once these reasons are dealt with is for the next answer to say.,处理这些原因之后能否对比，以下一次返回为准。,界面文字（为本界面所写）,,,,N,,,,,,,,,,只在工作区的对比页或拒绝页（C2 专用）出现，不在公开路线上,,0,,,,0,,,
E553,X,X 不在公开路线上,reviewed,10/8 已核,10/8 A 层已核，句子未变,N,,10-08 A,domain-517,D,PASS／FAIL／N/A／拒绝区别（拒绝页）,WORKSPACE_REFUSAL,unglossed,This interface has no English for this reason; see what the system returned below.,本界面没有这个原因的中文说明，见下面的原文。,界面文字（为本界面所写）,,,,N,,,,,,,,,,只在工作区的对比页或拒绝页（C2 专用）出现，不在公开路线上,,0,,,,0,,,
E554,X,X 不在公开路线上,reviewed,10/8 已核,10/8 A 层已核，句子未变,N,,10-08 A,domain-517,D,PASS／FAIL／N/A／拒绝区别（拒绝页）,WORKSPACE_REFUSAL,noResult,"No result, no zero-problem count and no completion ratio: a refused comparison is not a check without problems.",没有任何结果、零问题统计或完成比例：被拒绝不是一次没有问题的检查。,界面文字（为本界面所写）,,,,N,,,,,,,,,,只在工作区的对比页或拒绝页（C2 专用）出现，不在公开路线上,,0,,,,0,,,
E555,X,X 不在公开路线上,reviewed,10/8 已核,10/8 A 层已核，句子未变,N,,10-08 A,domain-517,D,PASS／FAIL／N/A／拒绝区别（拒绝原因）,WORKSPACE_REFUSAL_REASONS,ruleset-id-differs,The two runs did not use the same rule set.,两次用的不是同一个规则集。,界面文字（为本界面所写）,,,,N,,,,,,,,,,只在工作区的对比页或拒绝页（C2 专用）出现，不在公开路线上,,0,,,,0,,,
E556,X,X 不在公开路线上,reviewed,10/8 已核,10/8 A 层已核，句子未变,N,,10-08 A,domain-517,D,PASS／FAIL／N/A／拒绝区别（拒绝原因）,WORKSPACE_REFUSAL_REASONS,ruleset-version-differs,The two runs used different rule set versions.,两次用的规则集版本不同。,界面文字（为本界面所写）,,,,N,,,,,,,,,,只在工作区的对比页或拒绝页（C2 专用）出现，不在公开路线上,,0,,,,0,,,
E557,X,X 不在公开路线上,reviewed,10/8 已核,10/8 A 层已核，句子未变,N,,10-08 A,domain-517,D,PASS／FAIL／N/A／拒绝区别（拒绝原因）,WORKSPACE_REFUSAL_REASONS,ruleset-digest-differs,The two runs used different rule set content (the content digests differ).,两次用的规则集内容不同（内容摘要不同）。,界面文字（为本界面所写）,,,,N,,,,,,,,,,只在工作区的对比页或拒绝页（C2 专用）出现，不在公开路线上,,0,,,,0,,,
E558,X,X 不在公开路线上,reviewed,10/8 已核,10/8 A 层已核，句子未变,N,,10-08 A,domain-517,D,PASS／FAIL／N/A／拒绝区别（拒绝原因）,WORKSPACE_REFUSAL_REASONS,requirement-set-differs,The two runs did not evaluate the same set of requirements.,两次评估的不是同一组要求。,界面文字（为本界面所写）,,,,N,,,,,,,,,,只在工作区的对比页或拒绝页（C2 专用）出现，不在公开路线上,,0,,,,0,,,
E559,X,X 不在公开路线上,reviewed,10/8 已核,10/8 A 层已核，句子未变,N,,10-08 A,domain-517,D,PASS／FAIL／N/A／拒绝区别（拒绝原因）,WORKSPACE_REFUSAL_REASONS,requirement-semantics-not-recorded,"One run did not record the predicate digest of a requirement, so it cannot be shown that both are the same check.",有一次运行没有记录某条要求的谓词摘要，无法证明两次是同一个检查。,界面文字（为本界面所写）,,,,N,,,,,,,,,,只在工作区的对比页或拒绝页（C2 专用）出现，不在公开路线上,,0,,,,0,,,
E560,X,X 不在公开路线上,reviewed,10/8 已核,10/8 A 层已核，句子未变,N,,10-08 A,domain-517,D,PASS／FAIL／N/A／拒绝区别（拒绝原因）,WORKSPACE_REFUSAL_REASONS,requirement-semantics-differs,The same requirement has a different predicate in the two runs: what is checked was changed.,同一条要求，两次的谓词不同：检查的内容改过。,界面文字（为本界面所写）,,,,N,,,,,,,,,,只在工作区的对比页或拒绝页（C2 专用）出现，不在公开路线上,,0,,,,0,,,
E561,X,X 不在公开路线上,reviewed,10/8 已核,10/8 A 层已核，句子未变,N,,10-08 A,domain-517,D,PASS／FAIL／N/A／拒绝区别（拒绝原因）,WORKSPACE_REFUSAL_REASONS,checker-differs,"The two runs used different checkers, versions or configuration.",两次的检查程序、版本或配置不同。,界面文字（为本界面所写）,,,,N,,,,,,,,,,只在工作区的对比页或拒绝页（C2 专用）出现，不在公开路线上,,0,,,,0,,,
E562,X,X 不在公开路线上,reviewed,10/8 已核,10/8 A 层已核，句子未变,N,,10-08 A,domain-517,D,PASS／FAIL／N/A／拒绝区别（拒绝原因）,WORKSPACE_REFUSAL_REASONS,as-of-differs,The two runs have different logical dates.,两次运行的逻辑日期不同。,界面文字（为本界面所写）,,,,N,,,,,,,,,,只在工作区的对比页或拒绝页（C2 专用）出现，不在公开路线上,,0,,,,0,,,
E563,X,X 不在公开路线上,reviewed,10/8 已核,10/8 A 层已核，句子未变,N,,10-08 A,domain-517,D,PASS／FAIL／N/A／拒绝区别（拒绝原因）,WORKSPACE_REFUSAL_REASONS,model-set-differs,The two runs did not check the same set of models.,两次检查的不是同一组模型。,界面文字（为本界面所写）,,,,N,,,,,,,,,,只在工作区的对比页或拒绝页（C2 专用）出现，不在公开路线上,,0,,,,0,,,
