id,batch,tier,group,record_class,d6_category,table,key,en_text,zh_text,source,en_wording_commit,en_pr,zh_first_seen_commit,zh_wording_commit,zh_pr,zh_note,touched_by_27_31,change_note,reuse_en,reuse_zh,en_pages,en_page_kinds,en_page_example,en_max_occurrences,en_context,zh_pages,zh_page_kinds,zh_page_example,zh_max_occurrences,zh_context
E001,10-08,A,original-12,O,活动名,ACTIVITY_NAMES,builders-work-openings.name,Builder's-work openings,土建预留开洞,Pack 的 label／产品文档原句（逐字）,39ae8ba,#33,542636a,542636a,#21,,,,,,84,fixture/recheck ×61; fixture/result ×12; fixture/item ×10; fixture/first ×1,#/fixture/member-evidence,7,Not a known model defect: no coordination review has determined yet whether it passes through the re ‹ Builder's-work openings: Unknown › 2 items,0,,,0,
E002,10-08,A,original-12,O,活动名,ACTIVITY_NAMES,builders-work-openings.needs,"Needs to know where MEP penetrates architectural fabric, so openings can be cut in walls, floors and roof.",要知道交出方的构件在哪里穿过墙、楼板和屋顶，才能在这些构件上开洞。,Pack 的 label／产品文档原句（逐字）,39ae8ba,#33,542636a,542636a,#21,,,,,,10,fixture/item ×10,#/fixture/member-evidence/item/0/2/0,1,"What this work needs ‹ Needs to know where MEP penetrates architectural fabric, so openings can be cut in walls, floors and roof. › 2. What to do, who deals with it, what a recheck must show",9,fixture/item ×9,#/fixture/member-evidence/item/0/2/0,1,这项工作需要什么 ‹ 要知道交出方的构件在哪里穿过墙、楼板和屋顶，才能在这些构件上开洞。 › 二、要做什么、由谁处理、完成后拿什么复检
E003,10-08,A,original-12,O,活动名,ACTIVITY_NAMES,ceiling-and-bulkhead-geometry.name,Reflected ceiling and bulkhead layout,吊顶平面与包封布置,Pack 的 label／产品文档原句（逐字）,39ae8ba,#33,542636a,968422d,#21,,,,,,69,fixture/recheck ×49; fixture/result ×11; fixture/item ×8; fixture/first ×1,#/fixture/member-evidence,7,Not a known model defect: the storey or space check did not cover it ‹ Reflected ceiling and bulkhead layout: Unknown › Problem: Not a known model defect: the storey or space check did not cover it,0,,,0,
E004,10-08,A,original-12,O,活动名,ACTIVITY_NAMES,ceiling-and-bulkhead-geometry.needs,"Needs to know where MEP equipment physically is, in which storey, so ceiling zones and bulkheads can be drawn around it.",要知道交出方的设备在哪一层、在什么位置，才能围着它画吊顶分区和包封。,Pack 的 label／产品文档原句（逐字）,39ae8ba,#33,542636a,542636a,#21,,,,,,8,fixture/item ×8,#/fixture/member-evidence/item/1/1/0,1,"What this work needs ‹ Needs to know where MEP equipment physically is, in which storey, so ceiling zones and bulkheads can be drawn around it. › 2. What to do, who deals with it, what a recheck must show",8,fixture/item ×8,#/fixture/member-evidence/item/1/1/0,1,这项工作需要什么 ‹ 要知道交出方的设备在哪一层、在什么位置，才能围着它画吊顶分区和包封。 › 二、要做什么、由谁处理、完成后拿什么复检
E005,10-08,A,original-12,O,活动名,ACTIVITY_NAMES,schedules-and-room-data-sheets.name,Room data sheets and equipment schedules,房间数据表与设备明细表,Pack 的 label／产品文档原句（逐字）,39ae8ba,#33,542636a,542636a,#21,,,,,,69,fixture/recheck ×49; fixture/result ×11; fixture/item ×8; fixture/first ×1,#/fixture/member-evidence,7,Not a known model defect: the existing asset-identity rules did not cover this element ‹ Room data sheets and equipment schedules: Unknown › 1 item,0,,,0,
E006,10-08,A,original-12,O,活动名,ACTIVITY_NAMES,schedules-and-room-data-sheets.needs,"Needs each piece of equipment to carry the project's asset identity, so a schedule can be keyed to it.",要每件设备都带有项目的资产标识，明细表才能按它编排。,Pack 的 label／产品文档原句（逐字）,39ae8ba,#33,542636a,542636a,#21,,,,,,8,fixture/item ×8,#/fixture/member-evidence/item/2/1/0,1,"What this work needs ‹ Needs each piece of equipment to carry the project's asset identity, so a schedule can be keyed to it. › 2. What to do, who deals with it, what a recheck must show",7,fixture/item ×7,#/fixture/member-evidence/item/2/2/0,1,这项工作需要什么 ‹ 要每件设备都带有项目的资产标识，明细表才能按它编排。 › 二、要做什么、由谁处理、完成后拿什么复检
E007,10-08,A,original-12,O,英文判断词,VERDICT_LABELS,READY,Ready,可以开始,记录的判断码（首字母大写）,39ae8ba,#33,968422d,968422d,#21,,,,,,180,fixture/recheck ×141; fixture/item ×26; fixture/result ×12; fixture/first ×1,#/fixture/member-evidence,1,building element ‹ Ready › This conclusion rests on simulated evidence:Simulated human determination ×1,161,fixture/recheck ×125; fixture/item ×24; fixture/result ×10; fixture/first ×2,#/fixture/member-evidence,1,building element ‹ 可以开始 › 这个结论建立在模拟证据上：模拟的人工判定 ×1
E008,10-08,A,original-12,O,英文判断词,VERDICT_LABELS,BLOCKED,Blocked,受阻,记录的判断码（首字母大写）,39ae8ba,#33,968422d,968422d,#21,,,,,,180,fixture/recheck ×141; fixture/item ×26; fixture/result ×12; fixture/first ×1,#/fixture/member-evidence,1,This result: 13 in all; to deal with: 8 ‹ Blocked › 4 items: the work concerned is Blocked,161,fixture/recheck ×125; fixture/item ×24; fixture/result ×10; fixture/first ×2,#/fixture/member-evidence,1,本次结果：共 13 个事项，其中 8 个需要处理 ‹ 受阻 › 4 个事项：对应的那项工作 受阻
E009,10-08,A,original-12,O,英文判断词,VERDICT_LABELS,UNKNOWN,Unknown,无法判断,记录的判断码（首字母大写）,39ae8ba,#33,968422d,968422d,#21,,,,,,180,fixture/recheck ×141; fixture/item ×26; fixture/result ×12; fixture/first ×1,#/fixture/member-evidence,1,4 items: the work concerned is Blocked ‹ Unknown › 4 items: the work concerned is Unknown,161,fixture/recheck ×125; fixture/item ×24; fixture/result ×10; fixture/first ×2,#/fixture/member-evidence,1,4 个事项：对应的那项工作 受阻 ‹ 无法判断 › 4 个事项：对应的那项工作 无法判断
E010,10-08,A,original-12,O,英文判断词,VERDICT_WORDS,READY,"Every piece of necessary evidence is present and satisfies the applicable acceptance conditions, and there is no unresolved blocker and no evidence gap. The activity can start, within the assessed scope",必要的证据齐全且满足验收条件，没有未解决的阻碍，也没有证据缺口：在本次评估范围内，这项工作可以开始,产品文档的判断词定义（逐字）,39ae8ba,#33,f4a984f,542636a,#21,,,,,,180,fixture/recheck ×141; fixture/item ×26; fixture/result ×12; fixture/first ×1,#/fixture/member-evidence,1,"The three conclusion words ‹ Ready: Every piece of necessary evidence is present and satisfies the applicable acceptance conditions, and there is no unresolved blocker and no evidence gap. The activity can start, within the assessed scope. › Blocked: A known unmet requirement prevents the activity.",161,fixture/recheck ×125; fixture/item ×24; fixture/result ×10; fixture/first ×2,#/fixture/member-evidence,1,三个判断词 ‹ 可以开始：必要的证据齐全且满足验收条件，没有未解决的阻碍，也没有证据缺口：在本次评估范围内，这项工作可以开始。 › 受阻：有一项已知未满足的要求，阻止这项工作。
E011,10-08,A,original-12,O,英文判断词,VERDICT_WORDS,BLOCKED,A known unmet requirement prevents the activity,有一项已知未满足的要求，阻止这项工作,产品文档的判断词定义（逐字）,39ae8ba,#33,f4a984f,542636a,#21,,,,,,180,fixture/recheck ×141; fixture/item ×26; fixture/result ×12; fixture/first ×1,#/fixture/member-evidence,1,Ready: Every piece of necessary evidence is present and satisfies the applicable acceptance conditio ‹ Blocked: A known unmet requirement prevents the activity. › Unknown: An evidence gap makes the activity undecidable — the evidence needed to answer the question,161,fixture/recheck ×125; fixture/item ×24; fixture/result ×10; fixture/first ×2,#/fixture/member-evidence,1,可以开始：必要的证据齐全且满足验收条件，没有未解决的阻碍，也没有证据缺口：在本次评估范围内，这项工作可以开始。 ‹ 受阻：有一项已知未满足的要求，阻止这项工作。 › 无法判断：回答这个问题所需的证据没有产生，这项工作能否开始无法决定：既不能放行，也不能拒绝。
E012,10-08,A,original-12,O,英文判断词,VERDICT_WORDS,UNKNOWN,"An evidence gap makes the activity undecidable — the evidence needed to answer the question was never produced, so neither release nor refusal can be justified",回答这个问题所需的证据没有产生，这项工作能否开始无法决定：既不能放行，也不能拒绝,产品文档的判断词定义（逐字）,39ae8ba,#33,f4a984f,542636a,#21,,,,,,180,fixture/recheck ×141; fixture/item ×26; fixture/result ×12; fixture/first ×1,#/fixture/member-evidence,1,"Blocked: A known unmet requirement prevents the activity. ‹ Unknown: An evidence gap makes the activity undecidable — the evidence needed to answer the question was never produced, so neither release nor refusal can be justified. › Each conclusion is about one piece of the receiving side's work, this item within this assessment's",161,fixture/recheck ×125; fixture/item ×24; fixture/result ×10; fixture/first ×2,#/fixture/member-evidence,1,受阻：有一项已知未满足的要求，阻止这项工作。 ‹ 无法判断：回答这个问题所需的证据没有产生，这项工作能否开始无法决定：既不能放行，也不能拒绝。 › 每个判断只针对接收方的一项工作、本次评估范围内的这一项，以及所列的模型版本；它不是“模型好不好”的总评，也不是“某项检查通过了”。
E013,10-08,A,domain-new-20,D,源修改与复检行动（#40 新增的英文）,ACTIONS,missing-project-asset-identity.action,"In the source model, add to this element the asset-identity properties the project's convention requires (see the property sets and property names listed), then re-export the model",在源模型里给这个构件补上本项目约定的资产标识属性（见所列属性集和属性名），重新导出,界面文字（为本界面所写）,295da77,#40,968422d,968422d,#21,,,已由 #40 修改，待 BIM 复核（en 新增）,,,49,fixture/recheck ×32; fixture/result ×10; fixture/item ×6; fixture/first ×1,#/fixture/member-evidence,3,"Problem: The project's required asset identity is missing ‹ In the source model, add to this element the asset-identity properties the project's convention requires (see the property sets and property names listed), then re-export the model › One elementchimney coverRoom data sheets and equipment schedules: BlockedBasis of this conclusion:Re",44,fixture/recheck ×28; fixture/result ×8; fixture/item ×6; fixture/first ×2,#/fixture/member-evidence,3,问题：缺少本项目约定的资产标识 ‹ 在源模型里给这个构件补上本项目约定的资产标识属性（见所列属性集和属性名），重新导出 › 一个构件chimney cover房间数据表与设备明细表：受阻这个结论的依据：真实检查输出 ×2 问题：缺少本项目约定的资产标识构件信息和要做什么风口 IfcAirTerminal · 00 grou
E014,10-08,A,domain-new-20,D,源修改与复检行动（#40 新增的英文）,ACTIONS,missing-project-asset-identity.recheck,"On the reissued model, this element passes every requirement listed, and no element in the scope is left unevaluated",重新发布的模型上，这个构件在所列每条要求下都通过，范围内没有构件漏评,界面文字（为本界面所写）,295da77,#40,968422d,968422d,#21,,,已由 #40 修改，待 BIM 复核（en 新增）,,,36,fixture/recheck ×30; fixture/item ×6,#/fixture/member-evidence/item/2/2/0,2,"What a recheck must show ‹ On the reissued model, this element passes every requirement listed, and no element in the scope is left unevaluated › Source wording (as the record carries it): for tracing, not an instruction",33,fixture/recheck ×27; fixture/item ×6,#/fixture/member-evidence/item/2/2/0,2,完成后拿什么复检 ‹ 重新发布的模型上，这个构件在所列每条要求下都通过，范围内没有构件漏评 › 来源原文（英文，记录所带）：供追溯，不是操作指令
E015,10-08,A,domain-new-20,D,源修改与复检行动（#40 新增的英文）,ACTIONS,asset-identity-not-evaluated.action,"The existing asset-identity rules do not reach this element, so whether it has an asset identity has not been evaluated, and it cannot be judged to be missing one; for the same reason, whether this work can start cannot be decided. First confirm whether the project's convention requires this element to have an asset identity, and whether the rules should reach it. Until that is confirmed, this does not mean it must have one.",现有资产标识规则没有覆盖到这个构件，所以它有没有资产标识还没有被评估，不能判断是否缺少；这项工作能否开始也因此无法判断。先确认项目约定是否要求它具备资产标识，以及规则该不该覆盖到它。在确认之前，这不表示它必须具备资产标识。,界面文字（为本界面所写）,295da77,#40,968422d,fd1fe79,#23,,,已由 #40 修改，待 BIM 复核（en 新增）,,,33,fixture/recheck ×19; fixture/result ×11; fixture/item ×2; fixture/first ×1,#/fixture/member-evidence,1,"IfcChimney (IFC class) · 00 groundfloor · model hvac ‹ The existing asset-identity rules do not reach this element, so whether it has an asset identity has not been evaluated, and it cannot be judged to be missing one; for the same reason, whether this work can start cannot be decided. First confirm whether the project's convention requires this element to have an asset identity, and whether the rules should rea › One elementhouse - chimneyRoom data sheets and equipment schedules: UnknownBasis of this conclusion:",28,fixture/recheck ×16; fixture/result ×9; fixture/first ×2; fixture/item ×1,#/fixture/member-evidence,1,烟囱 IfcChimney · 00 groundfloor · 模型 hvac ‹ 现有资产标识规则没有覆盖到这个构件，所以它有没有资产标识还没有被评估，不能判断是否缺少；这项工作能否开始也因此无法判断。先确认项目约定是否要求它具备资产标识，以及规则该不该覆盖到它。在确认之前，这不表示它必须具备资产标识。 › 一个构件house - chimney房间数据表与设备明细表：无法判断这个结论的依据：没有任何检查结果（真实的缺席） ×1 问题：不是已知的模型缺陷：现有资产标识规则没有覆盖到这个构件构件信息和要做什
E016,10-08,A,domain-new-20,D,源修改与复检行动（#40 新增的英文）,ACTIONS,asset-identity-not-evaluated.recheck,Every element in the scope has an evaluation result under the requirements bound to it,范围内每个构件在所绑定的要求下都有评估结果,界面文字（为本界面所写）,295da77,#40,968422d,968422d,#21,,,已由 #40 修改，待 BIM 复核（en 新增）,,,12,fixture/recheck ×10; fixture/item ×2,#/fixture/member-evidence/item/2/1/0,2,"What a recheck must show ‹ Every element in the scope has an evaluation result under the requirements bound to it › Source wording (as the record carries it): for tracing, not an instruction",9,fixture/recheck ×8; fixture/item ×1,#/fixture/pair-verdicts/item/2/1/0,2,完成后拿什么复检 ‹ 范围内每个构件在所绑定的要求下都有评估结果 › 来源原文（英文，记录所带）：供追溯，不是操作指令
E017,10-08,A,domain-new-20,D,源修改与复检行动（#40 新增的英文）,ACTIONS,in-model-position-not-evaluated.action,"This is not a known model defect, and the model does not need changing. The spatial-assignment check rules do not reach this element; the rules' scope of application needs to be extended",这不是已知的模型缺陷，也不需要改模型。空间归属的检查规则没有覆盖到这个构件，需要扩展规则的适用范围,界面文字（为本界面所写）,295da77,#40,968422d,fd1fe79,#23,,,已由 #40 修改，待 BIM 复核（en 新增）,,,33,fixture/recheck ×19; fixture/result ×11; fixture/item ×2; fixture/first ×1,#/fixture/member-evidence,1,"Problem: Not a known model defect: the storey or space check did not cover it ‹ This is not a known model defect, and the model does not need changing. The spatial-assignment check rules do not reach this element; the rules' scope of application needs to be extended › One elementhouse - chimneyReflected ceiling and bulkhead layout: UnknownBasis of this conclusion:no",30,fixture/recheck ×17; fixture/result ×9; fixture/item ×2; fixture/first ×2,#/fixture/member-evidence,1,问题：不是已知的模型缺陷：楼层或空间归属的检查没有覆盖到它 ‹ 这不是已知的模型缺陷，也不需要改模型。空间归属的检查规则没有覆盖到这个构件，需要扩展规则的适用范围 › 一个构件house - chimney吊顶平面与包封布置：无法判断这个结论的依据：没有任何检查结果（真实的缺席） ×1 “无法判断”说的是这项工作能否开始无法判断：不等于这个构件没有问题，也不是系统出
E018,10-08,A,domain-new-20,D,源修改与复检行动（#40 新增的英文）,ACTIONS,in-model-position-not-evaluated.recheck,Every element in the scope has a check result under the requirements bound to it,范围内每个构件在所绑定的要求下都有检查结果,界面文字（为本界面所写）,295da77,#40,968422d,968422d,#21,,,已由 #40 修改，待 BIM 复核（en 新增）,,,12,fixture/recheck ×10; fixture/item ×2,#/fixture/member-evidence/item/1/1/0,2,"What a recheck must show ‹ Every element in the scope has a check result under the requirements bound to it › Source wording (as the record carries it): for tracing, not an instruction",11,fixture/recheck ×9; fixture/item ×2,#/fixture/member-evidence/item/1/1/0,2,完成后拿什么复检 ‹ 范围内每个构件在所绑定的要求下都有检查结果 › 来源原文（英文，记录所带）：供追溯，不是操作指令
E019,10-08,A,domain-new-20,D,源修改与复检行动（#40 新增的英文）,ACTIONS,penetration-not-determined.action,This is not a known model defect. No coordination review has yet determined whether it passes through the receiving side's elements; hold a review and record either “no penetration” or which elements it passes through,这不是已知的模型缺陷。还没有协调评审判定它是否穿过接收方的构件；需要开一次评审，记录“不穿过”或写明穿过哪些构件,界面文字（为本界面所写）,295da77,#40,968422d,968422d,#21,,,已由 #40 修改，待 BIM 复核（en 新增）,,,49,fixture/recheck ×33; fixture/result ×11; fixture/item ×4; fixture/first ×1,#/fixture/member-evidence,3,What to do ‹ This is not a known model defect. No coordination review has yet determined whether it passes through the receiving side's elements; hold a review and record either “no penetration” or which elements it passes through › See this item,43,fixture/recheck ×29; fixture/result ×9; fixture/item ×3; fixture/first ×2,#/fixture/member-evidence,3,要做什么 ‹ 这不是已知的模型缺陷。还没有协调评审判定它是否穿过接收方的构件；需要开一次评审，记录“不穿过”或写明穿过哪些构件 › 查看这一项
E020,10-08,A,domain-new-20,D,源修改与复检行动（#40 新增的英文）,ACTIONS,penetration-not-determined.recheck,A recorded review determination exists for the model versions listed,针对所列模型版本，有一份评审判定记录,界面文字（为本界面所写）,295da77,#40,968422d,968422d,#21,,,已由 #40 修改，待 BIM 复核（en 新增）,,,28,fixture/recheck ×24; fixture/item ×4,#/fixture/member-evidence/item/0/2/0,2,"What a recheck must show ‹ A recorded review determination exists for the model versions listed › Source wording (as the record carries it): for tracing, not an instruction",24,fixture/recheck ×21; fixture/item ×3,#/fixture/member-evidence/item/0/2/0,2,完成后拿什么复检 ‹ 针对所列模型版本，有一份评审判定记录 › 来源原文（英文，记录所带）：供追溯，不是操作指令
E021,10-08,A,domain-new-20,D,源修改与复检行动（#40 新增的英文）,ACTIONS,missing-corresponding-opening.action,"In the receiving side's model, model an opening or shaft in the element it passes through, not a void in the handing-over side's model. One opening for each element it passes through",在接收方模型里、被穿过的构件上建出洞口或竖井，不要做成交出方模型里的空洞。穿过几个构件就要几个洞口,界面文字（为本界面所写）,295da77,#40,968422d,968422d,#21,,,已由 #40 修改，待 BIM 复核（en 新增）,,,18,fixture/recheck ×9; fixture/result ×6; fixture/item ×2; fixture/first ×1,#/fixture/member-evidence,1,"house - roof: IfcRoof (IFC class) · No storey assignment in the model · model architecture ‹ In the receiving side's model, model an opening or shaft in the element it passes through, not a void in the handing-over side's model. One opening for each element it passes through › A pair of elementshouse - chimney and house - roofBuilder's-work openings: BlockedThis conclusion re",15,fixture/recheck ×7; fixture/result ×4; fixture/item ×2; fixture/first ×2,#/fixture/member-evidence,1,house - roof：屋顶 IfcRoof · 模型中没有楼层归属 · 模型 architecture ‹ 在接收方模型里、被穿过的构件上建出洞口或竖井，不要做成交出方模型里的空洞。穿过几个构件就要几个洞口 › 一对构件house - chimney 与 house - roof土建预留开洞：受阻这个结论建立在模拟证据上：模拟的人工判定 ×2 问题：它穿过的构件上没有建出对应的洞口构件信息和要做什么house
E022,10-08,A,domain-new-20,D,源修改与复检行动（#40 新增的英文）,ACTIONS,missing-corresponding-opening.recheck,The opening check for this pair reports “opening modelled and cross-referenced”. Modelling the opening alone is not enough,这一对的开洞核查结果为“洞口已建且已关联”。只建洞不够,界面文字（为本界面所写）,295da77,#40,968422d,968422d,#21,,,已由 #40 修改，待 BIM 复核（en 新增）,,,13,fixture/recheck ×11; fixture/item ×2,#/fixture/member-evidence/item/0/4/0,2,"What a recheck must show ‹ The opening check for this pair reports “opening modelled and cross-referenced”. Modelling the opening alone is not enough › Source wording (as the record carries it): for tracing, not an instruction",12,fixture/recheck ×10; fixture/item ×2,#/fixture/member-evidence/item/0/4/0,2,完成后拿什么复检 ‹ 这一对的开洞核查结果为“洞口已建且已关联”。只建洞不够 › 来源原文（英文，记录所带）：供追溯，不是操作指令
E023,10-08,A,domain-new-20,D,源修改与复检行动（#40 新增的英文）,ACTIONS,cross-model-alignment-not-confirmed.action,"This is not a known misalignment. No one has yet confirmed, by the method the project accepts, that the two models are aligned; do this once against the model versions listed, and record it",这不是已知的错位。还没有人按项目接受的方法确认两侧模型对齐；需要针对所列模型版本做一次并记录,界面文字（为本界面所写）,295da77,#40,968422d,968422d,#21,,,已由 #40 修改，待 BIM 复核（en 新增）,,,24,fixture/recheck ×19; fixture/result ×5,#/fixture/recheck-both-reissued,3,"Reflected ceiling and bulkhead layout: before the recheck Ready → now Unknown ‹ This is not a known misalignment. No one has yet confirmed, by the method the project accepts, that the two models are aligned; do this once against the model versions listed, and record it › One elementchimney coverIfcAirTerminal (IFC class) · 00 groundfloor · model hvacReflected ceiling an",24,fixture/recheck ×19; fixture/result ×5,#/fixture/recheck-both-reissued,3,吊顶平面与包封布置：复检前 可以开始 → 现在 无法判断 ‹ 这不是已知的错位。还没有人按项目接受的方法确认两侧模型对齐；需要针对所列模型版本做一次并记录 › 一个构件chimney cover风口 IfcAirTerminal · 00 groundfloor · 模型 hvac吊顶平面与包封布置：复检前 可以开始 → 现在 无法判断 同组事项共用的依据，
E024,10-08,A,domain-new-20,D,源修改与复检行动（#40 新增的英文）,ACTIONS,cross-model-alignment-not-confirmed.recheck,"The alignment confirmation has been done and reports the models aligned, naming the model versions",对齐确认已做，结果为已对齐，写明模型版本,界面文字（为本界面所写）,295da77,#40,968422d,968422d,#21,,,已由 #40 修改，待 BIM 复核（en 新增）,,,14,fixture/recheck ×14,#/fixture/recheck-both-reissued/recheck/5/0,1,"What a recheck must show ‹ The alignment confirmation has been done and reports the models aligned, naming the model versions › Source wording (as the record carries it): for tracing, not an instruction",14,fixture/recheck ×14,#/fixture/recheck-both-reissued/recheck/5/0,1,完成后拿什么复检 ‹ 对齐确认已做，结果为已对齐，写明模型版本 › 来源原文（英文，记录所带）：供追溯，不是操作指令
E025,10-08,A,domain-new-20,D,源修改与复检行动（#40 新增的英文）,ACTIONS,mep-element-not-spatially-assigned.action,"In the source model, place the element on its correct level and in its correct space, then re-export",在源模型里把构件放到正确的标高和空间上，重新导出,界面文字（为本界面所写）,295da77,#40,968422d,968422d,#21,,,已由 #40 修改，待 BIM 复核（en 新增）,,,0,,,0,,0,,,0,
E026,10-08,A,domain-new-20,D,源修改与复检行动（#40 新增的英文）,ACTIONS,mep-element-not-spatially-assigned.recheck,"On the reissued model, this element passes its spatial-assignment requirement",重新发布的模型上，这个构件的空间归属要求通过,界面文字（为本界面所写）,295da77,#40,968422d,968422d,#21,,,已由 #40 修改，待 BIM 复核（en 新增）,,,0,,,0,,0,,,0,
E027,10-08,A,domain-new-20,D,源修改与复检行动（#40 新增的英文）,ACTIONS,cross-model-misalignment.action,"Re-acquire the project's shared coordinate datum, re-export against the shared origin (not by moving geometry), then redo the alignment confirmation by the method the project accepts",重新获取项目共用的坐标基准，按共用原点重新导出（不靠移动几何），再按项目接受的方法重做对齐确认,界面文字（为本界面所写）,295da77,#40,968422d,968422d,#21,,,已由 #40 修改，待 BIM 复核（en 新增）,,,0,,,0,,0,,,0,
E028,10-08,A,domain-new-20,D,源修改与复检行动（#40 新增的英文）,ACTIONS,cross-model-misalignment.recheck,The alignment confirmation is redone against the new versions and reports the models aligned,针对新版本重做对齐确认，结果为已对齐,界面文字（为本界面所写）,295da77,#40,968422d,968422d,#21,,,已由 #40 修改，待 BIM 复核（en 新增）,,,0,,,0,,0,,,0,
E029,10-08,A,domain-new-20,D,源修改与复检行动（#40 新增的英文）,ACTIONS,opening-not-verifiably-linked.action,"In the receiving side's model, add to the opening a cross-reference back to the element that passes through it. Where several elements pass through one opening, each needs its own",在接收方模型里，给洞口补上指回穿过它的那个构件的关联。一个洞口供几个构件穿过，每个各要一条,界面文字（为本界面所写）,295da77,#40,968422d,968422d,#21,,,已由 #40 修改，待 BIM 复核（en 新增）,,,0,,,0,,0,,,0,
E030,10-08,A,domain-new-20,D,源修改与复检行动（#40 新增的英文）,ACTIONS,opening-not-verifiably-linked.recheck,The cross-reference check for this pair reports the opening cross-referenced,这一对的关联核查结果为已关联,界面文字（为本界面所写）,295da77,#40,968422d,968422d,#21,,,已由 #40 修改，待 BIM 复核（en 新增）,,,0,,,0,,0,,,0,
E031,10-08,A,domain-new-20,D,源修改与复检行动（#40 新增的英文）,ACTIONS,opening-status-not-determined.action,"This is not a known missing opening. The review of the opening is not complete: whether it is modelled, and whether it is cross-referenced",这不是已知的缺洞。开洞情况的评审没完成：洞口是否已建、是否已关联,界面文字（为本界面所写）,295da77,#40,968422d,968422d,#21,,,已由 #40 修改，待 BIM 复核（en 新增）,,,0,,,0,,0,,,0,
E032,10-08,A,domain-new-20,D,源修改与复检行动（#40 新增的英文）,ACTIONS,opening-status-not-determined.recheck,The check gives a definite result (cross-referenced / modelled but not cross-referenced / not modelled),核查给出明确结果（已关联／已建未关联／未建）,界面文字（为本界面所写）,295da77,#40,968422d,968422d,#21,,,已由 #40 修改，待 BIM 复核（en 新增）,,,0,,,0,,0,,,0,
E033,10-08,A,domain-517,D,源修改与复检行动,ACTION_GROUPS,open.label,Items to deal with,需要处理的事项,界面文字（为本界面所写）,39ae8ba,#33,f4a984f,968422d,#21,,,,,,23,fixture/result ×12; fixture/recheck ×10; fixture/first ×1,#/fixture/member-evidence,1,"An item is the conclusion for one element (or a pair of elements assessed together) on one piece of ‹ Items to deal with, by handling team (8 items) › Example handling team",0,,,0,
E034,10-08,A,domain-517,D,源修改与复检行动,ACTION_GROUPS,open.summary,the record gives an action,记录给出了处理动作,界面文字（为本界面所写）,39ae8ba,#33,f4a984f,968422d,#21,,,,,,20,fixture/result ×10; fixture/recheck ×10,#/fixture/recheck-requirement-relaxed,1,This result: 13 items ‹ 7 items: the record gives an action › 6 items: the record gives no follow-up action,0,,,0,
E035,10-08,A,domain-517,D,源修改与复检行动,ACTION_GROUPS,open.none,The record gives no action for any item.,记录没有为任何一个事项给出处理动作。,界面文字（为本界面所写）,39ae8ba,#33,f4a984f,968422d,#21,,,,,,2,fixture/result ×1; fixture/recheck ×1,#/fixture/recheck-comparison,1,Items to deal with (0 items) ‹ The record gives no action for any item. › Items to check by hand (1 item),2,fixture/result ×1; fixture/recheck ×1,#/fixture/recheck-comparison,1,需要处理的事项（0 个事项） ‹ 记录没有为任何一个事项给出处理动作。 › 需要人工核对的事项（1 个事项）
E036,10-08,A,domain-517,D,源修改与复检行动,ACTION_GROUPS,open.note,"Each item's page says which elements it involves, what to do, who deals with it and what a recheck must show.",每个事项的页面写明涉及的构件、要做什么、由谁处理、完成后拿什么复检。,界面文字（为本界面所写）,39ae8ba,#33,f4a984f,968422d,#21,,,,,,18,fixture/result ×9; fixture/recheck ×9,#/fixture/recheck-requirement-relaxed,1,"Items to deal with (7 items) ‹ Each item's page says which elements it involves, what to do, who deals with it and what a recheck must show. › (IFC class)",15,fixture/recheck ×8; fixture/result ×7,#/fixture/recheck-both-reissued,1,需要处理的事项（11 个事项） ‹ 每个事项的页面写明涉及的构件、要做什么、由谁处理、完成后拿什么复检。 › IfcDuctSegment
E037,10-08,A,domain-517,D,源修改与复检行动,ACTION_GROUPS,unplaced.label,Items to check by hand,需要人工核对的事项,界面文字（为本界面所写）,39ae8ba,#33,f4a984f,968422d,#21,,,,,,12,fixture/result ×6; fixture/recheck ×6,#/fixture/recheck-both-reissued,1,One elementbuilding elementIfcDuctSegment (IFC class) · 00 groundfloor · model hvacRoom data sheets ‹ Items to check by hand (2 items) › The record does not say what these items' conclusions are now. An element that is gone does not mean,0,,,0,
E038,10-08,A,domain-517,D,源修改与复检行动,ACTION_GROUPS,unplaced.summary,the record gives no current state; check by hand,记录没有给出当前情况，需要人工核对,界面文字（为本界面所写）,39ae8ba,#33,f4a984f,968422d,#21,,,,,,12,fixture/result ×6; fixture/recheck ×6,#/fixture/recheck-both-reissued,1,11 items: the record gives an action ‹ 2 items: the record gives no current state; check by hand › Models: Both the handing-over and the receiving side's models were re-issued.,12,fixture/result ×6; fixture/recheck ×6,#/fixture/recheck-both-reissued,1,11 个事项：记录给出了处理动作 ‹ 2 个事项：记录没有给出当前情况，需要人工核对 › 模型：交出方和接收方的模型都重新发布了。
E039,10-08,A,domain-517,D,源修改与复检行动,ACTION_GROUPS,unplaced.none,The record gives a current state for every item.,每个事项记录都给出了当前情况。,界面文字（为本界面所写）,39ae8ba,#33,f4a984f,968422d,#21,,,,,,0,,,0,,0,,,0,
E040,10-08,A,domain-517,D,源修改与复检行动,ACTION_GROUPS,unplaced.note,The record does not say what these items' conclusions are now. An element that is gone does not mean the problem was fixed.,这些事项现在是什么判断，记录没有说。构件不在了不代表问题已修复。,界面文字（为本界面所写）,39ae8ba,#33,f4a984f,968422d,#21,,,,VERDICT_GROUPS.unplaced.note,,12,fixture/result ×6; fixture/recheck ×6,#/fixture/recheck-both-reissued,1,Items to check by hand (2 items) ‹ The record does not say what these items' conclusions are now. An element that is gone does not mean the problem was fixed. › house - chimney: IfcChimney (IFC class) · 00 groundfloor · model hvac,12,fixture/result ×6; fixture/recheck ×6,#/fixture/recheck-both-reissued,1,需要人工核对的事项（2 个事项） ‹ 这些事项现在是什么判断，记录没有说。构件不在了不代表问题已修复。 › house - chimney：烟囱 IfcChimney · 00 groundfloor · 模型 hvac
E041,10-08,A,domain-517,D,源修改与复检行动,ACTION_GROUPS,none.label,Items for which the record gives no follow-up action,记录没有给出后续处理动作的事项,界面文字（为本界面所写）,39ae8ba,#33,f4a984f,968422d,#21,,,,,,13,fixture/result ×7; fixture/recheck ×5; fixture/first ×1,#/fixture/member-evidence,1,"One elementhouse - chimneyReflected ceiling and bulkhead layout: UnknownBasis of this conclusion:no ‹ Items for which the record gives no follow-up action (5 items) › The record gives no follow-up action for the items below. Each line's conclusion stands on its own,",11,fixture/result ×5; fixture/recheck ×4; fixture/first ×2,#/fixture/member-evidence,1,一个构件house - chimney吊顶平面与包封布置：无法判断这个结论的依据：没有任何检查结果（真实的缺席） ×1 “无法判断”说的是这项工作能否开始无法判断：不等于这个构件没有问题，也不是系统出 ‹ 记录没有给出后续处理动作的事项（5 个事项） › 记录没有为下面这些事项给出后续处理动作。每一行的结论各自成立，范围写在它旁边。
E042,10-08,A,domain-517,D,源修改与复检行动,ACTION_GROUPS,none.summary,the record gives no follow-up action,记录没有给出后续处理动作,界面文字（为本界面所写）,39ae8ba,#33,f4a984f,968422d,#21,,,,,,13,fixture/result ×7; fixture/recheck ×5; fixture/first ×1,#/fixture/member-evidence,2,4 items: the work concerned is Unknown ‹ 5 items: the record gives no follow-up action (listed further down this page) › An item is the conclusion for one element (or a pair of elements assessed together) on one piece of,11,fixture/result ×5; fixture/recheck ×4; fixture/first ×2,#/fixture/member-evidence,2,4 个事项：对应的那项工作 无法判断 ‹ 5 个事项：记录没有给出后续处理动作（列在本页下方） › 一个事项是一个构件（或被放在一起评估的一对构件）在接收方的一项工作上的结论。同一个构件可以出现在几个事项里，所以事项数不是缺陷数。这份记录共涉及 6 个不同的构件。
E043,10-08,A,domain-517,D,源修改与复检行动,ACTION_GROUPS,none.none,There are no such items.,没有这样的事项。,界面文字（为本界面所写）,39ae8ba,#33,f4a984f,968422d,#21,,,,,,0,,,0,,0,,,0,
E044,10-08,A,domain-517,D,源修改与复检行动,ACTION_GROUPS,none.note,"The record gives no follow-up action for the items below. Each line's conclusion stands on its own, with its scope beside it.",记录没有为下面这些事项给出后续处理动作。每一行的结论各自成立，范围写在它旁边。,界面文字（为本界面所写）,39ae8ba,#33,f4a984f,968422d,#21,,,,,,13,fixture/result ×7; fixture/recheck ×5; fixture/first ×1,#/fixture/member-evidence,1,"Items for which the record gives no follow-up action (5 items) ‹ The record gives no follow-up action for the items below. Each line's conclusion stands on its own, with its scope beside it. › building element",11,fixture/result ×5; fixture/recheck ×4; fixture/first ×2,#/fixture/member-evidence,1,记录没有给出后续处理动作的事项（5 个事项） ‹ 记录没有为下面这些事项给出后续处理动作。每一行的结论各自成立，范围写在它旁边。 › building element
E045,10-15,,domain-517,D,复检：比较了哪些方面,ASPECT_NOTES,onlyModelVersion,Only the model version changed; that does not mean the check result's content changed. Nor does the record conclude whether this evidence can carry over to the new version.,只有模型版本变了，不等于检查结果的内容变了。记录也不就“这条证据能否沿用到新版本”下结论。,界面文字（为本界面所写）,50d129b,#34,eb05f61,eb05f61,#21,,,,,,21,fixture/recheck ×21,#/fixture/recheck-both-reissued/recheck/5/0,6,"The citation changed key (the new key is the ""corresponding evidence this record cites"" above). A ch ‹ Only the model version changed; that does not mean the check result's content changed. Nor does the record conclude whether this evidence can carry over to the new version. › changed",21,fixture/recheck ×21,#/fixture/recheck-both-reissued/recheck/5/0,6,引用换了键（新键就是上面“本次记录引用的对应证据”）。换键本身不算变化。 ‹ 只有模型版本变了，不等于检查结果的内容变了。记录也不就“这条证据能否沿用到新版本”下结论。 › changed
E046,10-15,,domain-517,D,复检：比较了哪些方面,ASPECT_NOTES,semanticsSameOutcome,"The check requirement was edited, and the check result reads the same as before — but it was reached under the edited requirement and cannot be treated as the same evidence.",检查要求被修改过，检查结果读起来和原来一样——但它是按修改后的要求得出的，不能当作同一条证据。,界面文字（为本界面所写）,50d129b,#34,eb05f61,eb05f61,#21,,,,,,3,fixture/recheck ×3,#/fixture/recheck-semantics-changed/recheck/7/0,2,"The citation changed key (the new key is the ""corresponding evidence this record cites"" above). A ch ‹ The check requirement was edited, and the check result reads the same as before — but it was reached under the edited requirement and cannot be treated as the same evidence. › changed",3,fixture/recheck ×3,#/fixture/recheck-semantics-changed/recheck/7/0,2,引用换了键（新键就是上面“本次记录引用的对应证据”）。换键本身不算变化。 ‹ 检查要求被修改过，检查结果读起来和原来一样——但它是按修改后的要求得出的，不能当作同一条证据。 › changed
E047,10-15,,domain-517,D,复检：比较了哪些方面,ASPECT_NOTES,semanticsAndContent,"The check requirement was edited and the check result content changed too: the change in result may come from the edit to the requirement (for example a relaxed requirement), so it cannot be taken to mean the model was fixed. The record does not say whether the requirement was relaxed or tightened.",检查要求被修改过，检查结果内容也变了：结果的变化可能来自要求的修改（例如要求放宽），不能据此说模型修好了。记录不说明要求是放宽还是收紧。,界面文字（为本界面所写）,50d129b,#34,eb05f61,eb05f61,#21,,,,,,6,fixture/recheck ×6,#/fixture/recheck-requirement-relaxed/recheck/7/2,2,"The citation changed key (the new key is the ""corresponding evidence this record cites"" above). A ch ‹ The check requirement was edited and the check result content changed too: the change in result may come from the edit to the requirement (for example a relaxed requirement), so it cannot be taken to mean the model was fixed. The record does not say whether the requirement was relaxed or tightened. › changed",6,fixture/recheck ×6,#/fixture/recheck-requirement-relaxed/recheck/of/schedules-and-room-data-sheets/2/0,2,引用换了键（新键就是上面“本次记录引用的对应证据”）。换键本身不算变化。 ‹ 检查要求被修改过，检查结果内容也变了：结果的变化可能来自要求的修改（例如要求放宽），不能据此说模型修好了。记录不说明要求是放宽还是收紧。 › changed
E048,10-15,,domain-517,D,复检：比较了哪些方面,ASPECT_NOTES,contentUnderSameRequirement,"The check requirement did not change, and the check result content did. This row does not record whether the result got better or worse; see the current conclusion.",检查要求没有变，检查结果内容变了。这一行不记录结果是变好还是变差，请看当前判断。,界面文字（为本界面所写）,50d129b,#34,eb05f61,f4a984f,#21,,,,,,3,fixture/recheck ×3,#/fixture/recheck-producing-reissued-content-changed/recheck/7/0,6,"The citation changed key (the new key is the ""corresponding evidence this record cites"" above). A ch ‹ The check requirement did not change, and the check result content did. This row does not record whether the result got better or worse; see the current conclusion. › Tracing (record codes and content fingerprints)",3,fixture/recheck ×3,#/fixture/recheck-producing-reissued-content-changed/recheck/7/0,6,引用换了键（新键就是上面“本次记录引用的对应证据”）。换键本身不算变化。 ‹ 检查要求没有变，检查结果内容变了。这一行不记录结果是变好还是变差，请看当前判断。 › 追溯信息（记录原码与内容指纹）
E049,10-15,,domain-517,D,复检：比较了哪些方面,ASPECT_NOTES,checker,The checker (the check program or its configuration) version differs: the same model and requirement may give a different result.,检查程序（检查器或它的配置）版本不同：同样的模型和要求也可能得出不同结果。,界面文字（为本界面所写）,50d129b,#34,eb05f61,eb05f61,#21,,,,,,0,,,0,,0,,,0,
E050,10-15,,domain-517,D,复检：比较了哪些方面,ASPECT_NOTES,unrecognised,"There is an unrecognised aspect of change, so this page does not list the unchanged aspects.",含有未识别的变化方面，本页因此不列“未变”的方面。,界面文字（为本界面所写）,50d129b,#34,eb05f61,eb05f61,#21,,,,,,0,,,0,,0,,,0,
E051,10-08,A,domain-517,D,规则来源,BASIS_WORDS,simulated,This conclusion rests on simulated evidence:,这个结论建立在模拟证据上：,界面文字（为本界面所写）,39ae8ba,#33,968422d,968422d,#21,,,,,,15,fixture/item ×12; fixture/result ×2; fixture/first ×1,#/fixture/member-evidence,6,Simulated human determination ‹ This conclusion rests on simulated evidence:Simulated human determination ×2 › Problem: No corresponding opening is modelled in the element it passes through,16,fixture/item ×12; fixture/result ×2; fixture/first ×2,#/fixture/member-evidence,6,模拟的人工判定 ‹ 这个结论建立在模拟证据上：模拟的人工判定 ×2 › 问题：它穿过的构件上没有建出对应的洞口
E052,10-08,A,domain-517,D,规则来源,BASIS_WORDS,real,Basis of this conclusion:,这个结论的依据：,界面文字（为本界面所写）,39ae8ba,#33,968422d,968422d,#21,,,,,,17,fixture/item ×14; fixture/result ×2; fixture/first ×1,#/fixture/member-evidence,7,"no determination yet (a real absence) ×1 ‹ Basis of this conclusion:no determination yet (a real absence) ×1 › ""Unknown"" means whether this work can start cannot be decided: it does not mean the element has no p",0,,,0,
E053,10-08,A,domain-517,D,规则来源,BASIS_WORDS,sharedSimulated,"Basis shared by the items in this group, some of it simulated:",同组事项共用的依据，其中有模拟证据：,界面文字（为本界面所写）,39ae8ba,#33,968422d,968422d,#21,,,,,,88,fixture/recheck ×79; fixture/result ×9,#/fixture/recheck-requirement-relaxed,12,"Simulated check result ‹ Basis shared by the items in this group, some of it simulated:Simulated check result ×2 › Holds for this one item, this work and the listed model versions only; it does not mean the whole ha",79,fixture/recheck ×72; fixture/result ×7,#/fixture/recheck-both-reissued,12,还没有判定（真实的缺席） ×1 ‹ 同组事项共用的依据，其中有模拟证据：模拟的检查结果 ×3 还没有判定（真实的缺席） ×1 › chimney cover ｜ 吊顶平面与包封布置：复检前 可以开始 → 现在 无法判断 同组事项共用的依据，其中有模拟证据：模拟的检查结果 ×3 还没有判定（真实的缺席） ×1 “无法判断”说的是这
E054,10-08,A,domain-517,D,规则来源,BASIS_WORDS,sharedReal,Basis shared by the items in this group:,同组事项共用的依据：,界面文字（为本界面所写）,39ae8ba,#33,968422d,968422d,#21,,,,,,65,fixture/recheck ×56; fixture/result ×9,#/fixture/recheck-requirement-relaxed,7,"no determination yet (a real absence) ×2 ‹ Basis shared by the items in this group:no determination yet (a real absence) ×2 › ""Unknown"" means whether this work can start cannot be decided: it does not mean the element has no p",0,,,0,
E055,10-08,A,domain-517,D,规则来源,BASIS_WORDS,none,This conclusion cites no evidence.,这个结论没有引用任何证据。,界面文字（为本界面所写）,39ae8ba,#33,968422d,968422d,#21,,,,,,0,,,0,,0,,,0,
E056,10-08,A,domain-517,D,规则来源,BASIS_WORDS,gaps.no-finding,no check result at all (a real absence),没有任何检查结果（真实的缺席）,界面文字（为本界面所写）,39ae8ba,#33,968422d,968422d,#21,,,,,,45,fixture/recheck ×29; fixture/result ×11; fixture/item ×4; fixture/first ×1,#/fixture/member-evidence,2,One elementhouse fireplace capBuilder's-work openings: UnknownBasis of this conclusion:no determinat ‹ no check result at all (a real absence) ×1 › Basis of this conclusion:no check result at all (a real absence) ×1,39,fixture/recheck ×25; fixture/result ×9; fixture/item ×3; fixture/first ×2,#/fixture/member-evidence,2,一个构件house fireplace cap土建预留开洞：无法判断这个结论的依据：还没有判定（真实的缺席） ×1 问题：不是已知的模型缺陷：还没有协调评审判定它是否穿过接收方的构件构件信息和要做什么 ‹ 没有任何检查结果（真实的缺席） ×1 › 这个结论的依据：没有任何检查结果（真实的缺席） ×1
E057,10-08,A,domain-517,D,规则来源,BASIS_WORDS,gaps.no-determination,no determination yet (a real absence),还没有判定（真实的缺席）,界面文字（为本界面所写）,39ae8ba,#33,968422d,968422d,#21,,,,,,63,fixture/recheck ×47; fixture/result ×11; fixture/item ×4; fixture/first ×1,#/fixture/member-evidence,10,3 items ‹ no determination yet (a real absence) ×1 › Basis of this conclusion:no determination yet (a real absence) ×1,57,fixture/recheck ×43; fixture/result ×9; fixture/item ×3; fixture/first ×2,#/fixture/member-evidence,10,3 个事项 ‹ 还没有判定（真实的缺席） ×1 › 这个结论的依据：还没有判定（真实的缺席） ×1
E058,10-08,A,domain-517,D,规则来源,BASIS_WORDS,gaps.not-applicable-finding,"there are check results, but the check did not apply and did not cover it",有检查结果，但检查不适用，没有覆盖到它,界面文字（为本界面所写）,39ae8ba,#33,968422d,968422d,#21,,,,,,0,,,0,,0,,,0,
E059,10-08,A,domain-517,D,范围限制,BESIDE,readyScope,"Holds for this one item, this work and the listed model versions only; it does not mean the whole handover is complete.",只对这一个事项、这项工作、所列的模型版本成立；不代表整次交接完成。,界面文字（为本界面所写）,39ae8ba,#33,968422d,968422d,#21,,,,,,53,fixture/recheck ×35; fixture/item ×10; fixture/result ×7; fixture/first ×1,#/fixture/member-evidence,7,"This conclusion rests on simulated evidence:Simulated human determination ×1 ‹ Holds for this one item, this work and the listed model versions only; it does not mean the whole handover is complete. › building element | Builder's-work openings: ReadyThis conclusion rests on simulated evidence:Simulat",46,fixture/recheck ×29; fixture/item ×10; fixture/result ×5; fixture/first ×2,#/fixture/member-evidence,7,这个结论建立在模拟证据上：模拟的人工判定 ×1 ‹ 只对这一个事项、这项工作、所列的模型版本成立；不代表整次交接完成。 › building element ｜ 土建预留开洞：可以开始这个结论建立在模拟证据上：模拟的人工判定 ×1 只对这一个事项、这项工作、所列的模型版本成立；不代表整次交接完成。
E060,10-08,A,domain-517,D,范围限制,BESIDE,unknown,"""Unknown"" means whether this work can start cannot be decided: it does not mean the element has no problem, and it is not a system error.",“无法判断”说的是这项工作能否开始无法判断：不等于这个构件没有问题，也不是系统出错。,界面文字（为本界面所写）,39ae8ba,#33,968422d,968422d,#21,,,,,,87,fixture/recheck ×67; fixture/result ×11; fixture/item ×8; fixture/first ×1,#/fixture/member-evidence,12,"Basis of this conclusion:no determination yet (a real absence) ×1 ‹ ""Unknown"" means whether this work can start cannot be decided: it does not mean the element has no problem, and it is not a system error. › Problem: Not a known model defect: no coordination review has determined yet whether it passes throu",77,fixture/recheck ×60; fixture/result ×9; fixture/item ×6; fixture/first ×2,#/fixture/member-evidence,12,这个结论的依据：还没有判定（真实的缺席） ×1 ‹ “无法判断”说的是这项工作能否开始无法判断：不等于这个构件没有问题，也不是系统出错。 › 问题：不是已知的模型缺陷：还没有协调评审判定它是否穿过接收方的构件
E061,10-08,A,domain-517,D,范围限制,BESIDE,assetIdentity,"Where the asset-identity value comes from, and which Revit parameter it maps to, the record does not say.",资产标识的取值从哪里来、对应哪个 Revit 参数，记录未提供。,界面文字（为本界面所写）,39ae8ba,#33,968422d,42720ab,#21,,,,,,6,fixture/item ×6,#/fixture/member-evidence/item/2/2/0,1,"AssetTag data shall be provided in the dataset EPC_Delivery ‹ Where the asset-identity value comes from, and which Revit parameter it maps to, the record does not say. › Then: how this item changed after a recheck",6,fixture/item ×6,#/fixture/member-evidence/item/2/2/0,1,AssetTag data shall be provided in the dataset EPC_Delivery ‹ 资产标识的取值从哪里来、对应哪个 Revit 参数，记录未提供。 › 然后：这一项复检后的变化
E062,10-08,A,domain-517,D,范围限制,BESIDE,team,The handling team is an entry in the record; it does not mean the work has been assigned.,处理团队是记录里的安排，不代表已经派发。,界面文字（为本界面所写）,39ae8ba,#33,968422d,968422d,#21,,,,,,106,fixture/recheck ×87; fixture/item ×16; fixture/result ×2; fixture/first ×1,#/fixture/member-evidence,3,"Handling team coordination-team Example handling team: 6 items ‹ Default handling role (the rule's default, not an assignment): model-coordination The handling team is an entry in the record; it does not mean the work has been assigned. › Problem",95,fixture/recheck ×77; fixture/item ×14; fixture/result ×2; fixture/first ×2,#/fixture/member-evidence,3,处理团队 coordination-team 示例处理团队：6 个事项 ‹ 默认处理角色（规则给出的默认，不是指派）：model-coordination 处理团队是记录里的安排，不代表已经派发。 › 问题
E063,10-08,A,domain-517,D,范围限制,BESIDE,simulatedTeam,Example handling team,示例处理团队,界面文字（为本界面所写）,39ae8ba,#33,968422d,968422d,#21,,,,,,106,fixture/recheck ×87; fixture/item ×16; fixture/result ×2; fixture/first ×1,#/fixture/member-evidence,3,"Items to deal with, by handling team (8 items) ‹ Example handling team › Handling team coordination-team Example handling team: 6 items",95,fixture/recheck ×77; fixture/item ×14; fixture/result ×2; fixture/first ×2,#/fixture/member-evidence,1,需要处理的事项，按处理团队（8 个事项） ‹ 示例处理团队 › 处理团队 coordination-team 示例处理团队：6 个事项
E064,10-08,A,domain-517,D,范围限制,BESIDE,noTeam,Not given in the record,记录未提供,界面文字（为本界面所写）,39ae8ba,#33,968422d,968422d,#21,,,,,,0,,,0,,0,,,0,
E065,10-08,A,domain-517,D,范围限制,BESIDE,defaultRole,"Default handling role (the rule's default, not an assignment)",默认处理角色（规则给出的默认，不是指派）,界面文字（为本界面所写）,39ae8ba,#33,968422d,968422d,#21,,,,,,106,fixture/recheck ×87; fixture/item ×16; fixture/result ×2; fixture/first ×1,#/fixture/member-evidence,3,"Handling team coordination-team Example handling team: 6 items ‹ Default handling role (the rule's default, not an assignment): model-coordination The handling team is an entry in the record; it does not mean the work has been assigned. › Problem",95,fixture/recheck ×77; fixture/item ×14; fixture/result ×2; fixture/first ×2,#/fixture/member-evidence,3,处理团队 coordination-team 示例处理团队：6 个事项 ‹ 默认处理角色（规则给出的默认，不是指派）：model-coordination 处理团队是记录里的安排，不代表已经派发。 › 问题
E066,10-08,A,domain-517,D,范围限制,BESIDE,unchanged,Unchanged by the recheck,复检前后未变,界面文字（为本界面所写）,39ae8ba,#33,968422d,968422d,#21,,,,,,112,fixture/recheck ×103; fixture/result ×9,#/fixture/recheck-requirement-relaxed,13,Unknown ‹ Builder's-work openings: Unknown (Unchanged by the recheck) › no determination yet (a real absence) ×2,0,,,0,
E067,10-15,,domain-517,D,复检：旧证据的去向,CARRY_OVER_REASONS,finding-equivalent,"There is exactly one corresponding check result; model version, check result content, check requirement and checker are the same, aspect by aspect.",对应的检查结果只有一条，模型版本、检查结果内容、检查要求、检查程序逐项相同。,界面文字（为本界面所写）,50d129b,#34,eb05f61,eb05f61,#21,,,,,,50,fixture/recheck ×40; fixture/result ×10,#/fixture/recheck-requirement-relaxed,6,"finding-equivalent ‹ There is exactly one corresponding check result; model version, check result content, check requirement and checker are the same, aspect by aspect. › finding-changed",47,fixture/recheck ×39; fixture/result ×8,#/fixture/recheck-both-reissued,6,finding-equivalent ‹ 对应的检查结果只有一条，模型版本、检查结果内容、检查要求、检查程序逐项相同。 › finding-changed
E068,10-15,,domain-517,D,复检：旧证据的去向,CARRY_OVER_REASONS,finding-changed,"There is exactly one corresponding check result; compared aspect by aspect, at least one differs.",对应的检查结果只有一条，逐项比较后至少有一个方面不同。,界面文字（为本界面所写）,50d129b,#34,eb05f61,eb05f61,#21,,,,,,53,fixture/recheck ×43; fixture/result ×10,#/fixture/recheck-requirement-relaxed,6,"finding-changed ‹ There is exactly one corresponding check result; compared aspect by aspect, at least one differs. › no-counterpart-in-the-cited-run",50,fixture/recheck ×42; fixture/result ×8,#/fixture/recheck-both-reissued,6,finding-changed ‹ 对应的检查结果只有一条，逐项比较后至少有一个方面不同。 › no-counterpart-in-the-cited-run
E069,10-15,,domain-517,D,复检：旧证据的去向,CARRY_OVER_REASONS,no-counterpart-in-the-cited-run,"In the validation run this record rests on, this element has no check result under this requirement.",本次记录依据的验证运行里，这个构件在这条要求下没有检查结果。,界面文字（为本界面所写）,50d129b,#34,eb05f61,eb05f61,#21,,,,,,20,fixture/result ×10; fixture/recheck ×10,#/fixture/recheck-requirement-relaxed,1,"no-counterpart-in-the-cited-run ‹ In the validation run this record rests on, this element has no check result under this requirement. › counterpart-not-cited-under-the-current-binding",17,fixture/recheck ×9; fixture/result ×8,#/fixture/recheck-both-reissued,1,no-counterpart-in-the-cited-run ‹ 本次记录依据的验证运行里，这个构件在这条要求下没有检查结果。 › counterpart-not-cited-under-the-current-binding
E070,10-15,,domain-517,D,复检：旧证据的去向,CARRY_OVER_REASONS,counterpart-not-cited-under-the-current-binding,"The validation run has a corresponding check result, but this record does not cite it.",验证运行里有对应的检查结果，但本次记录没有引用它。,界面文字（为本界面所写）,50d129b,#34,eb05f61,968422d,#21,,,,,,20,fixture/result ×10; fixture/recheck ×10,#/fixture/recheck-requirement-relaxed,1,"counterpart-not-cited-under-the-current-binding ‹ The validation run has a corresponding check result, but this record does not cite it. › sealed-citation-has-no-comparison-basis",17,fixture/recheck ×9; fixture/result ×8,#/fixture/recheck-both-reissued,1,counterpart-not-cited-under-the-current-binding ‹ 验证运行里有对应的检查结果，但本次记录没有引用它。 › sealed-citation-has-no-comparison-basis
E071,10-15,,domain-517,D,复检：旧证据的去向,CARRY_OVER_REASONS,sealed-citation-has-no-comparison-basis,"When the original record was sealed it kept no comparison basis for this citation (a record from an older version). This page will not make one up from the current rules, so it can only say honestly that it cannot compare.",原记录封存时没有保存这条引用的比较依据（旧版本的记录）。本页不会用当前规则去补造，所以只能如实显示无法比较。,界面文字（为本界面所写）,50d129b,#34,eb05f61,eb05f61,#21,,,,,,26,fixture/recheck ×16; fixture/result ×10,#/fixture/recheck-requirement-relaxed,6,"sealed-citation-has-no-comparison-basis ‹ When the original record was sealed it kept no comparison basis for this citation (a record from an older version). This page will not make one up from the current rules, so it can only say honestly that it cannot compare. › comparison-basis-version-unknown",17,fixture/recheck ×9; fixture/result ×8,#/fixture/recheck-both-reissued,1,sealed-citation-has-no-comparison-basis ‹ 原记录封存时没有保存这条引用的比较依据（旧版本的记录）。本页不会用当前规则去补造，所以只能如实显示无法比较。 › comparison-basis-version-unknown
E072,10-15,,domain-517,D,复检：旧证据的去向,CARRY_OVER_REASONS,comparison-basis-version-unknown,The comparison basis the original record kept is of a version this system does not recognise.,原记录保存的比较依据，是本系统不认识的版本。,界面文字（为本界面所写）,50d129b,#34,eb05f61,eb05f61,#21,,,,,,20,fixture/result ×10; fixture/recheck ×10,#/fixture/recheck-requirement-relaxed,1,comparison-basis-version-unknown ‹ The comparison basis the original record kept is of a version this system does not recognise. › subject-not-present,17,fixture/recheck ×9; fixture/result ×8,#/fixture/recheck-both-reissued,1,comparison-basis-version-unknown ‹ 原记录保存的比较依据，是本系统不认识的版本。 › subject-not-present
E073,10-15,,domain-517,D,复检：旧证据的去向,CARRY_OVER_REASONS,subject-not-present,"The element this evidence is about is no longer in this record (where it went: see ""the reason the record gives""). An element that is gone is not fixed.",这条证据所针对的构件，在本次记录里已经不在（去向见“记录给出的原因”）。构件不在不等于已修复。,界面文字（为本界面所写）,50d129b,#34,eb05f61,f4a984f,#21,,,,,,26,fixture/recheck ×16; fixture/result ×10,#/fixture/recheck-requirement-relaxed,2,"subject-not-present ‹ The element this evidence is about is no longer in this record (where it went: see ""the reason the record gives""). An element that is gone is not fixed. › counterpart-not-unique",23,fixture/recheck ×15; fixture/result ×8,#/fixture/recheck-both-reissued,2,subject-not-present ‹ 这条证据所针对的构件，在本次记录里已经不在（去向见“记录给出的原因”）。构件不在不等于已修复。 › counterpart-not-unique
E074,10-15,,domain-517,D,复检：旧证据的去向,CARRY_OVER_REASONS,counterpart-not-unique,"This time there is more than one candidate corresponding check result, and the system does not choose between them (all candidates: see ""the reason the record gives"").",本次有不止一条候选的对应检查结果，系统不从中挑选（全部候选见“记录给出的原因”）。,界面文字（为本界面所写）,50d129b,#34,eb05f61,eb05f61,#21,,,,,,20,fixture/result ×10; fixture/recheck ×10,#/fixture/recheck-requirement-relaxed,1,"counterpart-not-unique ‹ This time there is more than one candidate corresponding check result, and the system does not choose between them (all candidates: see ""the reason the record gives""). › requirement-semantics-basis-unavailable",17,fixture/recheck ×9; fixture/result ×8,#/fixture/recheck-both-reissued,1,counterpart-not-unique ‹ 本次有不止一条候选的对应检查结果，系统不从中挑选（全部候选见“记录给出的原因”）。 › requirement-semantics-basis-unavailable
E075,10-15,,domain-517,D,复检：旧证据的去向,CARRY_OVER_REASONS,requirement-semantics-basis-unavailable,The sealed side or the current side has no comparison basis for the check requirement.,封存一方或当前一方没有“检查要求”的比较依据。,界面文字（为本界面所写）,50d129b,#34,eb05f61,eb05f61,#21,,,,,,20,fixture/result ×10; fixture/recheck ×10,#/fixture/recheck-requirement-relaxed,1,requirement-semantics-basis-unavailable ‹ The sealed side or the current side has no comparison basis for the check requirement. › comparison-basis-incomplete,17,fixture/recheck ×9; fixture/result ×8,#/fixture/recheck-both-reissued,1,requirement-semantics-basis-unavailable ‹ 封存一方或当前一方没有“检查要求”的比较依据。 › comparison-basis-incomplete
E076,10-15,,domain-517,D,复检：旧证据的去向,CARRY_OVER_REASONS,comparison-basis-incomplete,"The sealed side or the current side lacks part of the comparison basis (model version, check result content digest or checker fingerprint).",封存一方或当前一方缺少部分比较依据（模型版本、检查结果内容摘要或检查程序指纹）。,界面文字（为本界面所写）,50d129b,#34,eb05f61,eb05f61,#21,,,,,,20,fixture/result ×10; fixture/recheck ×10,#/fixture/recheck-requirement-relaxed,1,"comparison-basis-incomplete ‹ The sealed side or the current side lacks part of the comparison basis (model version, check result content digest or checker fingerprint). › determination-same-reference-same-content",17,fixture/recheck ×9; fixture/result ×8,#/fixture/recheck-both-reissued,1,comparison-basis-incomplete ‹ 封存一方或当前一方缺少部分比较依据（模型版本、检查结果内容摘要或检查程序指纹）。 › determination-same-reference-same-content
E077,10-15,,domain-517,D,复检：旧证据的去向,CARRY_OVER_REASONS,determination-same-reference-same-content,The same determination: the same reference and the same content digest.,同一份判定：引用相同，内容摘要也相同。,界面文字（为本界面所写）,50d129b,#34,eb05f61,eb05f61,#21,,,,,,50,fixture/recheck ×40; fixture/result ×10,#/fixture/recheck-requirement-relaxed,2,Determination citation (6 rows) ‹ Comparison basis unchanged × 6The same determination: the same reference and the same content digest. × 6 › Determination citation (6 rows)Comparison basis unchanged × 6The same determination: the same refere,41,fixture/recheck ×33; fixture/result ×8,#/fixture/recheck-both-reissued,2,determination-same-reference-same-content ‹ 同一份判定：引用相同，内容摘要也相同。 › determination-content-changed-under-the-same-reference
E078,10-15,,domain-517,D,复检：旧证据的去向,CARRY_OVER_REASONS,determination-content-changed-under-the-same-reference,"The same reference, but the determination's content is no longer what the original record read (made again, re-attributed or re-signed). The new determination is read as evidence as usual; it just cannot be called the same determination as the original.",引用相同，但判定的内容已经不是原记录读到的那一份（被重新作出、重新归属或重新签署）。新判定照常作为证据读取，只是不能说它和原判定是同一份。,界面文字（为本界面所写）,50d129b,#34,eb05f61,eb05f61,#21,,,,,,20,fixture/result ×10; fixture/recheck ×10,#/fixture/recheck-requirement-relaxed,1,"determination-content-changed-under-the-same-reference ‹ The same reference, but the determination's content is no longer what the original record read (made again, re-attributed or re-signed). The new determination is read as evidence as usual; it just cannot be called the same determination as the original. › determination-not-cited-by-this-record",17,fixture/recheck ×9; fixture/result ×8,#/fixture/recheck-both-reissued,1,determination-content-changed-under-the-same-reference ‹ 引用相同，但判定的内容已经不是原记录读到的那一份（被重新作出、重新归属或重新签署）。新判定照常作为证据读取，只是不能说它和原判定是同一份。 › determination-not-cited-by-this-record
E079,10-15,,domain-517,D,复检：旧证据的去向,CARRY_OVER_REASONS,determination-not-cited-by-this-record,"The model version did not change, and this record no longer cites this determination: another determination replaced it.",模型版本没有变，本次记录没有再引用这份判定：它被别的判定取代了。,界面文字（为本界面所写）,50d129b,#34,eb05f61,eb05f61,#21,,,,,,21,fixture/recheck ×11; fixture/result ×10,#/fixture/recheck-requirement-relaxed,2,"determination-not-cited-by-this-record ‹ The model version did not change, and this record no longer cites this determination: another determination replaced it. › determination-not-attributable-to-this-context",18,fixture/recheck ×10; fixture/result ×8,#/fixture/recheck-both-reissued,2,determination-not-cited-by-this-record ‹ 模型版本没有变，本次记录没有再引用这份判定：它被别的判定取代了。 › determination-not-attributable-to-this-context
E080,10-15,,domain-517,D,复检：旧证据的去向,CARRY_OVER_REASONS,determination-not-attributable-to-this-context,"The model version has changed, and the original determination was made against the old version, so it cannot be attributed to the current one. The evidence is not missing and the original determination is not wrong; a determination against the current version is needed.",模型版本已经变化，原判定是针对旧版本作出的，不能归到当前版本。不是证据不存在，也不是原判定错误；需要针对当前版本的判定。,界面文字（为本界面所写）,50d129b,#34,eb05f61,eb05f61,#21,,,,,,50,fixture/recheck ×40; fixture/result ×10,#/fixture/recheck-requirement-relaxed,2,"determination-not-attributable-to-this-context ‹ The model version has changed, and the original determination was made against the old version, so it cannot be attributed to the current one. The evidence is not missing and the original determination is not wrong; a determination against the current version is needed. › Aspects that changed: codes",47,fixture/recheck ×39; fixture/result ×8,#/fixture/recheck-both-reissued,2,判定引用（6 条） ‹ 未找到对应证据 × 6模型版本已经变化，原判定是针对旧版本作出的，不能归到当前版本。不是证据不存在，也不是原判定错误；需要针对当前版本的判定。 × 6 › 判定引用（6 条）未找到对应证据 × 6模型版本已经变化，原判定是针对旧版本作出的，不能归到当前版本。不是证据不存在，也不是原判定错误；需要针对当前版本的判定。 × 6
E081,10-15,,domain-517,D,复检：旧证据的去向,CARRY_OVER_STATES,equivalent.label,Comparison basis unchanged,比较依据一致,界面文字（为本界面所写）,50d129b,#34,eb05f61,eb05f61,#21,,,,,,151,fixture/recheck ×141; fixture/result ×10,#/fixture/recheck-requirement-relaxed,8,"When reading a recheck result ‹ ""Comparison basis unchanged"" does not mean the whole handover needs no review. › An element that is gone, or evidence with no counterpart, does not mean the problem was fixed.",59,fixture/recheck ×51; fixture/result ×8,#/fixture/recheck-both-reissued,1,equivalent ‹ 比较依据一致 › changed
E082,10-15,,domain-517,D,复检：旧证据的去向,CARRY_OVER_STATES,equivalent.meaning,"This old evidence has exactly one counterpart in this record, and every aspect compared is the same. ",这条旧证据在本次记录里有唯一对应的一条，逐项比较都相同。,界面文字（为本界面所写）,50d129b,#34,eb05f61,eb05f61,#21,,,,,,58,fixture/recheck ×53; fixture/result ×5,#/fixture/recheck-requirement-relaxed,1,"What ""Comparison basis unchanged"" means ‹ This old evidence has exactly one counterpart in this record, and every aspect compared is the same. It only means the evidence need not be gathered again because its citation changed key; it does not mean the whole handover needs no review. › What ""Comparison basis changed"" means",49,fixture/recheck ×46; fixture/result ×3,#/fixture/recheck-consuming-reissued,1,“比较依据一致”是什么意思 ‹ 这条旧证据在本次记录里有唯一对应的一条，逐项比较都相同。这只说明不必因为引用换了键而重新收集这条证据，不代表整个交接不用复核。 › “未找到对应证据”是什么意思
E083,10-15,,domain-517,D,复检：旧证据的去向,CARRY_OVER_STATES,equivalent.caveat,It only means the evidence need not be gathered again because its citation changed key; it does not mean the whole handover needs no review.,这只说明不必因为引用换了键而重新收集这条证据，不代表整个交接不用复核。,界面文字（为本界面所写）,50d129b,#34,eb05f61,eb05f61,#21,,,,,,58,fixture/recheck ×53; fixture/result ×5,#/fixture/recheck-requirement-relaxed,1,"What ""Comparison basis unchanged"" means ‹ This old evidence has exactly one counterpart in this record, and every aspect compared is the same. It only means the evidence need not be gathered again because its citation changed key; it does not mean the whole handover needs no review. › What ""Comparison basis changed"" means",49,fixture/recheck ×46; fixture/result ×3,#/fixture/recheck-consuming-reissued,1,“比较依据一致”是什么意思 ‹ 这条旧证据在本次记录里有唯一对应的一条，逐项比较都相同。这只说明不必因为引用换了键而重新收集这条证据，不代表整个交接不用复核。 › “未找到对应证据”是什么意思
E084,10-15,,domain-517,D,复检：旧证据的去向,CARRY_OVER_STATES,changed.label,Comparison basis changed,比较依据有变化,界面文字（为本界面所写）,50d129b,#34,eb05f61,eb05f61,#21,,,,,,53,fixture/recheck ×43; fixture/result ×10,#/fixture/recheck-requirement-relaxed,7,"Comparison basis unchanged × 7Only the citation's key changed × 7 ‹ Comparison basis changed × 2check result content, check requirement changed; model version, checker unchanged. × 2 › Check-result citation (9 rows)Comparison basis unchanged × 7Only the citation's key changed × 7Compa",50,fixture/recheck ×42; fixture/result ×8,#/fixture/recheck-both-reissued,1,changed ‹ 比较依据有变化 › no-counterpart
E085,10-15,,domain-517,D,复检：旧证据的去向,CARRY_OVER_STATES,changed.meaning,"This old evidence has exactly one counterpart in this record, but at least one aspect differs. ",这条旧证据在本次记录里有唯一对应的一条，但至少有一个方面不同。,界面文字（为本界面所写）,50d129b,#34,eb05f61,eb05f61,#21,,,,,,45,fixture/recheck ×39; fixture/result ×6,#/fixture/recheck-requirement-relaxed,1,"What ""Comparison basis changed"" means ‹ This old evidence has exactly one counterpart in this record, but at least one aspect differs. Even if the result reads the same, it still counts as changed; which aspects changed is said on the row. › Tracing: record identity, model version fingerprints, record codes",44,fixture/recheck ×39; fixture/result ×5,#/fixture/recheck-both-reissued,1,“比较依据有变化”是什么意思 ‹ 这条旧证据在本次记录里有唯一对应的一条，但至少有一个方面不同。结果读起来相同，也仍然算有变化；变了的是哪些方面，见这一条的说明。 › “未找到对应证据”是什么意思
E086,10-15,,domain-517,D,复检：旧证据的去向,CARRY_OVER_STATES,changed.caveat,"Even if the result reads the same, it still counts as changed; which aspects changed is said on the row.",结果读起来相同，也仍然算有变化；变了的是哪些方面，见这一条的说明。,界面文字（为本界面所写）,50d129b,#34,eb05f61,eb05f61,#21,,,,,,45,fixture/recheck ×39; fixture/result ×6,#/fixture/recheck-requirement-relaxed,1,"What ""Comparison basis changed"" means ‹ This old evidence has exactly one counterpart in this record, but at least one aspect differs. Even if the result reads the same, it still counts as changed; which aspects changed is said on the row. › Tracing: record identity, model version fingerprints, record codes",44,fixture/recheck ×39; fixture/result ×5,#/fixture/recheck-both-reissued,1,“比较依据有变化”是什么意思 ‹ 这条旧证据在本次记录里有唯一对应的一条，但至少有一个方面不同。结果读起来相同，也仍然算有变化；变了的是哪些方面，见这一条的说明。 › “未找到对应证据”是什么意思
E087,10-15,,domain-517,D,复检：旧证据的去向,CARRY_OVER_STATES,no-counterpart.label,No counterpart found,未找到对应证据,界面文字（为本界面所写）,50d129b,#34,eb05f61,eb05f61,#21,,,,,,51,fixture/recheck ×41; fixture/result ×10,#/fixture/recheck-requirement-relaxed,3,no-counterpart ‹ No counterpart found › not-provable,48,fixture/recheck ×40; fixture/result ×8,#/fixture/recheck-both-reissued,1,no-counterpart ‹ 未找到对应证据 › not-provable
E088,10-15,,domain-517,D,复检：旧证据的去向,CARRY_OVER_STATES,no-counterpart.meaning,"It can be compared, but this record cites no evidence corresponding to it. ",可以比较，但本次记录没有引用与它对应的证据。,界面文字（为本界面所写）,50d129b,#34,eb05f61,eb05f61,#21,,,,,,43,fixture/recheck ×37; fixture/result ×6,#/fixture/recheck-both-reissued,1,"What ""No counterpart found"" means ‹ It can be compared, but this record cites no evidence corresponding to it. No counterpart does not mean the problem was fixed. › Tracing: record identity, model version fingerprints, record codes",43,fixture/recheck ×37; fixture/result ×6,#/fixture/recheck-both-reissued,1,“未找到对应证据”是什么意思 ‹ 可以比较，但本次记录没有引用与它对应的证据。没有对应证据不代表问题已修复。 › 追溯信息：记录标识、模型版本指纹、记录原码对照
E089,10-15,,domain-517,D,复检：旧证据的去向,CARRY_OVER_STATES,no-counterpart.caveat,No counterpart does not mean the problem was fixed.,没有对应证据不代表问题已修复。,界面文字（为本界面所写）,50d129b,#34,eb05f61,eb05f61,#21,,,,,,43,fixture/recheck ×37; fixture/result ×6,#/fixture/recheck-both-reissued,1,"What ""No counterpart found"" means ‹ It can be compared, but this record cites no evidence corresponding to it. No counterpart does not mean the problem was fixed. › Tracing: record identity, model version fingerprints, record codes",43,fixture/recheck ×37; fixture/result ×6,#/fixture/recheck-both-reissued,1,“未找到对应证据”是什么意思 ‹ 可以比较，但本次记录没有引用与它对应的证据。没有对应证据不代表问题已修复。 › 追溯信息：记录标识、模型版本指纹、记录原码对照
E090,10-15,,domain-517,D,复检：旧证据的去向,CARRY_OVER_STATES,not-provable.label,Not enough basis to compare,现有依据不足以比较,界面文字（为本界面所写）,50d129b,#34,eb05f61,eb05f61,#21,,,,,,32,fixture/recheck ×22; fixture/result ×10,#/fixture/recheck-requirement-relaxed,7,not-provable ‹ Not enough basis to compare › Old-evidence comparison: reason codes,23,fixture/recheck ×15; fixture/result ×8,#/fixture/recheck-both-reissued,1,not-provable ‹ 现有依据不足以比较 › 旧证据比较：原因原码
E091,10-15,,domain-517,D,复检：旧证据的去向,CARRY_OVER_STATES,not-provable.meaning,"The comparison itself cannot be made, so it can be called neither unchanged nor changed. ",比较本身无法建立，所以既不能说一致，也不能说变了。,界面文字（为本界面所写）,50d129b,#34,eb05f61,eb05f61,#21,,,,,,16,fixture/recheck ×14; fixture/result ×2,#/fixture/recheck-member-gone,1,"What ""Not enough basis to compare"" means ‹ The comparison itself cannot be made, so it can be called neither unchanged nor changed. This is ""cannot be compared"", not ""evidence missing"", and not ""no counterpart"". › Tracing: record identity, model version fingerprints, record codes",8,fixture/recheck ×7; fixture/result ×1,#/fixture/recheck-member-gone,1,“现有依据不足以比较”是什么意思 ‹ 比较本身无法建立，所以既不能说一致，也不能说变了。这是“无法比较”，不是“证据缺失”，也不是“没有对应证据”。 › 追溯信息：记录标识、模型版本指纹、记录原码对照
E092,10-15,,domain-517,D,复检：旧证据的去向,CARRY_OVER_STATES,not-provable.caveat,"This is ""cannot be compared"", not ""evidence missing"", and not ""no counterpart"".",这是“无法比较”，不是“证据缺失”，也不是“没有对应证据”。,界面文字（为本界面所写）,50d129b,#34,eb05f61,eb05f61,#21,,,,,,16,fixture/recheck ×14; fixture/result ×2,#/fixture/recheck-member-gone,1,"What ""Not enough basis to compare"" means ‹ The comparison itself cannot be made, so it can be called neither unchanged nor changed. This is ""cannot be compared"", not ""evidence missing"", and not ""no counterpart"". › Tracing: record identity, model version fingerprints, record codes",8,fixture/recheck ×7; fixture/result ×1,#/fixture/recheck-member-gone,1,“现有依据不足以比较”是什么意思 ‹ 比较本身无法建立，所以既不能说一致，也不能说变了。这是“无法比较”，不是“证据缺失”，也不是“没有对应证据”。 › 追溯信息：记录标识、模型版本指纹、记录原码对照
E093,10-15,,domain-517,D,复检：比较了哪些方面,CHANGED_ASPECTS,model-version,model version,模型版本,界面文字（为本界面所写）,50d129b,#34,eb05f61,eb05f61,#21,,,,,,181,fixture/recheck ×141; fixture/item ×26; fixture/result ×12; fixture/list ×1; fixture/first ×1,#/fixture,20,"The same record after a recheck: neither model was re-issued, yet a conclusion changed. Which one ch ‹ About this example This example was given: one cited check requirement was relaxed; neither the handing-over nor the receiving side's model version changed. › Step 2The models did not change, but a handover conclusion didThe same record after a recheck: neith",162,fixture/member ×134; fixture/record ×11; fixture/recheck ×9; fixture/result ×8,#/fixture/recheck-both-reissued,1,model-version ‹ 模型版本 › finding-content
E094,10-15,,domain-517,D,复检：比较了哪些方面,CHANGED_ASPECTS,finding-content,check result content,检查结果内容,界面文字（为本界面所写）,50d129b,#34,eb05f61,eb05f61,#21,,,,,,74,fixture/recheck ×64; fixture/result ×10,#/fixture/recheck-requirement-relaxed,12,"Comparison basis unchanged × 7Only the citation's key changed × 7 ‹ Comparison basis changed × 2check result content, check requirement changed; model version, checker unchanged. × 2 › Check-result citation (9 rows)Comparison basis unchanged × 7Only the citation's key changed × 7Compa",17,fixture/recheck ×9; fixture/result ×8,#/fixture/recheck-both-reissued,1,finding-content ‹ 检查结果内容 › requirement-semantics
E095,10-15,,domain-517,D,复检：比较了哪些方面,CHANGED_ASPECTS,requirement-semantics,check requirement,检查要求,界面文字（为本界面所写）,50d129b,#34,eb05f61,eb05f61,#21,,,,,,75,fixture/recheck ×64; fixture/result ×10; fixture/list ×1,#/fixture,12,"The same record after a recheck: neither model was re-issued, yet a conclusion changed. Which one ch ‹ About this example This example was given: one cited check requirement was relaxed; neither the handing-over nor the receiving side's model version changed. › Step 2The models did not change, but a handover conclusion didThe same record after a recheck: neith",17,fixture/recheck ×9; fixture/result ×8,#/fixture/recheck-both-reissued,1,requirement-semantics ‹ 检查要求 › checker
E096,10-15,,domain-517,D,复检：比较了哪些方面,CHANGED_ASPECTS,checker,checker,检查程序,界面文字（为本界面所写）,50d129b,#34,eb05f61,eb05f61,#21,,,,,,20,fixture/result ×10; fixture/recheck ×10,#/fixture/recheck-requirement-relaxed,1,check requirement ‹ checker ›,35,fixture/recheck ×9; fixture/result ×8; ws-compare:workspace/finding ×3; ws-newly:workspace/finding ×3; ws-single:workspace/finding ×3; ws-notreeval:workspace/finding ×2,#/fixture/recheck-both-reissued,1,checker ‹ 检查程序 ›
E097,10-08,A,domain-517,D,规则来源,CITATION_KINDS,finding,Check-result citation,检查结果引用,界面文字（为本界面所写）,50d129b,#34,eb05f61,eb05f61,#21,,,,,,78,fixture/recheck ×69; fixture/result ×9,#/fixture/recheck-requirement-relaxed,6,"Check results and human determinations are two kinds of evidence, counted apart and never added toge ‹ Check-result citation (9 rows) › Comparison basis unchanged × 7Only the citation's key changed × 7",0,,,0,
E098,10-08,A,domain-517,D,规则来源,CITATION_KINDS,determination,Determination citation,判定引用,界面文字（为本界面所写）,50d129b,#34,eb05f61,eb05f61,#21,,,,,,81,fixture/recheck ×71; fixture/result ×10,#/fixture/recheck-requirement-relaxed,2,Check-result citation (9 rows)Comparison basis unchanged × 7Only the citation's key changed × 7Compa ‹ Determination citation (6 rows) › Comparison basis unchanged × 6The same determination: the same reference and the same content digest,0,,,0,
E099,10-08,A,domain-517,D,规则来源,CITATION_PROVENANCE,finding-real.key,real,real,界面文字（为本界面所写）,39ae8ba,#33,69678df,69678df,#13,,,,,,0,,,0,,0,,,0,
E100,10-08,A,domain-517,D,规则来源,CITATION_PROVENANCE,finding-real.short,Real check output,真实检查输出,界面文字（为本界面所写）,39ae8ba,#33,69678df,f4a984f,#21,,,,,,180,fixture/recheck ×141; fixture/item ×26; fixture/result ×12; fixture/first ×1,#/fixture/member-evidence,9,One elementhouse - chimneyRoom data sheets and equipment schedules: UnknownBasis of this conclusion: ‹ Real check output › Basis of this conclusion:Real check output ×2,418,fixture/member ×134; fixture/recheck ×125; fixture/activity ×123; fixture/item ×24; fixture/result ×10; fixture/first ×2,#/fixture/member-evidence,1,一个构件house - chimney房间数据表与设备明细表：无法判断这个结论的依据：没有任何检查结果（真实的缺席） ×1 问题：不是已知的模型缺陷：现有资产标识规则没有覆盖到这个构件构件信息和要做什 ‹ 真实检查输出 › 这个结论的依据：真实检查输出 ×2
E101,10-08,A,domain-517,D,规则来源,CITATION_PROVENANCE,finding-real.long,"A check-result citation without the simulation marker: from a real check run, the product of checking a real IFC model against real rules.",未带模拟标记的检查结果引用：来自真实的检查运行，是真实 IFC 模型按真实规则检查的产物。,界面文字（为本界面所写）,39ae8ba,#33,69678df,f4a984f,#21,,,,,,180,fixture/recheck ×141; fixture/item ×26; fixture/result ×12; fixture/first ×1,#/fixture/member-evidence,1,"Each citation's source label on this page is decided from that citation alone (whether it carries th ‹ Real check output A check-result citation without the simulation marker: from a real check run, the product of checking a real IFC model against real rules. › Simulated check result",418,fixture/member ×134; fixture/recheck ×125; fixture/activity ×123; fixture/item ×24; fixture/result ×10; fixture/first ×2,#/fixture/member-evidence,1,本页每条引用旁的来源标注按该条引用自身判定（是否带模拟标记），不按整页或整份记录推断： ‹ 真实检查输出 未带模拟标记的检查结果引用：来自真实的检查运行，是真实 IFC 模型按真实规则检查的产物。 › 模拟的检查结果
E102,10-08,A,domain-517,D,规则来源,CITATION_PROVENANCE,finding-fixture.key,fixture,fixture,界面文字（为本界面所写）,39ae8ba,#33,69678df,69678df,#13,,,,,,0,,,0,,0,,,0,
E103,10-08,A,domain-517,D,规则来源,CITATION_PROVENANCE,finding-fixture.short,Simulated check result,模拟的检查结果,界面文字（为本界面所写）,39ae8ba,#33,69678df,f4a984f,#21,,,,,,180,fixture/recheck ×141; fixture/item ×26; fixture/result ×12; fixture/first ×1,#/fixture/member-evidence,13,"Real check output A check-result citation without the simulation marker: from a real check run, the ‹ Simulated check result › Simulated check result A check-result citation with the simulation marker (starting with fixture): g",418,fixture/member ×134; fixture/recheck ×125; fixture/activity ×123; fixture/item ×24; fixture/result ×10; fixture/first ×2,#/fixture/member-evidence,1,真实检查输出 未带模拟标记的检查结果引用：来自真实的检查运行，是真实 IFC 模型按真实规则检查的产物。 ‹ 模拟的检查结果 › 模拟的检查结果 带模拟标记（以 fixture 开头）的检查结果引用：由示例生成，不是任何真实检查运行的输出。
E104,10-08,A,domain-517,D,规则来源,CITATION_PROVENANCE,finding-fixture.long,"A check-result citation with the simulation marker (starting with fixture): generated by the example, not the output of any real check run.",带模拟标记（以 fixture 开头）的检查结果引用：由示例生成，不是任何真实检查运行的输出。,界面文字（为本界面所写）,39ae8ba,#33,69678df,f4a984f,#21,,,,,,180,fixture/recheck ×141; fixture/item ×26; fixture/result ×12; fixture/first ×1,#/fixture/member-evidence,1,"Simulated check result ‹ Simulated check result A check-result citation with the simulation marker (starting with fixture): generated by the example, not the output of any real check run. › Simulated human determination A determination citation with the simulation marker: supplied by the e",418,fixture/member ×134; fixture/recheck ×125; fixture/activity ×123; fixture/item ×24; fixture/result ×10; fixture/first ×2,#/fixture/member-evidence,1,模拟的检查结果 ‹ 模拟的检查结果 带模拟标记（以 fixture 开头）的检查结果引用：由示例生成，不是任何真实检查运行的输出。 › 模拟的人工判定 带模拟标记的判定引用：由示例提供，没有任何协调评审真的发生过。
E105,10-08,A,domain-517,D,规则来源,CITATION_PROVENANCE,determination-fixture.key,fixture,fixture,界面文字（为本界面所写）,39ae8ba,#33,69678df,69678df,#13,,,,,,0,,,0,,0,,,0,
E106,10-08,A,domain-517,D,规则来源,CITATION_PROVENANCE,determination-fixture.short,Simulated human determination,模拟的人工判定,界面文字（为本界面所写）,39ae8ba,#33,69678df,f4a984f,#21,,,,,,180,fixture/recheck ×141; fixture/item ×26; fixture/result ×12; fixture/first ×1,#/fixture/member-evidence,7,Builder's-work openings: Blocked ‹ Simulated human determination › This conclusion rests on simulated evidence:Simulated human determination ×2,418,fixture/member ×134; fixture/recheck ×125; fixture/activity ×123; fixture/item ×24; fixture/result ×10; fixture/first ×2,#/fixture/member-evidence,1,土建预留开洞：受阻 ‹ 模拟的人工判定 › 这个结论建立在模拟证据上：模拟的人工判定 ×2
E107,10-08,A,domain-517,D,规则来源,CITATION_PROVENANCE,determination-fixture.long,A determination citation with the simulation marker: supplied by the example; no coordination review ever took place.,带模拟标记的判定引用：由示例提供，没有任何协调评审真的发生过。,界面文字（为本界面所写）,39ae8ba,#33,69678df,f4a984f,#21,,,,,,180,fixture/recheck ×141; fixture/item ×26; fixture/result ×12; fixture/first ×1,#/fixture/member-evidence,1,Simulated check result A check-result citation with the simulation marker (starting with fixture): g ‹ Simulated human determination A determination citation with the simulation marker: supplied by the example; no coordination review ever took place. › Determination of unstated source,418,fixture/member ×134; fixture/recheck ×125; fixture/activity ×123; fixture/item ×24; fixture/result ×10; fixture/first ×2,#/fixture/member-evidence,1,模拟的检查结果 带模拟标记（以 fixture 开头）的检查结果引用：由示例生成，不是任何真实检查运行的输出。 ‹ 模拟的人工判定 带模拟标记的判定引用：由示例提供，没有任何协调评审真的发生过。 › 来源未标注的判定
E108,10-08,A,domain-517,D,规则来源,CITATION_PROVENANCE,determination-unmarked.key,unmarked,unmarked,界面文字（为本界面所写）,39ae8ba,#33,69678df,69678df,#13,,,,,,0,,,0,,0,,,0,
E109,10-08,A,domain-517,D,规则来源,CITATION_PROVENANCE,determination-unmarked.short,Determination of unstated source,来源未标注的判定,界面文字（为本界面所写）,39ae8ba,#33,69678df,69678df,#13,,,,,,180,fixture/recheck ×141; fixture/item ×26; fixture/result ×12; fixture/first ×1,#/fixture/member-evidence,1,Simulated human determination A determination citation with the simulation marker: supplied by the e ‹ Determination of unstated source › Determination of unstated source A determination citation without the simulation marker: a determina,418,fixture/member ×134; fixture/recheck ×125; fixture/activity ×123; fixture/item ×24; fixture/result ×10; fixture/first ×2,#/fixture/member-evidence,1,模拟的人工判定 带模拟标记的判定引用：由示例提供，没有任何协调评审真的发生过。 ‹ 来源未标注的判定 › 来源未标注的判定 未带模拟标记的判定引用：判定不是检查运行的输出，本界面也没有可核依据说明它来自哪里，因此不作真实或模拟的断言。
E110,10-08,A,domain-517,D,规则来源,CITATION_PROVENANCE,determination-unmarked.long,"A determination citation without the simulation marker: a determination is not the output of a check run, and this interface has nothing it can verify about where it came from, so it says neither real nor simulated.",未带模拟标记的判定引用：判定不是检查运行的输出，本界面也没有可核依据说明它来自哪里，因此不作真实或模拟的断言。,界面文字（为本界面所写）,39ae8ba,#33,69678df,f4a984f,#21,,,,,,180,fixture/recheck ×141; fixture/item ×26; fixture/result ×12; fixture/first ×1,#/fixture/member-evidence,1,"Determination of unstated source ‹ Determination of unstated source A determination citation without the simulation marker: a determination is not the output of a check run, and this interface has nothing it can verify about where it came from, so it says neither real nor simulated. › Handling team and default handling role",418,fixture/member ×134; fixture/recheck ×125; fixture/activity ×123; fixture/item ×24; fixture/result ×10; fixture/first ×2,#/fixture/member-evidence,1,来源未标注的判定 ‹ 来源未标注的判定 未带模拟标记的判定引用：判定不是检查运行的输出，本界面也没有可核依据说明它来自哪里，因此不作真实或模拟的断言。 › 处理团队与默认处理角色
E111,10-08,A,domain-517,D,源修改与复检行动,CONDITION_ENTRIES,named-outcome-observed.text,Only the named outcome observed; the rest of the condition not checked,仅命名结果已观察到；条件其余部分未检查,界面文字（为本界面所写）,50d129b,#34,eb05f61,eb05f61,#21,,,,CONDITION_STATES.named-outcome-observed,CONDITION_STATES.named-outcome-observed,20,fixture/result ×10; fixture/recheck ×10,#/fixture/recheck-requirement-relaxed,1,named-outcome-observed ‹ Only the named outcome observed; the rest of the condition not checked › named-outcome-not-observed,17,fixture/recheck ×9; fixture/result ×8,#/fixture/recheck-both-reissued,1,named-outcome-observed ‹ 仅命名结果已观察到；条件其余部分未检查 › named-outcome-not-observed
E112,10-08,A,domain-517,D,源修改与复检行动,CONDITION_ENTRIES,named-outcome-observed.plain,"The outcome named in the original recheck condition is now observed. The rest of the condition was not checked by machine and needs a person to confirm it against the original condition; this is not ""the whole condition is met"".",原复检条件里点名的那个结果，现在观察到了。条件句的其余部分没有被机器检查，需要人对照原条件确认；这不是“整句条件已满足”。,界面文字（为本界面所写）,50d129b,#34,eb05f61,eb05f61,#21,,,,,,0,,,0,,0,,,0,
E113,10-08,A,domain-517,D,源修改与复检行动,CONDITION_ENTRIES,named-outcome-not-observed.text,Named outcome not observed,未观察到命名结果,界面文字（为本界面所写）,50d129b,#34,eb05f61,eb05f61,#21,,,,CONDITION_STATES.named-outcome-not-observed,,25,fixture/recheck ×15; fixture/result ×10,#/fixture/recheck-requirement-relaxed,1,named-outcome-not-observed ‹ Named outcome not observed › no-machine-checkable-part,21,fixture/recheck ×13; fixture/result ×8,#/fixture/recheck-both-reissued,1,named-outcome-not-observed ‹ 未观察到命名结果 › no-machine-checkable-part
E114,10-08,A,domain-517,D,源修改与复检行动,CONDITION_ENTRIES,named-outcome-not-observed.plain,The outcome named in the original recheck condition is not observed now: the original condition is not reached.,原复检条件里点名的那个结果，现在没有观察到：原条件未达成。,界面文字（为本界面所写）,50d129b,#34,eb05f61,eb05f61,#21,,,,,,5,fixture/recheck ×5,#/fixture/recheck-requirement-relaxed/recheck/3/0,1,4. Was the exit condition left before the recheck reached this time? ‹ The outcome named in the original recheck condition is not observed now: the original condition is not reached. › The exit condition left before the recheck: The opening check for this pair reports “opening modelle,4,fixture/recheck ×4,#/fixture/recheck-key-change-only/recheck/3/0,1,四、复检前留下的结束条件，这次达到了吗 ‹ 原复检条件里点名的那个结果，现在没有观察到：原条件未达成。 › 复检前留下的结束条件：这一对的开洞核查结果为“洞口已建且已关联”。只建洞不够。
E115,10-08,A,domain-517,D,源修改与复检行动,CONDITION_ENTRIES,no-machine-checkable-part.text,The condition has no machine-checkable part; a person must read it,条件没有可机检部分，需要人阅读,界面文字（为本界面所写）,50d129b,#34,eb05f61,eb05f61,#21,,,,CONDITION_STATES.no-machine-checkable-part,CONDITION_STATES.no-machine-checkable-part,87,fixture/recheck ×77; fixture/result ×10,#/fixture/recheck-requirement-relaxed,1,no-machine-checkable-part ‹ The condition has no machine-checkable part; a person must read it › not-comparable,75,fixture/recheck ×67; fixture/result ×8,#/fixture/recheck-both-reissued,1,no-machine-checkable-part ‹ 条件没有可机检部分，需要人阅读 › not-comparable
E116,10-08,A,domain-517,D,源修改与复检行动,CONDITION_ENTRIES,no-machine-checkable-part.plain,The original recheck condition has no part a machine can check; a person needs to read the original condition and judge it. The record draws no conclusion on it.,原复检条件没有机器能检查的部分，需要人阅读原条件并判断；记录对它不下结论。,界面文字（为本界面所写）,50d129b,#34,eb05f61,eb05f61,#21,,,,,,67,fixture/recheck ×67,#/fixture/recheck-requirement-relaxed/recheck/7/2,1,"4. Was the exit condition left before the recheck reached this time? ‹ The original recheck condition has no part a machine can check; a person needs to read the original condition and judge it. The record draws no conclusion on it. › The exit condition left before the recheck: On the reissued model, this element passes every require",58,fixture/recheck ×58,#/fixture/recheck-both-reissued/recheck/1/0,1,四、复检前留下的结束条件，这次达到了吗 ‹ 原复检条件没有机器能检查的部分，需要人阅读原条件并判断；记录对它不下结论。 › 复检前留下的结束条件：针对所列模型版本，有一份评审判定记录。
E117,10-08,A,domain-517,D,源修改与复检行动,CONDITION_ENTRIES,not-comparable.text,Cannot be compared: the corresponding elements are incomplete,不可比较：对应的构件不完整,界面文字（为本界面所写）,50d129b,#34,eb05f61,f4a984f,#21,,,,CONDITION_STATES.not-comparable,CONDITION_STATES.not-comparable,29,fixture/recheck ×19; fixture/result ×10,#/fixture/recheck-requirement-relaxed,1,not-comparable ‹ Cannot be compared: the corresponding elements are incomplete › no-recheck-condition,26,fixture/recheck ×18; fixture/result ×8,#/fixture/recheck-both-reissued,1,not-comparable ‹ 不可比较：对应的构件不完整 › no-recheck-condition
E118,10-08,A,domain-517,D,源修改与复检行动,CONDITION_ENTRIES,not-comparable.plain,"No conclusion can be drawn on the original recheck condition: some of the original elements are no longer in this record, so the condition has no complete subject to check. This does not mean the condition is met.",无法对原复检条件下结论：原来的构件有的已经不在本次记录里，条件没有完整的对象可以检查。这不代表条件已满足。,界面文字（为本界面所写）,50d129b,#34,eb05f61,f4a984f,#21,,,,,,9,fixture/recheck ×9,#/fixture/recheck-both-reissued/recheck/3/0,1,"4. Was the exit condition left before the recheck reached this time? ‹ No conclusion can be drawn on the original recheck condition: some of the original elements are no longer in this record, so the condition has no complete subject to check. This does not mean the condition is met. › The exit condition left before the recheck: The opening check for this pair reports “opening modelle",9,fixture/recheck ×9,#/fixture/recheck-both-reissued/recheck/3/0,1,四、复检前留下的结束条件，这次达到了吗 ‹ 无法对原复检条件下结论：原来的构件有的已经不在本次记录里，条件没有完整的对象可以检查。这不代表条件已满足。 › 复检前留下的结束条件：这一对的开洞核查结果为“洞口已建且已关联”。只建洞不够。
E119,10-08,A,domain-517,D,源修改与复检行动,CONDITION_ENTRIES,no-recheck-condition.text,The original record had no recheck condition,原记录没有复检条件,界面文字（为本界面所写）,50d129b,#34,eb05f61,eb05f61,#21,,,,CONDITION_STATES.no-recheck-condition,,70,fixture/recheck ×60; fixture/result ×10,#/fixture/recheck-requirement-relaxed,2,no-recheck-condition ‹ The original record had no recheck condition › Old-evidence comparison: state codes,62,fixture/recheck ×54; fixture/result ×8,#/fixture/recheck-both-reissued,1,no-recheck-condition ‹ 原记录没有复检条件 › 旧证据比较：状态原码
E120,10-08,A,domain-517,D,源修改与复检行动,CONDITION_ENTRIES,no-recheck-condition.plain,The original record had no recheck condition: the original conclusion left nothing outstanding.,原记录没有复检条件：原来的判断没有留下待办。,界面文字（为本界面所写）,50d129b,#34,eb05f61,f4a984f,#21,,,,,,50,fixture/recheck ×50,#/fixture/recheck-requirement-relaxed/recheck/0/0,1,4. Was the exit condition left before the recheck reached this time? ‹ The original record had no recheck condition: the original conclusion left nothing outstanding. › This says only how far the exit condition left before the recheck has been shown to be reached; read,45,fixture/recheck ×45,#/fixture/recheck-both-reissued/recheck/0/0,1,四、复检前留下的结束条件，这次达到了吗 ‹ 原记录没有复检条件：原来的判断没有留下待办。 › 这里只说复检前留下的结束条件被证明到了什么程度，与现在的结论分开读：结论变了，不等于原条件已满足。
E121,10-08,A,domain-517,D,源修改与复检行动,CONDITION_STATES,named-outcome-observed,Only the named outcome observed; the rest of the condition not checked,仅命名结果已观察到；条件其余部分未检查,界面文字（为本界面所写）,50d129b,#34,55e90ba,55e90ba,#13,,,,CONDITION_ENTRIES.named-outcome-observed.text,CONDITION_ENTRIES.named-outcome-observed.text,20,fixture/result ×10; fixture/recheck ×10,#/fixture/recheck-requirement-relaxed,1,named-outcome-observed ‹ Only the named outcome observed; the rest of the condition not checked › named-outcome-not-observed,17,fixture/recheck ×9; fixture/result ×8,#/fixture/recheck-both-reissued,1,named-outcome-observed ‹ 仅命名结果已观察到；条件其余部分未检查 › named-outcome-not-observed
E122,10-08,A,domain-517,D,源修改与复检行动,CONDITION_STATES,named-outcome-not-observed,Named outcome not observed,未观察到命名结果,界面文字（为本界面所写）,50d129b,#34,55e90ba,55e90ba,#13,,,,CONDITION_ENTRIES.named-outcome-not-observed.text,,25,fixture/recheck ×15; fixture/result ×10,#/fixture/recheck-requirement-relaxed,1,named-outcome-not-observed ‹ Named outcome not observed › no-machine-checkable-part,21,fixture/recheck ×13; fixture/result ×8,#/fixture/recheck-both-reissued,1,named-outcome-not-observed ‹ 未观察到命名结果 › no-machine-checkable-part
E123,10-08,A,domain-517,D,源修改与复检行动,CONDITION_STATES,no-machine-checkable-part,The condition has no machine-checkable part; a person must read it,条件没有可机检部分，需要人阅读,界面文字（为本界面所写）,50d129b,#34,55e90ba,55e90ba,#13,,,,CONDITION_ENTRIES.no-machine-checkable-part.text,CONDITION_ENTRIES.no-machine-checkable-part.text,87,fixture/recheck ×77; fixture/result ×10,#/fixture/recheck-requirement-relaxed,1,no-machine-checkable-part ‹ The condition has no machine-checkable part; a person must read it › not-comparable,75,fixture/recheck ×67; fixture/result ×8,#/fixture/recheck-both-reissued,1,no-machine-checkable-part ‹ 条件没有可机检部分，需要人阅读 › not-comparable
E124,10-08,A,domain-517,D,源修改与复检行动,CONDITION_STATES,not-comparable,Cannot be compared: the corresponding elements are incomplete,不可比较：对应的构件不完整,界面文字（为本界面所写）,50d129b,#34,55e90ba,f4a984f,#21,,,,CONDITION_ENTRIES.not-comparable.text,CONDITION_ENTRIES.not-comparable.text,29,fixture/recheck ×19; fixture/result ×10,#/fixture/recheck-requirement-relaxed,1,not-comparable ‹ Cannot be compared: the corresponding elements are incomplete › no-recheck-condition,26,fixture/recheck ×18; fixture/result ×8,#/fixture/recheck-both-reissued,1,not-comparable ‹ 不可比较：对应的构件不完整 › no-recheck-condition
E125,10-08,A,domain-517,D,源修改与复检行动,CONDITION_STATES,no-recheck-condition,The original record had no recheck condition,原记录没有复检条件,界面文字（为本界面所写）,50d129b,#34,55e90ba,55e90ba,#13,,,,CONDITION_ENTRIES.no-recheck-condition.text,,70,fixture/recheck ×60; fixture/result ×10,#/fixture/recheck-requirement-relaxed,2,no-recheck-condition ‹ The original record had no recheck condition › Old-evidence comparison: state codes,62,fixture/recheck ×54; fixture/result ×8,#/fixture/recheck-both-reissued,1,no-recheck-condition ‹ 原记录没有复检条件 › 旧证据比较：状态原码
E126,10-08,A,domain-517,D,源修改与复检行动,CONSEQUENCE_KINDS,work-cannot-start,This work cannot start,这项工作不能开始,界面文字（为本界面所写）,50d129b,#34,542636a,542636a,#21,,,,,,30,fixture/recheck ×24; fixture/item ×6,#/fixture/member-evidence/item/2/2/0,1,What it means for this work ‹ This work cannot startRisk of re-identification: documents that cite these identifiers would then have to be reissued too › What a recheck must show,0,,,0,
E127,10-08,A,domain-517,D,源修改与复检行动,CONSEQUENCE_KINDS,work-suspended,This work is suspended,这项工作暂停,界面文字（为本界面所写）,50d129b,#34,542636a,542636a,#21,,,,,,73,fixture/recheck ×63; fixture/item ×10,#/fixture/member-evidence/item/0/2/0,1,What it means for this work ‹ This work is suspended › What a recheck must show,50,fixture/recheck ×42; fixture/item ×8,#/fixture/member-evidence/item/0/2/0,1,对这项工作的后果 ‹ 这项工作暂停 › 完成后拿什么复检
E128,10-08,A,domain-517,D,源修改与复检行动,CONSEQUENCE_KINDS,rework-risk,Risk of rework,有返工风险,界面文字（为本界面所写）,50d129b,#34,542636a,542636a,#21,,,,,,14,fixture/recheck ×14,#/fixture/recheck-both-reissued/recheck/5/0,1,What it means for this work ‹ This work is suspendedRisk of rework › What a recheck must show,0,,,0,
E129,10-08,A,domain-517,D,源修改与复检行动,CONSEQUENCE_KINDS,re-identification-and-reissue-risk,Risk of re-identification: documents that cite these identifiers would then have to be reissued too,有重新标识的风险：引用这些标识的文件届时也须重新出具,界面文字（为本界面所写）,50d129b,#34,542636a,d6f89c1,#26,,,,,,30,fixture/recheck ×24; fixture/item ×6,#/fixture/member-evidence/item/2/2/0,1,What it means for this work ‹ This work cannot startRisk of re-identification: documents that cite these identifiers would then have to be reissued too › What a recheck must show,27,fixture/recheck ×21; fixture/item ×6,#/fixture/member-evidence/item/2/2/0,1,对这项工作的后果 ‹ 这项工作不能开始有重新标识的风险：引用这些标识的文件届时也须重新出具 › 完成后拿什么复检
E130,10-08,A,domain-517,D,范围限制,DEMO_NOTICE,,"Simulated example: the project settings in the example, including the handling teams and the acceptance of evidence methods, are demonstration settings, not real project decisions; the evidence for a conclusion may be a real check result, a simulated check result or a simulated human determination — which one, the ""Basis"" line beside each conclusion says (citation by citation). Not for formal project decisions, and no formal check record can be exported.",模拟示例：示例中的项目设定，包括处理团队安排、证据方法的接受等，是演示用设定，不代表真实项目决定；一个结论的证据可能是真实检查的结果、模拟的检查结果或模拟的人工判定，具体是哪一种，看每个结论旁的“依据”一行（按逐条引用标明）。不能用于正式项目决定，也不能导出正式检查记录。,界面文字（为本界面所写）,39ae8ba,#33,55e90ba,d6f89c1,#26,,,,,,0,,,0,,0,,,0,
E131,10-08,A,domain-517,D,规则来源,DETAILS_WORDS,heading,What exactly is missing,具体缺什么,界面文字（为本界面所写）,50d129b,#34,968422d,968422d,#21,,,,,,16,fixture/item ×16,#/fixture/member-evidence/item/0/2/0,1,"The name is taken from the model file itself; it may be empty or shared with other elements. To find ‹ 4. What exactly is missing › This conclusion cites no check result, so there are no requirement details to show.",0,,,0,
E132,10-08,A,domain-517,D,规则来源,DETAILS_WORDS,absent,Not given in the record: the returned data has no requirement details for this citation.,记录未提供：返回数据里没有这条引用的要求明细。,界面文字（为本界面所写）,50d129b,#34,968422d,42720ab,#21,,,,,,0,,,0,,0,,,0,
E133,10-08,A,domain-517,D,规则来源,DETAILS_WORDS,determinations,"This conclusion cites human determinations, not check results; a determination has no requirement details. What is missing is said in the conclusion and in ""What to do"" above.",这个结论引用的是人工判定，不是检查结果；判定没有要求明细。缺的是什么，见上面的结论和“要做什么”。,界面文字（为本界面所写）,50d129b,#34,42720ab,42720ab,#21,,,,,,2,fixture/item ×2,#/fixture/member-evidence/item/0/4/0,1,"4. What exactly is missing ‹ This conclusion cites human determinations, not check results; a determination has no requirement details. What is missing is said in the conclusion and in ""What to do"" above. › Then: how this item changed after a recheck",2,fixture/item ×2,#/fixture/member-evidence/item/0/4/0,1,四、具体缺什么 ‹ 这个结论引用的是人工判定，不是检查结果；判定没有要求明细。缺的是什么，见上面的结论和“要做什么”。 › 然后：这一项复检后的变化
E134,10-08,A,domain-517,D,规则来源,DETAILS_WORDS,nothingCited,"This conclusion cites no check result, so there are no requirement details to show.",这个结论没有引用任何检查结果，所以没有要求明细可以显示。,界面文字（为本界面所写）,50d129b,#34,42720ab,42720ab,#21,,,,,,8,fixture/item ×8,#/fixture/member-evidence/item/0/2/0,1,"4. What exactly is missing ‹ This conclusion cites no check result, so there are no requirement details to show. › Then: how this item changed after a recheck",6,fixture/item ×6,#/fixture/member-evidence/item/0/2/0,1,四、具体缺什么 ‹ 这个结论没有引用任何检查结果，所以没有要求明细可以显示。 › 然后：这一项复检后的变化
E135,10-08,A,domain-517,D,规则来源,DETAILS_WORDS,requirement,Requirement not met,不满足的要求,界面文字（为本界面所写）,50d129b,#34,42720ab,42720ab,#21,,,,,,36,fixture/recheck ×30; fixture/item ×6,#/fixture/member-evidence/item/2/2/0,6,4. What exactly is missing ‹ Requirement not met › EPC_Delivery.SystemCode,33,fixture/recheck ×27; fixture/item ×6,#/fixture/member-evidence/item/2/2/0,1,四、具体缺什么 ‹ 不满足的要求 › EPC_Delivery.SystemCode
E136,10-08,A,domain-517,D,规则来源,DETAILS_WORDS,requirementMet,Requirement,要求,界面文字（为本界面所写）,50d129b,#34,42720ab,42720ab,#21,,,,,,30,fixture/recheck ×30,#/fixture/recheck-requirement-relaxed/recheck/5/0,1,"At the assessment before the recheck, this evidence's requirement and result were as follows. Having ‹ Requirement › IFCRELCONTAINEDINSPATIALSTRUCTURE",27,fixture/recheck ×27,#/fixture/recheck-both-reissued/recheck/5/0,1,复检前那次评估时，这条证据的要求和结果如下。有这段说明不等于这一行可以比较；这一行的状态以上面写的为准。 ‹ 要求 › IFCRELCONTAINEDINSPATIALSTRUCTURE
E137,10-08,A,domain-517,D,规则来源,DETAILS_WORDS,rule,Rule,规则编号,界面文字（为本界面所写）,50d129b,#34,42720ab,42720ab,#21,,,,,,66,fixture/recheck ×60; fixture/item ×6,#/fixture/member-evidence/item/2/2/0,1,EPC_Delivery.SystemCode ‹ Rule › R-005B,60,fixture/recheck ×54; fixture/item ×6,#/fixture/member-evidence/item/2/2/0,1,EPC_Delivery.SystemCode ‹ 规则编号 › R-005B
E138,10-08,A,domain-517,D,规则来源,DETAILS_WORDS,status,Result of that check,那次检查的结果,界面文字（为本界面所写）,50d129b,#34,42720ab,42720ab,#21,,,,,,66,fixture/recheck ×60; fixture/item ×6,#/fixture/member-evidence/item/2/2/0,6,R-005B ‹ Result of that check › Fail,60,fixture/recheck ×54; fixture/item ×6,#/fixture/member-evidence/item/2/2/0,1,R-005B ‹ 那次检查的结果 › 不通过
E139,10-08,A,domain-517,D,规则来源,DETAILS_WORDS,reason,Reason,原因,界面文字（为本界面所写）,50d129b,#34,42720ab,42720ab,#21,,,,,,66,fixture/recheck ×60; fixture/item ×6,#/fixture/member-evidence/item/2/2/0,1,Fail ‹ Reason › The required property set does not exist,183,fixture/activity ×123; fixture/recheck ×54; fixture/item ×6,#/fixture/member-evidence/item/2/2/0,1,不通过 ‹ 原因 › 所要求的属性集不存在（要补的是整个属性集，不是给已有属性填值）The required property set does not exist
E140,10-08,A,domain-517,D,规则来源,DETAILS_WORDS,actual,Value that check observed,那次检查观察到的值,界面文字（为本界面所写）,50d129b,#34,42720ab,42720ab,#21,,,,,,66,fixture/recheck ×60; fixture/item ×6,#/fixture/member-evidence/item/2/2/0,6,The required property set does not exist ‹ Value that check observed › That check observed no value,60,fixture/recheck ×54; fixture/item ×6,#/fixture/member-evidence/item/2/2/0,1,所要求的属性集不存在（要补的是整个属性集，不是给已有属性填值）The required property set does not exist ‹ 那次检查观察到的值 › 那次检查没有观察到值
E141,10-08,A,domain-517,D,规则来源,DETAILS_WORDS,noActual,That check observed no value,那次检查没有观察到值,界面文字（为本界面所写）,50d129b,#34,42720ab,42720ab,#21,,,,,,66,fixture/recheck ×60; fixture/item ×6,#/fixture/member-evidence/item/2/2/0,6,Value that check observed ‹ That check observed no value › The rule's own words,60,fixture/recheck ×54; fixture/item ×6,#/fixture/member-evidence/item/2/2/0,1,那次检查观察到的值 ‹ 那次检查没有观察到值 › 规则的原话（英文）
E142,10-08,A,domain-517,D,规则来源,DETAILS_WORDS,hasActual,That check observed a value; this page does not show it,那次检查观察到了值；本页不显示取值,界面文字（为本界面所写）,50d129b,#34,42720ab,42720ab,#21,,,,,,0,,,0,,0,,,0,
E143,10-08,A,domain-517,D,规则来源,DETAILS_WORDS,expected,The rule's own words,规则的原话（英文）,界面文字（为本界面所写）,50d129b,#34,42720ab,42720ab,#21,,,,WORKSPACE.ruleExpected,,74,fixture/recheck ×60; fixture/item ×6; ws-compare:workspace/finding ×3; ws-notreeval:workspace/finding ×2; ws-single:workspace/finding ×2; ws-newly:workspace/finding ×1,#/fixture/member-evidence/item/2/2/0,6,That check observed no value ‹ The rule's own words › SystemCode data shall be provided in the dataset EPC_Delivery,71,fixture/recheck ×54; fixture/item ×6; ws-compare:workspace/finding ×3; ws-newly:workspace/finding ×3; ws-single:workspace/finding ×3; ws-notreeval:workspace/finding ×2,#/fixture/member-evidence/item/2/2/0,1,那次检查没有观察到值 ‹ 规则的原话（英文） › SystemCode data shall be provided in the dataset EPC_Delivery
E144,10-08,A,domain-517,D,规则来源,DETAILS_WORDS,source,Source the rule gives: ,规则给出的出处（英文原文）：,界面文字（为本界面所写）,50d129b,#34,42720ab,42720ab,#21,,,,,,66,fixture/recheck ×60; fixture/item ×6,#/fixture/member-evidence/item/2/2/0,6,"Project-assumed EPC delivery requirement; not a buildingSMART obligation. ‹ This is a requirement agreed for this project, not a general one. Source the rule gives: Project-assumed EPC delivery requirement; not a buildingSMART obligation. › EPC_Delivery.AssetTag",60,fixture/recheck ×54; fixture/item ×6,#/fixture/member-evidence/item/2/2/0,6,Project-assumed EPC delivery requirement; not a buildingSMART obligation. ‹ 这是本项目约定的要求，不是通用要求。 规则给出的出处（英文原文）：Project-assumed EPC delivery requirement; not a buildingSMART obligation. › EPC_Delivery.AssetTag
E145,10-08,A,domain-517,D,规则来源,DETAILS_WORDS,projectAssumption,"This is a requirement agreed for this project, not a general one.",这是本项目约定的要求，不是通用要求。,界面文字（为本界面所写）,50d129b,#34,42720ab,42720ab,#21,,,,,,36,fixture/recheck ×30; fixture/item ×6,#/fixture/member-evidence/item/2/2/0,6,"Project-assumed EPC delivery requirement; not a buildingSMART obligation. ‹ This is a requirement agreed for this project, not a general one. Source the rule gives: Project-assumed EPC delivery requirement; not a buildingSMART obligation. › EPC_Delivery.AssetTag",33,fixture/recheck ×27; fixture/item ×6,#/fixture/member-evidence/item/2/2/0,6,Project-assumed EPC delivery requirement; not a buildingSMART obligation. ‹ 这是本项目约定的要求，不是通用要求。 规则给出的出处（英文原文）：Project-assumed EPC delivery requirement; not a buildingSMART obligation. › EPC_Delivery.AssetTag
E146,10-08,A,domain-517,D,规则来源,DETAILS_WORDS,gap,"What value to fill in, and which Revit parameter it maps to, the record does not say.",要填什么值、对应哪个 Revit 参数，记录未提供。,界面文字（为本界面所写）,50d129b,#34,42720ab,42720ab,#21,,,,,,0,,,0,,0,,,0,
E147,10-08,A,domain-517,D,规则来源,DETAILS_WORDS,prior,"At the assessment before the recheck, this evidence's requirement and result were as follows. Having this description does not make the row comparable; the row's state is what is written above.",复检前那次评估时，这条证据的要求和结果如下。有这段说明不等于这一行可以比较；这一行的状态以上面写的为准。,界面文字（为本界面所写）,50d129b,#34,42720ab,42720ab,#21,,,,,,60,fixture/recheck ×60,#/fixture/recheck-requirement-relaxed/recheck/7/2,6,"Corresponding evidence this record cites: fixture/finding/2375f7d8-1f96-5900-8a52-efc5fd7a67a7Copy S ‹ At the assessment before the recheck, this evidence's requirement and result were as follows. Having this description does not make the row comparable; the row's state is what is written above. › Requirement not met",54,fixture/recheck ×54,#/fixture/recheck-both-reissued/recheck/5/0,6,本次记录引用的对应证据：fixture/finding/2c232698-eeff-592e-a20a-a48be0847c64复制 模拟的检查结果 ‹ 复检前那次评估时，这条证据的要求和结果如下。有这段说明不等于这一行可以比较；这一行的状态以上面写的为准。 › 要求
E148,10-08,A,domain-517,D,规则来源,DETAILS_WORDS,currentAbsent,The corresponding evidence this record cites: its requirement details are not given in the record.,本次记录引用的对应证据：要求明细记录未提供。,界面文字（为本界面所写）,50d129b,#34,42720ab,42720ab,#21,,,,,,54,fixture/recheck ×54,#/fixture/recheck-requirement-relaxed/recheck/7/2,6,"This is a requirement agreed for this project, not a general one. Source the rule gives: Project-ass ‹ The corresponding evidence this record cites: its requirement details are not given in the record. › There is exactly one corresponding check result; model version, check result content, check requirem",54,fixture/recheck ×54,#/fixture/recheck-both-reissued/recheck/5/0,6,规则给出的出处（英文原文）：ISO 19650-1:2018 §5.4 — deliverables must be spatially locatable. ‹ 本次记录引用的对应证据：要求明细记录未提供。 › 对应的检查结果只有一条，逐项比较后至少有一个方面不同。
E149,10-15,,domain-517,D,复检：构件去向,DISPOSITIONS,present,Still in this check's scope; conclusion and condition are read separately,仍在本次检查范围内；判断与条件另看,界面文字（为本界面所写）,50d129b,#34,55e90ba,f4a984f,#21,,,,DISPOSITION_ENTRIES.present.text,DISPOSITION_ENTRIES.present.text,20,fixture/result ×10; fixture/recheck ×10,#/fixture/recheck-requirement-relaxed,2,"The items in the record before the recheck (13), and where they stand now ‹ Still in this check's scope; conclusion and condition are read separately × 13 › The old evidence cited before the recheck (15 rows), compared with this record",17,fixture/recheck ×9; fixture/result ×8,#/fixture/recheck-both-reissued,2,复检前记录里的事项（13 个），现在的情况 ‹ 仍在本次检查范围内；判断与条件另看 × 11 › 这两个构件现在不再被配成一对来检查，不等于开洞已补 × 2
E150,10-15,,domain-517,D,复检：构件去向,DISPOSITIONS,element-deleted-in-reissued-model,Deleted in the re-issued model; that is not a fix,在重发模型中删除，不等于修复,界面文字（为本界面所写）,50d129b,#34,55e90ba,55e90ba,#13,,,,DISPOSITION_ENTRIES.element-deleted-in-reissued-model.text,DISPOSITION_ENTRIES.element-deleted-in-reissued-model.text,23,fixture/recheck ×13; fixture/result ×10,#/fixture/recheck-requirement-relaxed,5,element-deleted-in-reissued-model ‹ Deleted in the re-issued model; that is not a fix › element-out-of-subject-class,20,fixture/recheck ×12; fixture/result ×8,#/fixture/recheck-both-reissued,5,element-deleted-in-reissued-model ‹ 在重发模型中删除，不等于修复 › element-out-of-subject-class
E151,10-15,,domain-517,D,复检：构件去向,DISPOSITIONS,element-out-of-subject-class,No longer of this activity's subject classes; that is not a fix,已不属于此活动对象类别，不等于修复,界面文字（为本界面所写）,50d129b,#34,55e90ba,55e90ba,#13,,,,DISPOSITION_ENTRIES.element-out-of-subject-class.text,DISPOSITION_ENTRIES.element-out-of-subject-class.text,20,fixture/result ×10; fixture/recheck ×10,#/fixture/recheck-requirement-relaxed,1,element-out-of-subject-class ‹ No longer of this activity's subject classes; that is not a fix › pairing-no-longer-derived,17,fixture/recheck ×9; fixture/result ×8,#/fixture/recheck-both-reissued,1,element-out-of-subject-class ‹ 已不属于此活动对象类别，不等于修复 › pairing-no-longer-derived
E152,10-15,,domain-517,D,复检：构件去向,DISPOSITIONS,pairing-no-longer-derived,These two elements are no longer paired for checking; that does not mean the opening was added,这两个构件现在不再被配成一对来检查，不等于开洞已补,界面文字（为本界面所写）,50d129b,#34,55e90ba,eb05f61,#21,,,,DISPOSITION_ENTRIES.pairing-no-longer-derived.text,DISPOSITION_ENTRIES.pairing-no-longer-derived.text,31,fixture/recheck ×21; fixture/result ×10,#/fixture/recheck-requirement-relaxed,4,pairing-no-longer-derived ‹ These two elements are no longer paired for checking; that does not mean the opening was added › outside-declared-scope,28,fixture/recheck ×20; fixture/result ×8,#/fixture/recheck-both-reissued,4,这个事项现在 ‹ 这两个构件现在不再被配成一对来检查，不等于开洞已补 › 一对构件house - chimney 与 floorhouse - chimney：烟囱 IfcChimney · 00 groundfloor · 模型 hvacfloor：楼板 IfcSlab
E153,10-15,,domain-517,D,复检：构件去向,DISPOSITIONS,outside-declared-scope,This scope was not declared this time; that does not mean the problem is gone,本次未声明该范围，不等于问题解除,界面文字（为本界面所写）,50d129b,#34,55e90ba,55e90ba,#13,,,,DISPOSITION_ENTRIES.outside-declared-scope.text,DISPOSITION_ENTRIES.outside-declared-scope.text,20,fixture/result ×10; fixture/recheck ×10,#/fixture/recheck-requirement-relaxed,1,"outside-declared-scope ‹ This scope was not declared this time; that does not mean the problem is gone › Conditions left before the recheck: state codes (there is no ""the whole condition is met"")",17,fixture/recheck ×9; fixture/result ×8,#/fixture/recheck-both-reissued,1,outside-declared-scope ‹ 本次未声明该范围，不等于问题解除 › 复检前留下的条件：状态原码（没有“整句条件已满足”）
E154,10-15,,domain-517,D,复检：构件去向,DISPOSITION_ENTRIES,present.text,Still in this check's scope; conclusion and condition are read separately,仍在本次检查范围内；判断与条件另看,界面文字（为本界面所写）,50d129b,#34,eb05f61,f4a984f,#21,,,,DISPOSITIONS.present,DISPOSITIONS.present,20,fixture/result ×10; fixture/recheck ×10,#/fixture/recheck-requirement-relaxed,2,"The items in the record before the recheck (13), and where they stand now ‹ Still in this check's scope; conclusion and condition are read separately × 13 › The old evidence cited before the recheck (15 rows), compared with this record",17,fixture/recheck ×9; fixture/result ×8,#/fixture/recheck-both-reissued,2,复检前记录里的事项（13 个），现在的情况 ‹ 仍在本次检查范围内；判断与条件另看 × 11 › 这两个构件现在不再被配成一对来检查，不等于开洞已补 × 2
E155,10-15,,domain-517,D,复检：构件去向,DISPOSITION_ENTRIES,present.next,"See the current place the record gives below: the conclusion now, the next step and the handling role all follow it.",看下面记录给出的当前情况：现在的判断、下一步和处理角色都以它为准。,界面文字（为本界面所写）,50d129b,#34,eb05f61,f4a984f,#21,,,,,,0,,,0,,0,,,0,
E156,10-15,,domain-517,D,复检：构件去向,DISPOSITION_ENTRIES,element-deleted-in-reissued-model.text,Deleted in the re-issued model; that is not a fix,在重发模型中删除，不等于修复,界面文字（为本界面所写）,50d129b,#34,eb05f61,eb05f61,#21,,,,DISPOSITIONS.element-deleted-in-reissued-model,DISPOSITIONS.element-deleted-in-reissued-model,23,fixture/recheck ×13; fixture/result ×10,#/fixture/recheck-requirement-relaxed,5,element-deleted-in-reissued-model ‹ Deleted in the re-issued model; that is not a fix › element-out-of-subject-class,20,fixture/recheck ×12; fixture/result ×8,#/fixture/recheck-both-reissued,5,element-deleted-in-reissued-model ‹ 在重发模型中删除，不等于修复 › element-out-of-subject-class
E157,10-15,,domain-517,D,复检：构件去向,DISPOSITION_ENTRIES,element-deleted-in-reissued-model.next,The record gives no next step for a deleted element. Check in the source model whether this deletion was an intended design change; this preview cannot record that confirmation.,记录没有为已删除的构件给出下一步。请在源模型里核对这次删除是不是有意的设计变更；本预览不能记录这种确认。,界面文字（为本界面所写）,50d129b,#34,eb05f61,eb05f61,#21,,,,,,3,fixture/recheck ×3,#/fixture/recheck-member-gone/recheck/0/0,1,"2. What to do, who deals with it, what a recheck must show ‹ The record gives no next step for a deleted element. Check in the source model whether this deletion was an intended design change; this preview cannot record that confirmation. › The record does not give this item's current place, so this page has no action, handling team or def",3,fixture/recheck ×3,#/fixture/recheck-member-gone/recheck/0/0,1,二、要做什么、由谁处理、完成后拿什么复检 ‹ 记录没有为已删除的构件给出下一步。请在源模型里核对这次删除是不是有意的设计变更；本预览不能记录这种确认。 › 记录没有给出这一项的当前情况，所以本页没有处理动作、处理团队或默认处理角色可以显示。复检前记录里的这些信息也没有随复检记录返回。
E158,10-15,,domain-517,D,复检：构件去向,DISPOSITION_ENTRIES,element-out-of-subject-class.text,No longer of this activity's subject classes; that is not a fix,已不属于此活动对象类别，不等于修复,界面文字（为本界面所写）,50d129b,#34,eb05f61,eb05f61,#21,,,,DISPOSITIONS.element-out-of-subject-class,DISPOSITIONS.element-out-of-subject-class,20,fixture/result ×10; fixture/recheck ×10,#/fixture/recheck-requirement-relaxed,1,element-out-of-subject-class ‹ No longer of this activity's subject classes; that is not a fix › pairing-no-longer-derived,17,fixture/recheck ×9; fixture/result ×8,#/fixture/recheck-both-reissued,1,element-out-of-subject-class ‹ 已不属于此活动对象类别，不等于修复 › pairing-no-longer-derived
E159,10-15,,domain-517,D,复检：构件去向,DISPOSITION_ENTRIES,element-out-of-subject-class.next,The record gives no next step for it. Check whether the element's class (the export mapping) was changed on purpose; a changed class only means this activity no longer checks it.,记录没有为它给出下一步。请核对构件的类别（导出映射）是不是有意改变；类别变了只说明本活动不再检查它。,界面文字（为本界面所写）,50d129b,#34,eb05f61,eb05f61,#21,,,,,,0,,,0,,0,,,0,
E160,10-15,,domain-517,D,复检：构件去向,DISPOSITION_ENTRIES,pairing-no-longer-derived.text,These two elements are no longer paired for checking; that does not mean the opening was added,这两个构件现在不再被配成一对来检查，不等于开洞已补,界面文字（为本界面所写）,50d129b,#34,eb05f61,eb05f61,#21,,,,DISPOSITIONS.pairing-no-longer-derived,DISPOSITIONS.pairing-no-longer-derived,31,fixture/recheck ×21; fixture/result ×10,#/fixture/recheck-requirement-relaxed,4,pairing-no-longer-derived ‹ These two elements are no longer paired for checking; that does not mean the opening was added › outside-declared-scope,28,fixture/recheck ×20; fixture/result ×8,#/fixture/recheck-both-reissued,4,这个事项现在 ‹ 这两个构件现在不再被配成一对来检查，不等于开洞已补 › 一对构件house - chimney 与 floorhouse - chimney：烟囱 IfcChimney · 00 groundfloor · 模型 hvacfloor：楼板 IfcSlab
E161,10-15,,domain-517,D,复检：构件去向,DISPOSITION_ENTRIES,pairing-no-longer-derived.next,"The record gives no next step for this pair. Check whether the basis that stopped them being paired (see ""the reason the record gives"") is a conclusion you accept; the original problem has not been shown to be fixed.",记录没有为这一对构件给出下一步。请核对让它不再被配对的那份依据（见“记录给出的原因”）是不是你认可的结论；原来的问题没有被证明已修复。,界面文字（为本界面所写）,50d129b,#34,eb05f61,f4a984f,#21,,,,,,11,fixture/recheck ×11,#/fixture/recheck-both-reissued/recheck/2/0,1,"2. What to do, who deals with it, what a recheck must show ‹ The record gives no next step for this pair. Check whether the basis that stopped them being paired (see ""the reason the record gives"") is a conclusion you accept; the original problem has not been shown to be fixed. › The record does not give this item's current place, so this page has no action, handling team or def",11,fixture/recheck ×11,#/fixture/recheck-both-reissued/recheck/2/0,1,二、要做什么、由谁处理、完成后拿什么复检 ‹ 记录没有为这一对构件给出下一步。请核对让它不再被配对的那份依据（见“记录给出的原因”）是不是你认可的结论；原来的问题没有被证明已修复。 › 记录没有给出这一项的当前情况，所以本页没有处理动作、处理团队或默认处理角色可以显示。复检前记录里的这些信息也没有随复检记录返回。
E162,10-15,,domain-517,D,复检：构件去向,DISPOSITION_ENTRIES,outside-declared-scope.text,This scope was not declared this time; that does not mean the problem is gone,本次未声明该范围，不等于问题解除,界面文字（为本界面所写）,50d129b,#34,eb05f61,eb05f61,#21,,,,DISPOSITIONS.outside-declared-scope,DISPOSITIONS.outside-declared-scope,20,fixture/result ×10; fixture/recheck ×10,#/fixture/recheck-requirement-relaxed,1,"outside-declared-scope ‹ This scope was not declared this time; that does not mean the problem is gone › Conditions left before the recheck: state codes (there is no ""the whole condition is met"")",17,fixture/recheck ×9; fixture/result ×8,#/fixture/recheck-both-reissued,1,outside-declared-scope ‹ 本次未声明该范围，不等于问题解除 › 复检前留下的条件：状态原码（没有“整句条件已满足”）
E163,10-15,,domain-517,D,复检：构件去向,DISPOSITION_ENTRIES,outside-declared-scope.next,"This element was not checked again this time. For a conclusion, a new recheck that includes it is needed; this preview cannot start one.",这个构件本次没有被重新检查。需要结论时，要重新发起一次包含它的复检；本预览不能发起。,界面文字（为本界面所写）,50d129b,#34,eb05f61,f4a984f,#21,,,,,,0,,,0,,0,,,0,
E164,10-15,,domain-517,D,构件卡片用语,ELEMENT_WORDS,unnamed,No name filled in in the model,模型中没有填写名称,界面文字（为本界面所写）,39ae8ba,#33,f4a984f,f4a984f,#21,,,,,,0,,,0,,0,,,0,
E165,10-15,,domain-517,D,构件卡片用语,ELEMENT_WORDS,noFacts,The record returned nothing readable about this element,记录没有返回这个构件的可读信息,界面文字（为本界面所写）,39ae8ba,#33,f4a984f,f4a984f,#21,,,,,,0,,,0,,0,,,0,
E166,10-15,,domain-517,D,构件卡片用语,ELEMENT_WORDS,noStorey,No storey assignment in the model,模型中没有楼层归属,界面文字（为本界面所写）,39ae8ba,#33,f4a984f,f4a984f,#21,,,,,,36,fixture/recheck ×21; fixture/result ×12; fixture/item ×2; fixture/first ×1,#/fixture/member-evidence,1,"house - chimney: IfcChimney (IFC class) · 00 groundfloor · model hvac ‹ house - roof: IfcRoof (IFC class) · No storey assignment in the model · model architecture › In the receiving side's model, model an opening or shaft in the element it passes through, not a voi",12,fixture/recheck ×10; fixture/item ×2,#/fixture/member-evidence/item/0/4/0,1,屋顶 IfcRoof ‹ 模型中没有楼层归属 › architecture：本次交接中接收方的模型这是模型标识，不是专业声明
E167,10-15,,domain-517,D,构件卡片用语,ELEMENT_WORDS,noDiscipline,The record gives no discipline; this interface does not infer one from a model identifier,记录未提供专业信息；本界面不从模型标识推断专业,界面文字（为本界面所写）,39ae8ba,#33,f4a984f,f4a984f,#21,,,,,,157,fixture/recheck ×131; fixture/item ×26,#/fixture/member-evidence/item/0/2/0,2,Discipline ‹ The record gives no discipline; this interface does not infer one from a model identifier › GlobalId,140,fixture/recheck ×116; fixture/item ×24,#/fixture/member-evidence/item/0/2/0,2,专业 ‹ 记录未提供专业信息；本界面不从模型标识推断专业 › GlobalId
E168,10-15,,domain-517,D,构件卡片用语,ELEMENT_WORDS,modelIsNotDiscipline,"This is a model identifier, not a statement of discipline",这是模型标识，不是专业声明,界面文字（为本界面所写）,39ae8ba,#33,f4a984f,f4a984f,#21,,,,,,157,fixture/recheck ×131; fixture/item ×26,#/fixture/member-evidence/item/0/2/0,2,"Model ‹ hvac: the handing-over side's model in this handoverThis is a model identifier, not a statement of discipline › Discipline",140,fixture/recheck ×116; fixture/item ×24,#/fixture/member-evidence/item/0/2/0,2,所属模型 ‹ hvac：本次交接中交出方的模型这是模型标识，不是专业声明 › 专业
E169,10-15,,domain-517,D,构件卡片用语,ELEMENT_WORDS,noClassName,(IFC class),本界面没有这个类别的中文名,界面文字（为本界面所写）,39ae8ba,#33,f4a984f,f4a984f,#21,,,,,,195,fixture/recheck ×141; fixture/item ×26; fixture/result ×12; ws-compare:workspace/finding ×3; ws-notreeval:workspace/finding ×2; ws-single:workspace/finding ×2,#/fixture/member-evidence,1,Element details and what to do ‹ (IFC class) › IfcAirTerminal (IFC class) · 00 groundfloor · model hvac,0,,,0,
E170,10-15,,domain-517,D,构件卡片用语,ELEMENT_WORDS,naming,"The name is taken from the model file itself; it may be empty or shared with other elements. To find it in the model, use the GlobalId.",名称取自模型文件本身，可能为空，也可能与别的构件重名；要在模型里定位，请用 GlobalId。,界面文字（为本界面所写）,39ae8ba,#33,f4a984f,f4a984f,#21,,,,,,157,fixture/recheck ×131; fixture/item ×26,#/fixture/member-evidence/item/0/2/0,1,"hvac::23uPJWDfXEcwHH3kdFgV9c ‹ The name is taken from the model file itself; it may be empty or shared with other elements. To find it in the model, use the GlobalId. › 4. What exactly is missing",140,fixture/recheck ×116; fixture/item ×24,#/fixture/member-evidence/item/0/2/0,1,hvac::23uPJWDfXEcwHH3kdFgV9c ‹ 名称取自模型文件本身，可能为空，也可能与别的构件重名；要在模型里定位，请用 GlobalId。 › 四、具体缺什么
E171,10-15,,domain-517,D,示例目录说明,EXAMPLES,member-evidence.step,Step 1,第一步,界面文字（为本界面所写）,39ae8ba,#33,968422d,968422d,#21,,,,,,1,fixture/list ×1,#/fixture,1,"Choose a simulated example ‹ Step 1 › A first check: the model was handed over, and these items were found",1,fixture/list ×1,#/fixture,1,选择一个模拟示例 ‹ 第一步 › 一次首次检查：交了模型，发现这些事项
E172,10-15,,domain-517,D,示例目录说明,EXAMPLES,member-evidence.question,"The handing-over side has handed over its model: which items need dealing with, who deals with each, and what does each one need?",交出方交了模型：有哪些事项要处理，各由谁处理，每一项要做什么？,界面文字（为本界面所写）,39ae8ba,#33,968422d,968422d,#21,,,,,,1,fixture/list ×1,#/fixture,1,"A first check: the model was handed over, and these items were found ‹ The handing-over side has handed over its model: which items need dealing with, who deals with each, and what does each one need? › About this example",1,fixture/list ×1,#/fixture,1,一次首次检查：交了模型，发现这些事项 ‹ 交出方交了模型：有哪些事项要处理，各由谁处理，每一项要做什么？ › 示例说明
E173,10-15,,domain-517,D,示例目录说明,EXAMPLES,member-evidence.given,"This example was given: the bundled sample project's two models; the handling teams, and the human determinations (whether something passes through, the state of openings, whether the two models are aligned), set by the example.",这个示例被给了：随附样例项目的两份模型；处理团队的安排，以及人工判定（是否穿过、洞口情况、两侧模型是否对齐），由示例设定。,界面文字（为本界面所写）,39ae8ba,#33,968422d,968422d,#21,,,,,,1,fixture/list ×1,#/fixture,1,"About this example ‹ About this example This example was given: the bundled sample project's two models; the handling teams, and the human determinations (whether something passes through, the state of openings, whether the two models are aligned), set by the example. › Open this example's result",1,fixture/list ×1,#/fixture,1,示例说明 ‹ 示例说明 这个示例被给了：随附样例项目的两份模型；处理团队的安排，以及人工判定（是否穿过、洞口情况、两侧模型是否对齐），由示例设定。 › 打开这个示例的结果
E174,10-15,,domain-517,D,示例目录说明,EXAMPLES,recheck-requirement-relaxed.step,Step 2,第二步,界面文字（为本界面所写）,39ae8ba,#33,968422d,968422d,#21,,,,,,1,fixture/list ×1,#/fixture,1,"Step 1A first check: the model was handed over, and these items were foundThe handing-over side has ‹ Step 2 › The models did not change, but a handover conclusion did",1,fixture/list ×1,#/fixture,1,第一步一次首次检查：交了模型，发现这些事项交出方交了模型：有哪些事项要处理，各由谁处理，每一项要做什么？示例说明 这个示例被给了：随附样例项目的两份模型；处理团队的安排，以及人工判定（是否穿过、洞口情 ‹ 第二步 › 模型未改，但交接判断发生变化
E175,10-15,,domain-517,D,示例目录说明,EXAMPLES,recheck-requirement-relaxed.question,"The same record after a recheck: neither model was re-issued, yet a conclusion changed. Which one changed, and why?",同一份记录复检之后：两侧模型都没有重新发布，却有判断变了。变的是哪一项，为什么？,界面文字（为本界面所写）,39ae8ba,#33,f4a984f,968422d,#21,,,,,,1,fixture/list ×1,#/fixture,1,"The models did not change, but a handover conclusion did ‹ The same record after a recheck: neither model was re-issued, yet a conclusion changed. Which one changed, and why? › About this example This example was given: one cited check requirement was relaxed; neither the hand",1,fixture/list ×1,#/fixture,1,模型未改，但交接判断发生变化 ‹ 同一份记录复检之后：两侧模型都没有重新发布，却有判断变了。变的是哪一项，为什么？ › 示例说明 这个示例被给了：一条被引用的检查要求放宽了；交出方和接收方的模型版本都没有变。
E176,10-15,,domain-517,D,示例目录说明,EXAMPLES,recheck-requirement-relaxed.given,This example was given: one cited check requirement was relaxed; neither the handing-over nor the receiving side's model version changed.,这个示例被给了：一条被引用的检查要求放宽了；交出方和接收方的模型版本都没有变。,界面文字（为本界面所写）,39ae8ba,#33,f4a984f,f4a984f,#21,,,,,,1,fixture/list ×1,#/fixture,1,"The same record after a recheck: neither model was re-issued, yet a conclusion changed. Which one ch ‹ About this example This example was given: one cited check requirement was relaxed; neither the handing-over nor the receiving side's model version changed. › Step 2The models did not change, but a handover conclusion didThe same record after a recheck: neith",1,fixture/list ×1,#/fixture,1,同一份记录复检之后：两侧模型都没有重新发布，却有判断变了。变的是哪一项，为什么？ ‹ 示例说明 这个示例被给了：一条被引用的检查要求放宽了；交出方和接收方的模型版本都没有变。 › 第二步模型未改，但交接判断发生变化同一份记录复检之后：两侧模型都没有重新发布，却有判断变了。变的是哪一项，为什么？示例说明 这个示例被给了：一条被引用的检查要求放宽了；交出方和接收方的模型版本都没有变
E177,10-08,A,domain-517,D,范围限制,EXAMPLE_NOTE,,An example's description is written by whoever built the example and says only what the example was given; it is not a conclusion of any check. What the check concluded is on the result page only.,示例说明由搭建示例的人提供，只说这个示例被给了什么；它不是检查得出的结论。检查得出了什么，只看结果页。,界面文字（为本界面所写）,39ae8ba,#33,f4a984f,f4a984f,#21,,,,,,1,fixture/list ×1,#/fixture,1,"Step 2The models did not change, but a handover conclusion didThe same record after a recheck: neith ‹ An example's description is written by whoever built the example and says only what the example was given; it is not a conclusion of any check. What the check concluded is on the result page only. › Other simulated examples",1,fixture/list ×1,#/fixture,1,第二步模型未改，但交接判断发生变化同一份记录复检之后：两侧模型都没有重新发布，却有判断变了。变的是哪一项，为什么？示例说明 这个示例被给了：一条被引用的检查要求放宽了；交出方和接收方的模型版本都没有变 ‹ 示例说明由搭建示例的人提供，只说这个示例被给了什么；它不是检查得出的结论。检查得出了什么，只看结果页。 › 其他模拟示例
E178,10-08,A,domain-517,D,PASS／FAIL／N/A／拒绝区别,FINDING_STATUS,FAIL,Fail,不通过,界面文字（为本界面所写）,50d129b,#34,42720ab,42720ab,#21,,,,,,51,fixture/recheck ×30; fixture/item ×6; ws-compare:workspace/finding ×3; ws-notreeval:workspace/finding ×2; ws-single:workspace/finding ×2; ws-compare:workspace/result ×1,#/fixture/member-evidence/item/2/2/0,1,Result of that check ‹ Fail › Reason,51,fixture/recheck ×27; fixture/item ×6; ws-compare:workspace/finding ×3; ws-newly:workspace/finding ×3; ws-single:workspace/finding ×3; ws-notreeval:workspace/finding ×2,#/fixture/member-evidence/item/2/2/0,1,那次检查的结果 ‹ 不通过 › 原因
E179,10-08,A,domain-517,D,PASS／FAIL／N/A／拒绝区别,FINDING_STATUS,PASS,Pass,通过,界面文字（为本界面所写）,50d129b,#34,42720ab,42720ab,#21,,,,,,35,fixture/recheck ×30; ws-compare:workspace/finding ×3; ws-compare:workspace/result ×1; ws-compare:workspace/compare ×1,#/fixture/recheck-requirement-relaxed/recheck/5/0,1,Result of that check ‹ Pass › Reason,32,fixture/recheck ×27; ws-compare:workspace/finding ×3; ws-compare:workspace/result ×1; ws-compare:workspace/compare ×1,#/fixture/recheck-both-reissued/recheck/5/0,1,那次检查的结果 ‹ 通过 › 原因
E180,10-08,A,domain-517,D,PASS／FAIL／N/A／拒绝区别,FINDING_STATUS,N/A,Not applicable,不适用,界面文字（为本界面所写）,50d129b,#34,d6f89c1,d6f89c1,#26,,,,,,15,ws-compare:workspace/finding ×3; ws-notreeval:workspace/finding ×2; ws-single:workspace/finding ×2; ws-compare:workspace/result ×1; ws-compare:workspace/compare ×1; ws-newly:workspace/result ×1,ws-compare:#/workspace/workspace,8,1 row: Pass ‹ Not applicable › 1 row: Not applicable,18,ws-compare:workspace/finding ×3; ws-newly:workspace/finding ×3; ws-single:workspace/finding ×3; ws-notreeval:workspace/finding ×2; ws-compare:workspace/result ×1; ws-compare:workspace/compare ×1,ws-compare:#/workspace/workspace,1,1 条：通过 ‹ 不适用 › 1 条：不适用
E181,10-08,A,domain-517,D,处理角色／指派,HANDOVER_SIDES,producing,the handing-over side's model in this handover,本次交接中交出方的模型,界面文字（为本界面所写）,50d129b,#34,f4a984f,f4a984f,#21,,,,,,157,fixture/recheck ×131; fixture/item ×26,#/fixture/member-evidence/item/0/2/0,1,"Model ‹ hvac: the handing-over side's model in this handoverThis is a model identifier, not a statement of discipline › Discipline",0,,,0,
E182,10-08,A,domain-517,D,处理角色／指派,HANDOVER_SIDES,consuming,the receiving side's model in this handover,本次交接中接收方的模型,界面文字（为本界面所写）,50d129b,#34,f4a984f,f4a984f,#21,,,,,,25,fixture/recheck ×21; fixture/item ×4,#/fixture/member-evidence/item/0/4/0,1,"No storey assignment in the model ‹ architecture: the receiving side's model in this handoverThis is a model identifier, not a statement of discipline › 2iPwJwpPDCSgMheXwk9cBTCopy",0,,,0,
E183,10-15,,domain-517,D,首页标题与入口说明,HOME,title,Items still to be dealt with in a model handover,查看模型交接中仍需处理的事项,界面文字（为本界面所写）,39ae8ba,#33,f4a984f,f4a984f,#21,,,,,,6,home ×6,#/,1,"‹ Items still to be dealt with in a model handover › For a BIM manager: what a pre-handover check found; after a recheck, which conclusions changed, whic",5,home ×5,#/,1,‹ 查看模型交接中仍需处理的事项 › 帮助 BIM 经理了解：一次交接前检查发现了什么；复检之后，哪些判断变了、哪些事项仍需处理、每一项涉及哪些构件、依据是什么、下一步做什么。
E184,10-15,,domain-517,D,首页标题与入口说明,HOME,lede,"For a BIM manager: what a pre-handover check found; after a recheck, which conclusions changed, which items still need dealing with, which elements each one involves, what it rests on, and what to do next.",帮助 BIM 经理了解：一次交接前检查发现了什么；复检之后，哪些判断变了、哪些事项仍需处理、每一项涉及哪些构件、依据是什么、下一步做什么。,界面文字（为本界面所写）,39ae8ba,#33,f4a984f,f4a984f,#21,,,,,,6,home ×6,#/,1,"Items still to be dealt with in a model handover ‹ For a BIM manager: what a pre-handover check found; after a recheck, which conclusions changed, which items still need dealing with, which elements each one involves, what it rests on, and what to do next. › This is an example preview: you cannot import your own Revit model yet, and it gives no overall comp",5,home ×5,#/,1,查看模型交接中仍需处理的事项 ‹ 帮助 BIM 经理了解：一次交接前检查发现了什么；复检之后，哪些判断变了、哪些事项仍需处理、每一项涉及哪些构件、依据是什么、下一步做什么。 › 当前为示例预览：尚不能导入自己的 Revit 模型，也不提供整体合规或可施工结论。
E185,10-08,A,domain-517,D,范围限制（首页写明不能做什么）,HOME,status,"This is an example preview: you cannot import your own Revit model yet, and it gives no overall compliance or ready-to-build conclusion.",当前为示例预览：尚不能导入自己的 Revit 模型，也不提供整体合规或可施工结论。,界面文字（为本界面所写）,39ae8ba,#33,f4a984f,f4a984f,#21,,,,,,1,home ×1,#/,1,"For a BIM manager: what a pre-handover check found; after a recheck, which conclusions changed, whic ‹ This is an example preview: you cannot import your own Revit model yet, and it gives no overall compliance or ready-to-build conclusion. › What you can do now",1,home ×1,#/,1,帮助 BIM 经理了解：一次交接前检查发现了什么；复检之后，哪些判断变了、哪些事项仍需处理、每一项涉及哪些构件、依据是什么、下一步做什么。 ‹ 当前为示例预览：尚不能导入自己的 Revit 模型，也不提供整体合规或可施工结论。 › 现在可以做什么
E186,10-08,A,domain-517,D,范围限制（首页写明不能做什么）,HOME,statusWithWorkspace,"Two things are offered here: a real check already run in the workspace named when the server was started, and simulated examples. You cannot import, choose or change a model on this page, and it gives no overall compliance or ready-to-build conclusion.",当前同时提供两样：启动服务器时指定的工作区里一次已经跑完的真实检查，以及模拟示例。页面上不能导入、选择或更换模型，也不提供整体合规或可施工结论。,界面文字（为本界面所写）,39ae8ba,#33,70198bb,70198bb,#27,,#27 70198bb,,,,5,home ×5,ws-compare:#/,1,"For a BIM manager: what a pre-handover check found; after a recheck, which conclusions changed, whic ‹ Two things are offered here: a real check already run in the workspace named when the server was started, and simulated examples. You cannot import, choose or change a model on this page, and it gives no overall compliance or ready-to-build conclusion. › What you can do now",4,home ×4,ws-compare:#/,1,帮助 BIM 经理了解：一次交接前检查发现了什么；复检之后，哪些判断变了、哪些事项仍需处理、每一项涉及哪些构件、依据是什么、下一步做什么。 ‹ 当前同时提供两样：启动服务器时指定的工作区里一次已经跑完的真实检查，以及模拟示例。页面上不能导入、选择或更换模型，也不提供整体合规或可施工结论。 › 现在可以做什么
E187,10-08,A,domain-517,D,范围限制（首页写明不能做什么）,HOME,statusWorkspaceUnknown,"Could not confirm whether the server was started with a workspace, so there is no entry to a real check here; that does not mean there is no workspace — the error is below. The simulated examples are available as usual. You cannot import, choose or change a model on this page, and it gives no overall compliance or ready-to-build conclusion.",未能确认服务器是否指定了工作区，所以这里没有真实检查的入口；这不等于没有工作区，错误原文在下面。模拟示例照常可看。页面上不能导入、选择或更换模型，也不提供整体合规或可施工结论。,界面文字（为本界面所写）,39ae8ba,#33,82aa943,82aa943,#31,,#31 82aa943,,,,0,,,0,,0,,,0,
E188,10-15,,domain-517,D,首页标题与入口说明,HOME,example.title,Look at a simulated example,看一个模拟示例,界面文字（为本界面所写）,39ae8ba,#33,f4a984f,f4a984f,#21,,,,,,6,home ×6,#/,1,"What you can do now ‹ Look at a simulated example › Start from a first check: find the items that need dealing with, and see which elements they involve",5,home ×5,#/,1,现在可以做什么 ‹ 看一个模拟示例 › 从一次首次检查出发：找到需要处理的事项，看清涉及的构件、要做什么、由谁处理、完成后拿什么复检；然后再看同一事项复检后的变化。示例里模拟的内容，页面上逐处标明。
E189,10-15,,domain-517,D,首页标题与入口说明,HOME,example.body,"Start from a first check: find the items that need dealing with, and see which elements they involve, what to do, who deals with it and what a recheck must show; then see how the same item changed after a recheck. What is simulated in the example is marked where it appears.",从一次首次检查出发：找到需要处理的事项，看清涉及的构件、要做什么、由谁处理、完成后拿什么复检；然后再看同一事项复检后的变化。示例里模拟的内容，页面上逐处标明。,界面文字（为本界面所写）,39ae8ba,#33,f4a984f,968422d,#21,,,,,,6,home ×6,#/,1,"Look at a simulated example ‹ Start from a first check: find the items that need dealing with, and see which elements they involve, what to do, who deals with it and what a recheck must show; then see how the same item changed after a recheck. What is simulated in the example is marked where it appears. › Choose a simulated example",5,home ×5,#/,1,看一个模拟示例 ‹ 从一次首次检查出发：找到需要处理的事项，看清涉及的构件、要做什么、由谁处理、完成后拿什么复检；然后再看同一事项复检后的变化。示例里模拟的内容，页面上逐处标明。 › 选择模拟示例
E190,10-15,,domain-517,D,首页标题与入口说明,HOME,example.action,Choose a simulated example,选择模拟示例,界面文字（为本界面所写）,39ae8ba,#33,f4a984f,f4a984f,#21,,,,DIRECTORY.exampleTitle,,7,home ×6; fixture/list ×1,#/,1,"Start from a first check: find the items that need dealing with, and see which elements they involve ‹ Choose a simulated example › See the check attempt on the bundled project",5,home ×5,#/,1,从一次首次检查出发：找到需要处理的事项，看清涉及的构件、要做什么、由谁处理、完成后拿什么复检；然后再看同一事项复检后的变化。示例里模拟的内容，页面上逐处标明。 ‹ 选择模拟示例 › 查看随附项目的检查尝试
E191,10-15,,domain-517,D,首页标题与入口说明,HOME,attempt.title,See the check attempt on the bundled project,查看随附项目的检查尝试,界面文字（为本界面所写）,39ae8ba,#33,f4a984f,f4a984f,#21,,,,,,6,home ×6,#/,1,Choose a simulated example ‹ See the check attempt on the bundled project › The repository comes with a sample project. The check attempt on it did not start an assessment; thi,5,home ×5,#/,1,选择模拟示例 ‹ 查看随附项目的检查尝试 › 仓库随附一个样例项目。对它的检查尝试没有开始评估；这里说明原因。这不是导入入口，不能换成自己的模型。
E192,10-15,,domain-517,D,首页标题与入口说明,HOME,attempt.body,"The repository comes with a sample project. The check attempt on it did not start an assessment; this explains why. It is not an import, and you cannot swap in your own model.",仓库随附一个样例项目。对它的检查尝试没有开始评估；这里说明原因。这不是导入入口，不能换成自己的模型。,界面文字（为本界面所写）,39ae8ba,#33,f4a984f,f4a984f,#21,,,,,,6,home ×6,#/,1,"See the check attempt on the bundled project ‹ The repository comes with a sample project. The check attempt on it did not start an assessment; this explains why. It is not an import, and you cannot swap in your own model. › See this check attempt",5,home ×5,#/,1,查看随附项目的检查尝试 ‹ 仓库随附一个样例项目。对它的检查尝试没有开始评估；这里说明原因。这不是导入入口，不能换成自己的模型。 › 查看这次检查尝试
E193,10-15,,domain-517,D,首页标题与入口说明,HOME,attempt.action,See this check attempt,查看这次检查尝试,界面文字（为本界面所写）,39ae8ba,#33,f4a984f,f4a984f,#21,,,,,,6,home ×6,#/,1,The repository comes with a sample project. The check attempt on it did not start an assessment; thi ‹ See this check attempt › What you cannot do yet,5,home ×5,#/,1,仓库随附一个样例项目。对它的检查尝试没有开始评估；这里说明原因。这不是导入入口，不能换成自己的模型。 ‹ 查看这次检查尝试 › 现在还不能做什么
E194,10-08,A,domain-517,D,范围限制（首页写明不能做什么）,HOME,cannot[0],"Import, choose or change a model on the page, including your own Revit or IFC model",在页面上导入、选择或更换模型，包括自己的 Revit 或 IFC 模型,界面文字（为本界面所写）,39ae8ba,#33,f4a984f,82aa943,#31,,#31 82aa943,,,,6,home ×6,#/,1,"What you cannot do yet ‹ Import, choose or change a model on the page, including your own Revit or IFC model › Give an overall compliance, ready-to-build or ""ready to hand over"" conclusion",5,home ×5,#/,1,现在还不能做什么 ‹ 在页面上导入、选择或更换模型，包括自己的 Revit 或 IFC 模型 › 给出整体合规、可施工或“可以交付”的结论
E195,10-08,A,domain-517,D,范围限制（首页写明不能做什么）,HOME,cannot[1],"Give an overall compliance, ready-to-build or ""ready to hand over"" conclusion",给出整体合规、可施工或“可以交付”的结论,界面文字（为本界面所写）,39ae8ba,#33,f4a984f,f4a984f,#21,,,,,,6,home ×6,#/,1,"Import, choose or change a model on the page, including your own Revit or IFC model ‹ Give an overall compliance, ready-to-build or ""ready to hand over"" conclusion › Write back to a model, upload to the cloud, or open an element in Revit",5,home ×5,#/,1,在页面上导入、选择或更换模型，包括自己的 Revit 或 IFC 模型 ‹ 给出整体合规、可施工或“可以交付”的结论 › 写回模型、上传到云端，或在 Revit 里打开构件
E196,10-08,A,domain-517,D,范围限制（首页写明不能做什么）,HOME,cannot[2],"Write back to a model, upload to the cloud, or open an element in Revit",写回模型、上传到云端，或在 Revit 里打开构件,界面文字（为本界面所写）,39ae8ba,#33,f4a984f,f4a984f,#21,,,,,,6,home ×6,#/,1,"Give an overall compliance, ready-to-build or ""ready to hand over"" conclusion ‹ Write back to a model, upload to the cloud, or open an element in Revit › These are not implemented, so the page has no entry for them.",5,home ×5,#/,1,给出整体合规、可施工或“可以交付”的结论 ‹ 写回模型、上传到云端，或在 Revit 里打开构件 › 这些功能没有实现，所以页面上没有对应的入口。
E197,10-15,,domain-517,D,首页标题与入口说明,HOME,canHeading,What you can do now,现在可以做什么,界面文字（为本界面所写）,39ae8ba,#33,39ae8ba,39ae8ba,#33,中文原句在此前的代码里已有，随该提交移入词表,,,,,6,home ×6,#/,1,"This is an example preview: you cannot import your own Revit model yet, and it gives no overall comp ‹ What you can do now › Look at a simulated example",5,home ×5,#/,1,当前为示例预览：尚不能导入自己的 Revit 模型，也不提供整体合规或可施工结论。 ‹ 现在可以做什么 › 看一个模拟示例
E198,10-15,,domain-517,D,首页标题与入口说明,HOME,cannotHeading,What you cannot do yet,现在还不能做什么,界面文字（为本界面所写）,39ae8ba,#33,39ae8ba,39ae8ba,#33,中文原句在此前的代码里已有，随该提交移入词表,,,,,6,home ×6,#/,1,"See this check attempt ‹ What you cannot do yet › Import, choose or change a model on the page, including your own Revit or IFC model",5,home ×5,#/,1,查看这次检查尝试 ‹ 现在还不能做什么 › 在页面上导入、选择或更换模型，包括自己的 Revit 或 IFC 模型
E199,10-08,A,domain-517,D,范围限制（首页写明不能做什么）,HOME,cannotNote,"These are not implemented, so the page has no entry for them.",这些功能没有实现，所以页面上没有对应的入口。,界面文字（为本界面所写）,39ae8ba,#33,39ae8ba,39ae8ba,#33,中文原句在此前的代码里已有，随该提交移入词表,,,,,6,home ×6,#/,1,"Write back to a model, upload to the cloud, or open an element in Revit ‹ These are not implemented, so the page has no entry for them. ›",5,home ×5,#/,1,写回模型、上传到云端，或在 Revit 里打开构件 ‹ 这些功能没有实现，所以页面上没有对应的入口。 ›
E200,10-08,A,domain-517,D,范围限制,ITEM_UNIT,,"An item is the conclusion for one element (or a pair of elements assessed together) on one piece of the receiving side's work. The same element can appear in several items, so the number of items is not a number of defects.",一个事项是一个构件（或被放在一起评估的一对构件）在接收方的一项工作上的结论。同一个构件可以出现在几个事项里，所以事项数不是缺陷数。,界面文字（为本界面所写）,39ae8ba,#33,968422d,968422d,#21,,,,,,180,fixture/recheck ×141; fixture/item ×26; fixture/result ×12; fixture/first ×1,#/fixture/member-evidence,2,"5 items: the record gives no follow-up action (listed further down this page) ‹ An item is the conclusion for one element (or a pair of elements assessed together) on one piece of the receiving side's work. The same element can appear in several items, so the number of items is not a number of defects. This record involves 6 different elements. › Items to deal with, by handling team (8 items)",161,fixture/recheck ×125; fixture/item ×24; fixture/result ×10; fixture/first ×2,#/fixture/member-evidence,2,5 个事项：记录没有给出后续处理动作（列在本页下方） ‹ 一个事项是一个构件（或被放在一起评估的一对构件）在接收方的一项工作上的结论。同一个构件可以出现在几个事项里，所以事项数不是缺陷数。这份记录共涉及 6 个不同的构件。 › 需要处理的事项，按处理团队（8 个事项）
E201,10-15,,domain-517,D,复检：引用换键,KEY_CHANGED,yes,"The citation changed key (the new key is the ""corresponding evidence this record cites"" above). A change of key is not itself a change.",引用换了键（新键就是上面“本次记录引用的对应证据”）。换键本身不算变化。,界面文字（为本界面所写）,50d129b,#34,eb05f61,eb05f61,#21,,,,,,33,fixture/recheck ×33,#/fixture/recheck-requirement-relaxed/recheck/7/2,6,"There is exactly one corresponding check result; compared aspect by aspect, at least one differs. ‹ The citation changed key (the new key is the ""corresponding evidence this record cites"" above). A change of key is not itself a change. › The check requirement was edited and the check result content changed too: the change in result may",33,fixture/recheck ×33,#/fixture/recheck-both-reissued/recheck/5/0,6,对应的检查结果只有一条，逐项比较后至少有一个方面不同。 ‹ 引用换了键（新键就是上面“本次记录引用的对应证据”）。换键本身不算变化。 › 只有模型版本变了，不等于检查结果的内容变了。记录也不就“这条证据能否沿用到新版本”下结论。
E202,10-15,,domain-517,D,复检：引用换键,KEY_CHANGED,no,The citation's key did not change.,引用的键没有换。,界面文字（为本界面所写）,50d129b,#34,eb05f61,eb05f61,#21,,,,,,0,,,0,,0,,,0,
E203,10-08,B,domain-517,D,主路径：结论所依据的结果,LEAF_READINGS,asset-identity/satisfied,"The project asset-identity requirements that apply to it passed, and it was actually evaluated",适用于它的项目资产标识要求评为通过，并且它确实被评估到,界面文字（为本界面所写）,50d129b,#34,542636a,542636a,#21,,,,,,5,fixture/recheck ×5,#/fixture/recheck-requirement-relaxed/recheck/7/2,1,"The result this conclusion rests on ‹ The project asset-identity requirements that apply to it passed, and it was actually evaluated › Models",5,fixture/recheck ×5,#/fixture/recheck-producing-reissued-content-changed/recheck/7/0,1,这个结论依据的结果 ‹ 适用于它的项目资产标识要求评为通过，并且它确实被评估到 › 模型
E204,10-08,B,domain-517,D,主路径：结论所依据的结果,LEAF_READINGS,asset-identity/unmet,The project asset-identity requirement is not met,项目资产标识的要求没有满足,界面文字（为本界面所写）,50d129b,#34,542636a,542636a,#21,,,,,,30,fixture/recheck ×24; fixture/item ×6,#/fixture/member-evidence/item/2/2/0,1,The result this conclusion rests on ‹ The project asset-identity requirement is not met › What this work needs,27,fixture/recheck ×21; fixture/item ×6,#/fixture/member-evidence/item/2/2/0,1,这个结论依据的结果 ‹ 项目资产标识的要求没有满足 › 这项工作需要什么
E205,10-08,B,domain-517,D,主路径：结论所依据的结果,LEAF_READINGS,asset-identity/not-yet-evaluated,The asset-identity rules did not cover it,资产标识的规则没有覆盖到它,界面文字（为本界面所写）,50d129b,#34,542636a,968422d,#21,,,,,,12,fixture/recheck ×10; fixture/item ×2,#/fixture/member-evidence/item/2/1/0,1,The result this conclusion rests on ‹ The asset-identity rules did not cover it › What this work needs,9,fixture/recheck ×8; fixture/item ×1,#/fixture/pair-verdicts/item/2/1/0,1,这个结论依据的结果 ‹ 资产标识的规则没有覆盖到它 › 这项工作需要什么
E206,10-08,B,domain-517,D,主路径：结论所依据的结果,LEAF_READINGS,in-model-position/satisfied,It has a storey or space assignment,它有楼层或空间归属,界面文字（为本界面所写）,50d129b,#34,542636a,968422d,#21,,,,,,0,,,0,,0,,,0,
E207,10-08,B,domain-517,D,主路径：结论所依据的结果,LEAF_READINGS,in-model-position/unmet,It has no storey or space assignment,它没有楼层或空间归属,界面文字（为本界面所写）,50d129b,#34,542636a,968422d,#21,,,,RESOLUTION_KINDS.mep-element-not-spatially-assigned,,0,,,0,,0,,,0,
E208,10-08,B,domain-517,D,主路径：结论所依据的结果,LEAF_READINGS,in-model-position/not-yet-evaluated,The storey or space check did not cover it,楼层或空间归属的检查没有覆盖到它,界面文字（为本界面所写）,50d129b,#34,542636a,968422d,#21,,,,,,12,fixture/recheck ×10; fixture/item ×2,#/fixture/member-evidence/item/1/1/0,1,The result this conclusion rests on ‹ The storey or space check did not cover it › What this work needs,15,fixture/recheck ×9; fixture/result ×2; fixture/item ×2; fixture/first ×2,#/fixture/member-evidence,2,默认处理角色（规则给出的默认，不是指派）：information-manager 处理团队是记录里的安排，不代表已经派发。 ‹ 不是已知的模型缺陷：楼层或空间归属的检查没有覆盖到它 › 吊顶平面与包封布置：无法判断
E209,10-08,B,domain-517,D,主路径：结论所依据的结果,LEAF_READINGS,cross-model-alignment/confirmed,"A record confirms the two models are aligned to a common datum (by the method the project accepts, for the listed model versions)",已有记录确认两侧模型对齐到共同的基准（按项目接受的方法，针对所列模型版本）,界面文字（为本界面所写）,50d129b,#34,542636a,542636a,#21,,,,,,21,fixture/recheck ×15; fixture/item ×6,#/fixture/member-evidence/item/1/2/0,1,"The result this conclusion rests on ‹ A record confirms the two models are aligned to a common datum (by the method the project accepts, for the listed model versions) › What this work needs",18,fixture/recheck ×12; fixture/item ×6,#/fixture/member-evidence/item/1/2/0,1,这个结论依据的结果 ‹ 已有记录确认两侧模型对齐到共同的基准（按项目接受的方法，针对所列模型版本） › 这项工作需要什么
E210,10-08,B,domain-517,D,主路径：结论所依据的结果,LEAF_READINGS,cross-model-alignment/misaligned,The alignment confirmation found the two models not aligned,对齐确认的结果是两侧模型没有对齐,界面文字（为本界面所写）,50d129b,#34,542636a,542636a,#21,,,,,,0,,,0,,0,,,0,
E211,10-08,B,domain-517,D,主路径：结论所依据的结果,LEAF_READINGS,cross-model-alignment/not-yet-confirmed,No alignment confirmation yet,还没有对齐确认,界面文字（为本界面所写）,50d129b,#34,542636a,542636a,#21,,,,,,14,fixture/recheck ×14,#/fixture/recheck-both-reissued/recheck/5/0,1,The result this conclusion rests on ‹ No alignment confirmation yet › Models,14,fixture/recheck ×14,#/fixture/recheck-both-reissued/recheck/5/0,1,这个结论依据的结果 ‹ 还没有对齐确认 › 模型
E212,10-08,B,domain-517,D,主路径：结论所依据的结果,LEAF_READINGS,penetration-determination/no-penetration,"A coordination-review determination says it passes through no element of the receiving model. With no penetration no opening is needed, so the opening was not assessed — this is not ""the opening is fine""",已有协调评审判定：它不穿过接收方模型里的任何构件。不穿过就不需要开洞，所以开洞情况没有被评估——这不是“开洞没问题”,界面文字（为本界面所写）,50d129b,#34,542636a,968422d,#21,,,,,,7,fixture/recheck ×5; fixture/item ×2,#/fixture/member-evidence/item/0/1/0,1,"The result this conclusion rests on ‹ A coordination-review determination says it passes through no element of the receiving model. With no penetration no opening is needed, so the opening was not assessed — this is not ""the opening is fine"" › What this work needs",6,fixture/recheck ×4; fixture/item ×2,#/fixture/member-evidence/item/0/1/0,1,这个结论依据的结果 ‹ 已有协调评审判定：它不穿过接收方模型里的任何构件。不穿过就不需要开洞，所以开洞情况没有被评估——这不是“开洞没问题” › 这项工作需要什么
E213,10-08,B,domain-517,D,主路径：结论所依据的结果,LEAF_READINGS,penetration-determination/penetration-confirmed,A coordination-review determination says it passes through elements of the receiving model,已有协调评审判定：它穿过接收方模型里的构件,界面文字（为本界面所写）,50d129b,#34,542636a,542636a,#21,,,,,,0,,,0,,0,,,0,
E214,10-08,B,domain-517,D,主路径：结论所依据的结果,LEAF_READINGS,penetration-determination/not-yet-determined,No coordination review has determined yet whether it passes through elements of the receiving model,还没有协调评审判定它是否穿过接收方模型里的构件,界面文字（为本界面所写）,50d129b,#34,542636a,542636a,#21,,,,,,28,fixture/recheck ×24; fixture/item ×4,#/fixture/member-evidence/item/0/2/0,1,The result this conclusion rests on ‹ No coordination review has determined yet whether it passes through elements of the receiving model › What this work needs,24,fixture/recheck ×21; fixture/item ×3,#/fixture/member-evidence/item/0/2/0,1,这个结论依据的结果 ‹ 还没有协调评审判定它是否穿过接收方模型里的构件 › 这项工作需要什么
E215,10-08,B,domain-517,D,主路径：结论所依据的结果,LEAF_READINGS,opening-status/cross-referenced,"This pair: the opening is modelled in the element passed through, and linked to the element passing through it",这一对：洞口已建在被穿过的构件上，并且已关联到穿过它的这个构件,界面文字（为本界面所写）,50d129b,#34,542636a,968422d,#21,,,,,,7,fixture/recheck ×5; fixture/item ×2,#/fixture/member-evidence/item/0/3/0,1,"The result this conclusion rests on ‹ This pair: the opening is modelled in the element passed through, and linked to the element passing through it › What this work needs",6,fixture/recheck ×4; fixture/item ×2,#/fixture/member-evidence/item/0/3/0,1,这个结论依据的结果 ‹ 这一对：洞口已建在被穿过的构件上，并且已关联到穿过它的这个构件 › 这项工作需要什么
E216,10-08,B,domain-517,D,主路径：结论所依据的结果,LEAF_READINGS,opening-status/modelled-not-cross-referenced,"This pair: the opening is modelled in the element passed through, but not linked to the element passing through it",这一对：洞口已建在被穿过的构件上，但没有关联到穿过它的这个构件,界面文字（为本界面所写）,50d129b,#34,542636a,968422d,#21,,,,,,0,,,0,,0,,,0,
E217,10-08,B,domain-517,D,主路径：结论所依据的结果,LEAF_READINGS,opening-status/not-modelled,This pair: no opening is modelled in the element passed through,这一对：被穿过的构件上没有建出洞口,界面文字（为本界面所写）,50d129b,#34,542636a,968422d,#21,,,,,,7,fixture/recheck ×5; fixture/item ×2,#/fixture/member-evidence/item/0/4/0,1,The result this conclusion rests on ‹ This pair: no opening is modelled in the element passed through › What this work needs,6,fixture/recheck ×4; fixture/item ×2,#/fixture/member-evidence/item/0/4/0,1,这个结论依据的结果 ‹ 这一对：被穿过的构件上没有建出洞口 › 这项工作需要什么
E218,10-08,B,domain-517,D,主路径：结论所依据的结果,LEAF_READINGS,opening-status/not-yet-determined,This pair: the review of the opening has not been completed yet,这一对：开洞情况的评审还没有完成,界面文字（为本界面所写）,50d129b,#34,542636a,542636a,#21,,,,,,0,,,0,,0,,,0,
E219,10-08,B,domain-517,D,主路径：结论所依据的结果,LEAF_READING_WORDS,label,The result this conclusion rests on,这个结论依据的结果,界面文字（为本界面所写）,50d129b,#34,542636a,968422d,#21,,,,,,157,fixture/recheck ×131; fixture/item ×26,#/fixture/member-evidence/item/0/2/0,1,Not a known model defect: no coordination review has determined yet whether it passes through the re ‹ The result this conclusion rests on › No coordination review has determined yet whether it passes through elements of the receiving model,140,fixture/recheck ×116; fixture/item ×24,#/fixture/member-evidence/item/0/2/0,1,不是已知的模型缺陷：还没有协调评审判定它是否穿过接收方的构件 ‹ 这个结论依据的结果 › 还没有协调评审判定它是否穿过接收方模型里的构件
E220,10-08,B,domain-517,D,主路径：结论所依据的结果,LEAF_READING_WORDS,notCarried,The record does not give the result this item now rests on,记录没有给出这一项现在依据的结果,界面文字（为本界面所写）,50d129b,#34,542636a,968422d,#21,,,,,,14,fixture/recheck ×14,#/fixture/recheck-both-reissued/recheck/2/0,1,The result this conclusion rests on ‹ The record does not give the result this item now rests on › This item now,14,fixture/recheck ×14,#/fixture/recheck-both-reissued/recheck/2/0,1,这个结论依据的结果 ‹ 记录没有给出这一项现在依据的结果 › 这个事项现在
E221,10-08,B,domain-517,D,主路径：结论所依据的结果,LEAF_READING_WORDS,unglossed,This interface has no English for this result; see the tracing details,本界面没有这个结果的中文说明，见追溯信息,界面文字（为本界面所写）,50d129b,#34,542636a,968422d,#21,,,,,,0,,,0,,0,,,0,
E222,10-15,,domain-517,D,入口名称,MODE_LABELS,fixture,Simulated example,模拟示例,界面文字（为本界面所写）,39ae8ba,#33,55e90ba,f4a984f,#21,,,,,,23,fixture/result ×12; fixture/recheck ×10; fixture/first ×1,#/fixture/member-evidence,1,"First check result: items to deal with ‹ Simulated example: A first check: the model was handed over, and these items were found › This result: 13 in all; to deal with: 8",0,,,0,
E223,10-15,,domain-517,D,入口名称,MODE_LABELS,real,Check attempt on the bundled project,随附项目的检查尝试,界面文字（为本界面所写）,39ae8ba,#33,55e90ba,f4a984f,#21,,,,,,1,real/list ×1,#/real,1,‹ Check attempt on the bundled project › The repository comes with a sample project; below is a check attempt on it. You cannot choose anothe,1,real/list ×1,#/real,1,‹ 随附项目的检查尝试 › 仓库随附一个样例项目，下面是对它的一次检查尝试。目前不能选择别的模型，也不能导入自己的模型。
E224,10-15,,domain-517,D,入口名称,MODE_LABELS,workspace,Real check in a workspace,工作区里的真实检查,界面文字（为本界面所写）,39ae8ba,#33,d6f89c1,d6f89c1,#26,,,,,,5,ws-compare:workspace/result ×1; ws-newly:workspace/result ×1; ws-notreeval:workspace/result ×1; ws-refusal:workspace/result ×1; ws-single:workspace/result ×1,ws-compare:#/workspace,1,"← Back to the home page ‹ Real check in a workspace › A workspace can only be named when the server is started; you cannot choose, upload or change a mode",4,ws-compare:workspace/result ×1; ws-notreeval:workspace/result ×1; ws-refusal:workspace/result ×1; ws-single:workspace/result ×1,ws-compare:#/workspace,1,← 返回首页 ‹ 工作区里的真实检查 › 工作区只能在启动服务器时指定；这里不能选择、上传或更换模型。
E225,10-15,,domain-517,D,复检：引用换键,ONLY_REKEYED,,Only the citation's key changed,只是引用换了键,界面文字（为本界面所写）,50d129b,#34,eb05f61,eb05f61,#21,,,,,,38,fixture/recheck ×34; fixture/result ×4,#/fixture/recheck-requirement-relaxed,12,"Check-result citation (9 rows) ‹ Comparison basis unchanged × 7Only the citation's key changed × 7 › Comparison basis changed × 2check result content, check requirement changed; model version, checker",30,fixture/recheck ×30,#/fixture/recheck-consuming-reissued/recheck/5/0,1,比较依据一致 ‹ 只是引用换了键 › 比较依据一致 只是引用换了键
E226,10-08,A,domain-517,D,范围限制,PROVENANCE_NOTICE,,"Each citation's source label on this page is decided from that citation alone (whether it carries the simulation marker), never inferred for the whole page or record:",本页每条引用旁的来源标注按该条引用自身判定（是否带模拟标记），不按整页或整份记录推断：,界面文字（为本界面所写）,39ae8ba,#33,55e90ba,f4a984f,#21,,,,,,180,fixture/recheck ×141; fixture/item ×26; fixture/result ×12; fixture/first ×1,#/fixture/member-evidence,1,"How the source of evidence is labelled ‹ Each citation's source label on this page is decided from that citation alone (whether it carries the simulation marker), never inferred for the whole page or record: › Real check output A check-result citation without the simulation marker: from a real check run, the",418,fixture/member ×134; fixture/recheck ×125; fixture/activity ×123; fixture/item ×24; fixture/result ×10; fixture/first ×2,#/fixture/member-evidence,1,证据来源的标注 ‹ 本页每条引用旁的来源标注按该条引用自身判定（是否带模拟标记），不按整页或整份记录推断： › 真实检查输出 未带模拟标记的检查结果引用：来自真实的检查运行，是真实 IFC 模型按真实规则检查的产物。
E227,10-08,A,domain-517,D,英文判断词,READING_GUIDE,verdictWords,The three conclusion words,三个判断词,界面文字（为本界面所写）,39ae8ba,#33,39ae8ba,39ae8ba,#33,,,,,,180,fixture/recheck ×141; fixture/item ×26; fixture/result ×12; fixture/first ×1,#/fixture/member-evidence,1,An item is the conclusion for one element (or a pair of elements assessed together) on one piece of ‹ The three conclusion words › Ready: Every piece of necessary evidence is present and satisfies the applicable acceptance conditio,161,fixture/recheck ×125; fixture/item ×24; fixture/result ×10; fixture/first ×2,#/fixture/member-evidence,1,一个事项是一个构件（或被放在一起评估的一对构件）在接收方的一项工作上的结论。同一个构件可以出现在几个事项里，所以事项数不是缺陷数。 ‹ 三个判断词 › 可以开始：必要的证据齐全且满足验收条件，没有未解决的阻碍，也没有证据缺口：在本次评估范围内，这项工作可以开始。
E228,10-08,A,domain-517,D,英文判断词,READING_GUIDE,verdictLine,{label}: {meaning}.,{label}：{meaning}。,界面文字（为本界面所写）,39ae8ba,#33,39ae8ba,39ae8ba,#33,,,,,,0,（模板，固定文字太少，没有按页面匹配）,,0,,0,（模板，固定文字太少，没有按页面匹配）,,0,
E229,10-08,A,domain-517,D,英文判断词,READING_GUIDE,provenance,How the source of evidence is labelled,证据来源的标注,界面文字（为本界面所写）,39ae8ba,#33,39ae8ba,39ae8ba,#33,中文原句在此前的代码里已有，随该提交移入词表,,,,,180,fixture/recheck ×141; fixture/item ×26; fixture/result ×12; fixture/first ×1,#/fixture/member-evidence,1,"Each conclusion is about one piece of the receiving side's work, this item within this assessment's ‹ How the source of evidence is labelled › Each citation's source label on this page is decided from that citation alone (whether it carries th",161,fixture/recheck ×125; fixture/item ×24; fixture/result ×10; fixture/first ×2,#/fixture/member-evidence,1,每个判断只针对接收方的一项工作、本次评估范围内的这一项，以及所列的模型版本；它不是“模型好不好”的总评，也不是“某项检查通过了”。 ‹ 证据来源的标注 › 本页每条引用旁的来源标注按该条引用自身判定（是否带模拟标记），不按整页或整份记录推断：
E230,10-08,A,domain-517,D,英文判断词,READING_GUIDE,teams,Handling team and default handling role,处理团队与默认处理角色,界面文字（为本界面所写）,39ae8ba,#33,39ae8ba,39ae8ba,#33,中文原句在此前的代码里已有，随该提交移入词表,,,,,180,fixture/recheck ×141; fixture/item ×26; fixture/result ×12; fixture/first ×1,#/fixture/member-evidence,1,Determination of unstated source A determination citation without the simulation marker: a determina ‹ Handling team and default handling role › The handling team is taken from the staffing in the record; the default handling role is the rule's,161,fixture/recheck ×125; fixture/item ×24; fixture/result ×10; fixture/first ×2,#/fixture/member-evidence,1,来源未标注的判定 未带模拟标记的判定引用：判定不是检查运行的输出，本界面也没有可核依据说明它来自哪里，因此不作真实或模拟的断言。 ‹ 处理团队与默认处理角色 › 处理团队取自记录里的人员安排；默认处理角色是规则给出的默认，是安排的输入，不是指派。两者分开显示。
E231,10-08,A,domain-517,D,英文判断词,READING_GUIDE,teamsBody,"The handling team is taken from the staffing in the record; the default handling role is the rule's default, an input to the staffing, not an assignment. The two are shown apart.",处理团队取自记录里的人员安排；默认处理角色是规则给出的默认，是安排的输入，不是指派。两者分开显示。,界面文字（为本界面所写）,39ae8ba,#33,39ae8ba,39ae8ba,#33,中文原句在此前的代码里已有，随该提交移入词表,,,,,180,fixture/recheck ×141; fixture/item ×26; fixture/result ×12; fixture/first ×1,#/fixture/member-evidence,1,"Handling team and default handling role ‹ The handling team is taken from the staffing in the record; the default handling role is the rule's default, an input to the staffing, not an assignment. The two are shown apart. › Tracing: record identity, rule version, record codes",161,fixture/recheck ×125; fixture/item ×24; fixture/result ×10; fixture/first ×2,#/fixture/member-evidence,1,处理团队与默认处理角色 ‹ 处理团队取自记录里的人员安排；默认处理角色是规则给出的默认，是安排的输入，不是指派。两者分开显示。 › 追溯信息：记录标识、规则版本、记录原码
E232,10-08,A,domain-517,D,范围限制,READY_NOTES,ceiling-and-bulkhead-geometry[0],The rule proves only that the element has a storey or space assignment; it does not check that the receiving model has a matching storey.,规则只证明构件有楼层或空间归属，没有验证接收方模型有对应楼层。,界面文字（为本界面所写）,39ae8ba,#33,968422d,968422d,#21,,,,,,32,fixture/recheck ×19; fixture/result ×6; fixture/item ×6; fixture/first ×1,#/fixture/member-evidence,3,"This conclusion rests on simulated evidence:Real check output ×1 Simulated human determination ×1 ‹ The rule proves only that the element has a storey or space assignment; it does not check that the receiving model has a matching storey. › This conclusion rests on a confirmation that the two models are aligned, not on a shared positioning",27,fixture/recheck ×15; fixture/item ×6; fixture/result ×4; fixture/first ×2,#/fixture/member-evidence,3,这个结论建立在模拟证据上：真实检查输出 ×1 模拟的人工判定 ×1 ‹ 规则只证明构件有楼层或空间归属，没有验证接收方模型有对应楼层。 › 这个结论靠的是两侧模型的对齐确认，不是共享定位标记通过。
E233,10-08,A,domain-517,D,范围限制,READY_NOTES,ceiling-and-bulkhead-geometry[1],"This conclusion rests on a confirmation that the two models are aligned, not on a shared positioning marker passing.",这个结论靠的是两侧模型的对齐确认，不是共享定位标记通过。,界面文字（为本界面所写）,39ae8ba,#33,968422d,968422d,#21,,,,,,32,fixture/recheck ×19; fixture/result ×6; fixture/item ×6; fixture/first ×1,#/fixture/member-evidence,3,"The rule proves only that the element has a storey or space assignment; it does not check that the r ‹ This conclusion rests on a confirmation that the two models are aligned, not on a shared positioning marker passing. › chimney cover | Reflected ceiling and bulkhead layout: ReadyThis conclusion rests on simulated evide",27,fixture/recheck ×15; fixture/item ×6; fixture/result ×4; fixture/first ×2,#/fixture/member-evidence,3,规则只证明构件有楼层或空间归属，没有验证接收方模型有对应楼层。 ‹ 这个结论靠的是两侧模型的对齐确认，不是共享定位标记通过。 › chimney cover ｜ 吊顶平面与包封布置：可以开始这个结论建立在模拟证据上：真实检查输出 ×1 模拟的人工判定 ×1 规则只证明构件有楼层或空间归属，没有验证接收方模型有对应楼层。这个结论靠
E234,10-15,,domain-517,D,复检结果页,RECHECK,title,Recheck result,复检结果,界面文字（为本界面所写）,50d129b,#34,50d129b,50d129b,#34,,,,,,20,fixture/result ×10; fixture/recheck ×10,#/fixture/recheck-requirement-relaxed,1,"← Back to the examples ‹ Recheck result: items to deal with › Simulated example: The models did not change, but a handover conclusion did",117,fixture/activity ×117,#/fixture/recheck-both-reissued/activity/0/sub/1/0/0,1,← 记录上下文 ‹ 复检结果 › 活动：builders-work-openings
E235,10-15,,domain-517,D,复检结果页,RECHECK,notRecheck,"This record is not a recheck record, so there is no before-and-after to show.",这份记录不是复检记录，没有复检前后的对比可以显示。,界面文字（为本界面所写）,50d129b,#34,50d129b,50d129b,#34,中文原句在此前的代码里已有，随该提交移入词表,,,,,0,,,0,,0,,,0,
E236,10-15,,domain-517,D,复检结果页,RECHECK,unknownSuccessor,"This record follows a sealed record, but not as a recheck this page recognises: successor.kind = ",这份记录承接了一条已封存的记录，但承接类型不是本页认识的复检：successor.kind = ,界面文字（为本界面所写）,50d129b,#34,50d129b,50d129b,#34,中文原句在此前的代码里已有，随该提交移入词表,,,,,0,,,0,,0,,,0,
E237,10-15,,domain-517,D,复检结果页,RECHECK,unknownSuccessorAfter,. This page does not present it as a recheck.,。本页不把它当作复检来呈现。,界面文字（为本界面所写）,50d129b,#34,50d129b,50d129b,#34,中文原句在此前的代码里已有，随该提交移入词表,,,,,0,,,0,,0,,,0,
E238,10-15,,domain-517,D,复检结果页,RECHECK,resultTitle,Recheck result: items to deal with,复检结果：需要处理的事项,界面文字（为本界面所写）,50d129b,#34,50d129b,50d129b,#34,中文原句在此前的代码里已有，随该提交移入词表,,,,,20,fixture/result ×10; fixture/recheck ×10,#/fixture/recheck-requirement-relaxed,1,"← Back to the examples ‹ Recheck result: items to deal with › Simulated example: The models did not change, but a handover conclusion did",17,fixture/recheck ×9; fixture/result ×8,#/fixture/recheck-both-reissued,1,← 返回示例目录 ‹ 复检结果：需要处理的事项 › 模拟示例：复检记录 1（模拟示例）
E239,10-15,,domain-517,D,复检结果页,RECHECK,summary.one,This result: {count} item,本次结果：共 {count} 个事项,界面文字（为本界面所写）,50d129b,#34,50d129b,50d129b,#34,中文原句在此前的代码里已有，随该提交移入词表,,,,,23,fixture/result ×12; fixture/recheck ×10; fixture/first ×1,#/fixture/member-evidence,1,"Simulated example: A first check: the model was handed over, and these items were found ‹ This result: 13 in all; to deal with: 8 › Blocked",0,（模板，固定文字太少，没有按页面匹配）,,0,
E240,10-15,,domain-517,D,复检结果页,RECHECK,summary.other,This result: {count} items,本次结果：共 {count} 个事项,界面文字（为本界面所写）,50d129b,#34,50d129b,50d129b,#34,中文原句在此前的代码里已有，随该提交移入词表,,,,,23,fixture/result ×12; fixture/recheck ×10; fixture/first ×1,#/fixture/member-evidence,1,"Simulated example: A first check: the model was handed over, and these items were found ‹ This result: 13 in all; to deal with: 8 › Blocked",0,（模板，固定文字太少，没有按页面匹配）,,0,
E241,10-15,,domain-517,D,复检结果页,RECHECK,groupLine.one,{count} item,{count} 个事项,界面文字（为本界面所写）,50d129b,#34,50d129b,50d129b,#34,,,,FIRST.items.one,,0,（模板，固定文字太少，没有按页面匹配）,,0,,0,（模板，固定文字太少，没有按页面匹配）,,0,
E242,10-15,,domain-517,D,复检结果页,RECHECK,groupLine.other,{count} items,{count} 个事项,界面文字（为本界面所写）,50d129b,#34,50d129b,50d129b,#34,,,,FIRST.items.other,,0,（模板，固定文字太少，没有按页面匹配）,,0,,0,（模板，固定文字太少，没有按页面匹配）,,0,
E243,10-15,,domain-517,D,复检结果页,RECHECK,groupSummary,: {summary},：{summary},界面文字（为本界面所写）,50d129b,#34,50d129b,50d129b,#34,,,,,,0,（模板，固定文字太少，没有按页面匹配）,,0,,0,（模板，固定文字太少，没有按页面匹配）,,0,
E244,10-15,,domain-517,D,复检结果页,RECHECK,models,Models: {headline}.,模型：{headline}。,界面文字（为本界面所写）,50d129b,#34,50d129b,50d129b,#34,,,,,,0,（模板，固定文字太少，没有按页面匹配）,,0,,0,（模板，固定文字太少，没有按页面匹配）,,0,
E245,10-15,,domain-517,D,复检结果页,RECHECK,moved.one,{count} item's conclusion differs from before the recheck:,{count} 个事项的结论和复检前不同：,界面文字（为本界面所写）,50d129b,#34,50d129b,50d129b,#34,中文原句在此前的代码里已有，随该提交移入词表,,,,,2,fixture/result ×1; fixture/recheck ×1,#/fixture/recheck-requirement-relaxed,1,Models: Neither model was re-issued (versions unchanged). ‹ 1 item's conclusion differs from before the recheck: › building element,11,fixture/recheck ×6; fixture/result ×5,#/fixture/recheck-both-reissued,1,重新发布不代表修复已经发生；针对旧版本作出的判定不能归到新版本。 ‹ 4 个事项的结论和复检前不同： › building element
E246,10-15,,domain-517,D,复检结果页,RECHECK,moved.other,{count} items' conclusions differ from before the recheck:,{count} 个事项的结论和复检前不同：,界面文字（为本界面所写）,50d129b,#34,50d129b,50d129b,#34,中文原句在此前的代码里已有，随该提交移入词表,,,,,10,fixture/result ×5; fixture/recheck ×5,#/fixture/recheck-both-reissued,1,A re-issue does not mean a fix has happened; a determination made against an old version cannot be a ‹ 4 items' conclusions differ from before the recheck: › building element,11,fixture/recheck ×6; fixture/result ×5,#/fixture/recheck-both-reissued,1,重新发布不代表修复已经发生；针对旧版本作出的判定不能归到新版本。 ‹ 4 个事项的结论和复检前不同： › building element
E247,10-15,,domain-517,D,复检结果页,RECHECK,requirementChanged,"Of the old evidence cited before the recheck ({count} in all), the check requirement changed for {edited}.",复检前引用的 {count} 条旧证据里，有 {edited} 条的检查要求变了。,界面文字（为本界面所写）,50d129b,#34,50d129b,50d129b,#34,中文原句在此前的代码里已有，随该提交移入词表,,,,,4,fixture/result ×2; fixture/recheck ×2,#/fixture/recheck-requirement-relaxed,1,"Neither model was re-issued, yet these conclusions changed: the change does not come from a model ed ‹ Of the old evidence cited before the recheck (15 in all), the check requirement changed for 2. › Items to deal with (7 items)",3,fixture/recheck ×2; fixture/result ×1,#/fixture/recheck-semantics-changed,1,没有判断变了的项。 ‹ 复检前引用的 15 条旧证据里，有 2 条的检查要求变了。 › 需要处理的事项（8 个事项）
E248,10-15,,domain-517,D,复检结果页,RECHECK,groupHeading.one,{label} ({count} item),{label}（{count} 个事项）,界面文字（为本界面所写）,50d129b,#34,50d129b,50d129b,#34,,,,FIRST.quietHeading.one,FIRST.quietHeading.one; FIRST.quietHeading.other; RECHECK.groupHeading.other,0,（模板，固定文字太少，没有按页面匹配）,,0,,0,（模板，固定文字太少，没有按页面匹配）,,0,
E249,10-15,,domain-517,D,复检结果页,RECHECK,groupHeading.other,{label} ({count} items),{label}（{count} 个事项）,界面文字（为本界面所写）,50d129b,#34,50d129b,50d129b,#34,,,,FIRST.quietHeading.other,FIRST.quietHeading.one; FIRST.quietHeading.other; RECHECK.groupHeading.one,0,（模板，固定文字太少，没有按页面匹配）,,0,,0,（模板，固定文字太少，没有按页面匹配）,,0,
E250,10-15,,domain-517,D,复检结果页,RECHECK,cannotHeading,What this preview cannot do,本预览做不了的事,界面文字（为本界面所写）,50d129b,#34,50d129b,50d129b,#34,中文原句在此前的代码里已有，随该提交移入词表,,,,,151,fixture/recheck ×141; fixture/result ×10,#/fixture/recheck-requirement-relaxed,1,building element | Reflected ceiling and bulkhead layout: Ready (Unchanged by the recheck)Basis shar ‹ What this preview cannot do › Start a new recheck or upload a new model,133,fixture/recheck ×125; fixture/result ×8,#/fixture/recheck-both-reissued,1,一对构件house - chimney 与 house - roofhouse - chimney：烟囱 IfcChimney · 00 groundfloor · 模型 hvachouse - ro ‹ 本预览做不了的事 › 发起新的复检或上传新模型
E251,10-15,,domain-517,D,复检结果页,RECHECK,cannotNote,"These actions are not implemented, so the page has no buttons for them.",这些动作没有实现，所以页面上没有对应的按钮。,界面文字（为本界面所写）,50d129b,#34,50d129b,50d129b,#34,中文原句在此前的代码里已有，随该提交移入词表,,,,,20,fixture/result ×10; fixture/recheck ×10,#/fixture/recheck-requirement-relaxed,1,"Export a recheck record ‹ These actions are not implemented, so the page has no buttons for them. › How to read this page",17,fixture/recheck ×9; fixture/result ×8,#/fixture/recheck-both-reissued,1,导出复检记录 ‹ 这些动作没有实现，所以页面上没有对应的按钮。 › 如何阅读这一页
E252,10-15,,domain-517,D,复检结果页,RECHECK,limitsHeading,When reading a recheck result,读复检结果时,界面文字（为本界面所写）,50d129b,#34,50d129b,50d129b,#34,中文原句在此前的代码里已有，随该提交移入词表,,,,,151,fixture/recheck ×141; fixture/result ×10,#/fixture/recheck-requirement-relaxed,1,"The handling team is taken from the staffing in the record; the default handling role is the rule's ‹ When reading a recheck result › ""Comparison basis unchanged"" does not mean the whole handover needs no review.",133,fixture/recheck ×125; fixture/result ×8,#/fixture/recheck-both-reissued,1,处理团队取自记录里的人员安排；默认处理角色是规则给出的默认，是安排的输入，不是指派。两者分开显示。 ‹ 读复检结果时 › “比较依据一致”不代表整个交接不用复核。
E253,10-15,,domain-517,D,复检结果页,RECHECK,sideModel,{side} model,{side}模型,界面文字（为本界面所写）,50d129b,#34,50d129b,50d129b,#34,,,,,,0,（模板，固定文字太少，没有按页面匹配）,,0,,0,（模板，固定文字太少，没有按页面匹配）,,0,
E254,10-15,,domain-517,D,复检结果页,RECHECK,detailsSummary,"Before-and-after details: models, items, old evidence",复检前后的比较明细：模型、事项、旧证据,界面文字（为本界面所写）,50d129b,#34,50d129b,50d129b,#34,中文原句在此前的代码里已有，随该提交移入词表,,,,,20,fixture/result ×10; fixture/recheck ×10,#/fixture/recheck-requirement-relaxed,1,"""Cannot be compared"" is not ""evidence missing"": where the old record kept no comparison basis, this ‹ Before-and-after details: models, items, old evidence › Models",17,fixture/recheck ×9; fixture/result ×8,#/fixture/recheck-both-reissued,1,“无法比较”不是“证据缺失”：旧记录没保存比较依据时，本页如实显示无法比较。 ‹ 复检前后的比较明细：模型、事项、旧证据 › 模型
E255,10-15,,domain-517,D,复检结果页,RECHECK,modelsHeading,Models,模型,界面文字（为本界面所写）,50d129b,#34,50d129b,50d129b,#34,,,,,,166,fixture/recheck ×141; fixture/result ×10; ws-compare:workspace/finding ×3; ws-notreeval:workspace/finding ×2; ws-single:workspace/finding ×2; ws-compare:workspace/result ×1,#/fixture/recheck-requirement-relaxed,1,"Before-and-after details: models, items, old evidence ‹ Models › Neither model was re-issued (versions unchanged)",296,fixture/member ×134; fixture/recheck ×125; fixture/record ×11; fixture/result ×8; ws-compare:workspace/finding ×3; ws-newly:workspace/finding ×3,#/fixture/recheck-both-reissued,1,复检前后的比较明细：模型、事项、旧证据 ‹ 模型 › 交出方和接收方的模型都重新发布了
E256,10-15,,domain-517,D,复检结果页,RECHECK,itemsHeading.one,"The item in the record before the recheck ({count}), and where it stands now",复检前记录里的事项（{count} 个），现在的情况,界面文字（为本界面所写）,50d129b,#34,50d129b,50d129b,#34,中文原句在此前的代码里已有，随该提交移入词表,,,,,2,fixture/result ×1; fixture/recheck ×1,#/fixture/recheck-comparison,1,"This page only says which side changed and what the record shows; it does not judge good or bad from ‹ The item in the record before the recheck (1), and where it stands now › These two elements are no longer paired for checking; that does not mean the opening was added × 1",17,fixture/recheck ×9; fixture/result ×8,#/fixture/recheck-both-reissued,1,本页只说明哪一侧变了、记录证明了什么，不根据重新发布的方向预判好坏。 ‹ 复检前记录里的事项（13 个），现在的情况 › 仍在本次检查范围内；判断与条件另看 × 11
E257,10-15,,domain-517,D,复检结果页,RECHECK,itemsHeading.other,"The items in the record before the recheck ({count}), and where they stand now",复检前记录里的事项（{count} 个），现在的情况,界面文字（为本界面所写）,50d129b,#34,50d129b,50d129b,#34,中文原句在此前的代码里已有，随该提交移入词表,,,,,18,fixture/result ×9; fixture/recheck ×9,#/fixture/recheck-requirement-relaxed,1,"This page only says which side changed and what the record shows; it does not judge good or bad from ‹ The items in the record before the recheck (13), and where they stand now › Still in this check's scope; conclusion and condition are read separately × 13",17,fixture/recheck ×9; fixture/result ×8,#/fixture/recheck-both-reissued,1,本页只说明哪一侧变了、记录证明了什么，不根据重新发布的方向预判好坏。 ‹ 复检前记录里的事项（13 个），现在的情况 › 仍在本次检查范围内；判断与条件另看 × 11
E258,10-15,,domain-517,D,复检结果页,RECHECK,evidenceHeading.one,"The old evidence cited before the recheck ({count} row), compared with this record",复检前引用的旧证据（{count} 条），和本次记录比较的结果,界面文字（为本界面所写）,50d129b,#34,50d129b,50d129b,#34,中文原句在此前的代码里已有，随该提交移入词表,,,,,0,,,0,,17,fixture/recheck ×9; fixture/result ×8,#/fixture/recheck-both-reissued,1,这两个构件现在不再被配成一对来检查，不等于开洞已补 × 2 ‹ 复检前引用的旧证据（15 条），和本次记录比较的结果 › 检查结果和人工判定是两种证据，分开计数，不相加。
E259,10-15,,domain-517,D,复检结果页,RECHECK,evidenceHeading.other,"The old evidence cited before the recheck ({count} rows), compared with this record",复检前引用的旧证据（{count} 条），和本次记录比较的结果,界面文字（为本界面所写）,50d129b,#34,50d129b,50d129b,#34,中文原句在此前的代码里已有，随该提交移入词表,,,,,20,fixture/result ×10; fixture/recheck ×10,#/fixture/recheck-requirement-relaxed,1,"Still in this check's scope; conclusion and condition are read separately × 13 ‹ The old evidence cited before the recheck (15 rows), compared with this record › Check results and human determinations are two kinds of evidence, counted apart and never added toge",17,fixture/recheck ×9; fixture/result ×8,#/fixture/recheck-both-reissued,1,这两个构件现在不再被配成一对来检查，不等于开洞已补 × 2 ‹ 复检前引用的旧证据（15 条），和本次记录比较的结果 › 检查结果和人工判定是两种证据，分开计数，不相加。
E260,10-15,,domain-517,D,复检结果页,RECHECK,kindsNote,"Check results and human determinations are two kinds of evidence, counted apart and never added together.",检查结果和人工判定是两种证据，分开计数，不相加。,界面文字（为本界面所写）,50d129b,#34,50d129b,50d129b,#34,中文原句在此前的代码里已有，随该提交移入词表,,,,,20,fixture/result ×10; fixture/recheck ×10,#/fixture/recheck-requirement-relaxed,1,"The old evidence cited before the recheck (15 rows), compared with this record ‹ Check results and human determinations are two kinds of evidence, counted apart and never added together. › Check-result citation (9 rows)",17,fixture/recheck ×9; fixture/result ×8,#/fixture/recheck-both-reissued,1,复检前引用的旧证据（15 条），和本次记录比较的结果 ‹ 检查结果和人工判定是两种证据，分开计数，不相加。 › 检查结果引用（9 条）
E261,10-15,,domain-517,D,复检结果页,RECHECK,traceSummary,"Tracing: record identity, model version fingerprints, record codes",追溯信息：记录标识、模型版本指纹、记录原码对照,界面文字（为本界面所写）,50d129b,#34,50d129b,50d129b,#34,中文原句在此前的代码里已有，随该提交移入词表,,,,,20,fixture/result ×10; fixture/recheck ×10,#/fixture/recheck-requirement-relaxed,1,"This old evidence has exactly one counterpart in this record, but at least one aspect differs. Even ‹ Tracing: record identity, model version fingerprints, record codes › This record's requested scope, versions and sources",17,fixture/recheck ×9; fixture/result ×8,#/fixture/recheck-both-reissued,1,可以比较，但本次记录没有引用与它对应的证据。没有对应证据不代表问题已修复。 ‹ 追溯信息：记录标识、模型版本指纹、记录原码对照 › 这份记录的请求范围、版本与来源
E262,10-15,,domain-517,D,复检结果页,RECHECK,priorDigest,Fingerprint of the record before the recheck (assessment digest),复检前记录的指纹（assessment digest）,界面文字（为本界面所写）,50d129b,#34,50d129b,50d129b,#34,中文原句在此前的代码里已有，随该提交移入词表,,,,,20,fixture/result ×10; fixture/recheck ×10,#/fixture/recheck-requirement-relaxed,1,recheck ‹ Fingerprint of the record before the recheck (assessment digest) › Copy,17,fixture/recheck ×9; fixture/result ×8,#/fixture/recheck-both-reissued,1,recheck ‹ 复检前记录的指纹（assessment digest） › 复制
E263,10-15,,domain-517,D,复检结果页,RECHECK,currentDigest,Fingerprint of this record (assessment digest),本记录的指纹（assessment digest）,界面文字（为本界面所写）,50d129b,#34,50d129b,50d129b,#34,中文原句在此前的代码里已有，随该提交移入词表,,,,,20,fixture/result ×10; fixture/recheck ×10,#/fixture/recheck-requirement-relaxed,1,6c524a06485f4f309a54ce76ce9ba39a628ba8f49d777d33c5e841fe348282e0Copy ‹ Fingerprint of this record (assessment digest) › 506bf207cd74279a0e895ffe8f72db743bf63159f8aa8262c06818a7b1658bb5Copy,17,fixture/recheck ×9; fixture/result ×8,#/fixture/recheck-both-reissued,1,6c524a06485f4f309a54ce76ce9ba39a628ba8f49d777d33c5e841fe348282e0复制 ‹ 本记录的指纹（assessment digest） › 992f5caa97175d8a32d648eb581b77b9296941377d63a9b681e83fb30dbcc708复制
E264,10-15,,domain-517,D,复检结果页,RECHECK,noChange,(an empty list in the record: no model changed),（记录中为空列表：没有模型变化）,界面文字（为本界面所写）,50d129b,#34,50d129b,50d129b,#34,中文原句在此前的代码里已有，随该提交移入词表,,,,,10,fixture/result ×5; fixture/recheck ×5,#/fixture/recheck-requirement-relaxed,1,changed_models ‹ (an empty list in the record: no model changed) › Side,7,fixture/recheck ×4; fixture/result ×3,#/fixture/recheck-comparison,1,changed_models ‹ （记录中为空列表：没有模型变化） › 复检前记录
E265,10-15,,domain-517,D,复检结果页,RECHECK,versionColumns.side,Side,,界面文字（为本界面所写）,50d129b,#34,50d129b,50d129b,#34,,,,,,20,fixture/result ×10; fixture/recheck ×10,#/fixture/recheck-requirement-relaxed,1,(an empty list in the record: no model changed) ‹ Side › Record before the recheck,0,,,0,
E266,10-15,,domain-517,D,复检结果页,RECHECK,versionColumns.prior,Record before the recheck,复检前记录,界面文字（为本界面所写）,50d129b,#34,50d129b,50d129b,#34,,,,,,20,fixture/result ×10; fixture/recheck ×10,#/fixture/recheck-requirement-relaxed,1,Side ‹ Record before the recheck › This record,17,fixture/recheck ×9; fixture/result ×8,#/fixture/recheck-both-reissued,1,architecture hvac ‹ 复检前记录 › 本记录
E267,10-15,,domain-517,D,复检结果页,RECHECK,versionColumns.current,This record,本记录,界面文字（为本界面所写）,50d129b,#34,50d129b,50d129b,#34,,,,,,20,fixture/result ×10; fixture/recheck ×10,#/fixture/recheck-requirement-relaxed,1,Record before the recheck ‹ This record › Handing-over side model,17,fixture/recheck ×9; fixture/result ×8,#/fixture/recheck-both-reissued,1,复检前记录 ‹ 本记录 › 交出方模型
E268,10-15,,domain-517,D,复检结果页,RECHECK,versionNote,"A version is a content fingerprint, not a file name. Which side changed is taken from the record's changed_models; this page does not compare fingerprints.",版本以内容指纹表示，不以文件名当版本。哪一侧变了取自记录的 changed_models，本页不比较指纹。,界面文字（为本界面所写）,50d129b,#34,50d129b,50d129b,#34,中文原句在此前的代码里已有，随该提交移入词表,,,,,20,fixture/result ×10; fixture/recheck ×10,#/fixture/recheck-requirement-relaxed,1,"architecture 3ff9b10bd00c7b96dded51e7ca5a6b69efbea38b049adcdd05fcd247de7e70d5Copy ‹ A version is a content fingerprint, not a file name. Which side changed is taken from the record's changed_models; this page does not compare fingerprints. › Where items stand now: record codes",17,fixture/recheck ×9; fixture/result ×8,#/fixture/recheck-both-reissued,1,architecture fixture-content/architecture-reissued-not-a-real-export复制 ‹ 版本以内容指纹表示，不以文件名当版本。哪一侧变了取自记录的 changed_models，本页不比较指纹。 › 事项现在的情况：记录原码
E269,10-15,,domain-517,D,复检结果页,RECHECK,glossaryDispositions,Where items stand now: record codes,事项现在的情况：记录原码,界面文字（为本界面所写）,50d129b,#34,50d129b,50d129b,#34,中文原句在此前的代码里已有，随该提交移入词表,,,,,20,fixture/result ×10; fixture/recheck ×10,#/fixture/recheck-requirement-relaxed,1,"A version is a content fingerprint, not a file name. Which side changed is taken from the record's c ‹ Where items stand now: record codes › Code in the record",17,fixture/recheck ×9; fixture/result ×8,#/fixture/recheck-both-reissued,1,版本以内容指纹表示，不以文件名当版本。哪一侧变了取自记录的 changed_models，本页不比较指纹。 ‹ 事项现在的情况：记录原码 › 记录里的代码
E270,10-15,,domain-517,D,复检结果页,RECHECK,glossaryConditions,"Conditions left before the recheck: state codes (there is no ""the whole condition is met"")",复检前留下的条件：状态原码（没有“整句条件已满足”）,界面文字（为本界面所写）,50d129b,#34,50d129b,50d129b,#34,中文原句在此前的代码里已有，随该提交移入词表,,,,,20,fixture/result ×10; fixture/recheck ×10,#/fixture/recheck-requirement-relaxed,1,"This scope was not declared this time; that does not mean the problem is gone ‹ Conditions left before the recheck: state codes (there is no ""the whole condition is met"") › named-outcome-observed",17,fixture/recheck ×9; fixture/result ×8,#/fixture/recheck-both-reissued,1,本次未声明该范围，不等于问题解除 ‹ 复检前留下的条件：状态原码（没有“整句条件已满足”） › named-outcome-observed
E271,10-15,,domain-517,D,复检结果页,RECHECK,glossaryStates,Old-evidence comparison: state codes,旧证据比较：状态原码,界面文字（为本界面所写）,50d129b,#34,50d129b,50d129b,#34,中文原句在此前的代码里已有，随该提交移入词表,,,,,20,fixture/result ×10; fixture/recheck ×10,#/fixture/recheck-requirement-relaxed,1,The original record had no recheck condition ‹ Old-evidence comparison: state codes › equivalent,17,fixture/recheck ×9; fixture/result ×8,#/fixture/recheck-both-reissued,1,原记录没有复检条件 ‹ 旧证据比较：状态原码 › equivalent
E272,10-15,,domain-517,D,复检结果页,RECHECK,glossaryReasons,Old-evidence comparison: reason codes,旧证据比较：原因原码,界面文字（为本界面所写）,50d129b,#34,50d129b,50d129b,#34,中文原句在此前的代码里已有，随该提交移入词表,,,,,20,fixture/result ×10; fixture/recheck ×10,#/fixture/recheck-requirement-relaxed,1,Not enough basis to compare ‹ Old-evidence comparison: reason codes › finding-equivalent,17,fixture/recheck ×9; fixture/result ×8,#/fixture/recheck-both-reissued,1,现有依据不足以比较 ‹ 旧证据比较：原因原码 › finding-equivalent
E273,10-15,,domain-517,D,复检结果页,RECHECK,glossaryAspects,Aspects that changed: codes,变化方面：原码,界面文字（为本界面所写）,50d129b,#34,50d129b,50d129b,#34,中文原句在此前的代码里已有，随该提交移入词表,,,,,20,fixture/result ×10; fixture/recheck ×10,#/fixture/recheck-requirement-relaxed,1,"The model version has changed, and the original determination was made against the old version, so i ‹ Aspects that changed: codes › model-version",17,fixture/recheck ×9; fixture/result ×8,#/fixture/recheck-both-reissued,1,模型版本已经变化，原判定是针对旧版本作出的，不能归到当前版本。不是证据不存在，也不是原判定错误；需要针对当前版本的判定。 ‹ 变化方面：原码 › model-version
E274,10-08,A,domain-517,D,范围限制,RECHECK_CANNOT,[0],Start a new recheck or upload a new model,发起新的复检或上传新模型,界面文字（为本界面所写）,50d129b,#34,eb05f61,eb05f61,#21,,,,,,151,fixture/recheck ×141; fixture/result ×10,#/fixture/recheck-requirement-relaxed,1,"What this preview cannot do ‹ Start a new recheck or upload a new model › Mark an item resolved, closed or risk-accepted",133,fixture/recheck ×125; fixture/result ×8,#/fixture/recheck-both-reissued,1,本预览做不了的事 ‹ 发起新的复检或上传新模型 › 把事项标记为已解决、关闭或接受风险
E275,10-08,A,domain-517,D,范围限制,RECHECK_CANNOT,[1],"Mark an item resolved, closed or risk-accepted",把事项标记为已解决、关闭或接受风险,界面文字（为本界面所写）,50d129b,#34,eb05f61,eb05f61,#21,,,,,,151,fixture/recheck ×141; fixture/result ×10,#/fixture/recheck-requirement-relaxed,1,"Start a new recheck or upload a new model ‹ Mark an item resolved, closed or risk-accepted › Assign or notify anyone",133,fixture/recheck ×125; fixture/result ×8,#/fixture/recheck-both-reissued,1,发起新的复检或上传新模型 ‹ 把事项标记为已解决、关闭或接受风险 › 指派或通知责任人
E276,10-08,A,domain-517,D,范围限制,RECHECK_CANNOT,[2],Assign or notify anyone,指派或通知责任人,界面文字（为本界面所写）,50d129b,#34,eb05f61,eb05f61,#21,,,,,,151,fixture/recheck ×141; fixture/result ×10,#/fixture/recheck-requirement-relaxed,1,"Mark an item resolved, closed or risk-accepted ‹ Assign or notify anyone › Open or locate an element in Revit",133,fixture/recheck ×125; fixture/result ×8,#/fixture/recheck-both-reissued,1,把事项标记为已解决、关闭或接受风险 ‹ 指派或通知责任人 › 在 Revit 中打开或定位构件
E277,10-08,A,domain-517,D,范围限制,RECHECK_CANNOT,[3],Open or locate an element in Revit,在 Revit 中打开或定位构件,界面文字（为本界面所写）,50d129b,#34,eb05f61,eb05f61,#21,,,,,,151,fixture/recheck ×141; fixture/result ×10,#/fixture/recheck-requirement-relaxed,1,Assign or notify anyone ‹ Open or locate an element in Revit › Export a recheck record,133,fixture/recheck ×125; fixture/result ×8,#/fixture/recheck-both-reissued,1,指派或通知责任人 ‹ 在 Revit 中打开或定位构件 › 导出复检记录
E278,10-08,A,domain-517,D,范围限制,RECHECK_CANNOT,[4],Export a recheck record,导出复检记录,界面文字（为本界面所写）,50d129b,#34,eb05f61,eb05f61,#21,,,,,,151,fixture/recheck ×141; fixture/result ×10,#/fixture/recheck-requirement-relaxed,1,"Open or locate an element in Revit ‹ Export a recheck record › These actions are not implemented, so the page has no buttons for them.",133,fixture/recheck ×125; fixture/result ×8,#/fixture/recheck-both-reissued,1,在 Revit 中打开或定位构件 ‹ 导出复检记录 › 这些动作没有实现，所以页面上没有对应的按钮。
E279,10-08,B,domain-517,D,复检单项页（含复检前的结束条件）,RECHECK_ITEM,missing,The recheck record has no such item,复检记录中没有这一项,界面文字（为本界面所写）,50d129b,#34,50d129b,50d129b,#34,中文原句在此前的代码里已有，随该提交移入词表,,,,,0,,,0,,0,,,0,
E280,10-08,B,domain-517,D,复检单项页（含复检前的结束条件）,RECHECK_ITEM,back,← Back to the recheck items (to this item's place),← 返回复检事项列表（回到这一项的位置）,界面文字（为本界面所写）,50d129b,#34,50d129b,50d129b,#34,中文原句在此前的代码里已有，随该提交移入词表,,,,,131,fixture/recheck ×131,#/fixture/recheck-requirement-relaxed/recheck/7/2,2,‹ ← Back to the recheck items (to this item's place) › Recheck item · One element,116,fixture/recheck ×116,#/fixture/recheck-both-reissued/recheck/0/0,2,‹ ← 返回复检事项列表（回到这一项的位置） › 复检事项 · 一个构件
E281,10-08,B,domain-517,D,复检单项页（含复检前的结束条件）,RECHECK_ITEM,kicker,Recheck item · {count},复检事项 · {count},界面文字（为本界面所写）,50d129b,#34,50d129b,50d129b,#34,中文原句在此前的代码里已有，随该提交移入词表,,,,,131,fixture/recheck ×131,#/fixture/recheck-requirement-relaxed/recheck/7/2,1,← Back to the recheck items (to this item's place) ‹ Recheck item · One element › building element,0,（模板，固定文字太少，没有按页面匹配）,,0,
E282,10-08,B,domain-517,D,复检单项页（含复检前的结束条件）,RECHECK_ITEM,pairNote,"These two elements are no longer paired for checking: the penetration determination is now ""no penetration"" (see the reason the record gives below). This does not mean the opening has been built, nor that the opening defect has been fixed.",这两个构件已不再被配成一对检查：穿透判定现为“不穿透”（见下方记录给出的原因）。这不等于开洞已建成，也不等于开洞缺陷已修复。,界面文字（为本界面所写）,50d129b,#34,50d129b,50d129b,#34,中文原句在此前的代码里已有，随该提交移入词表,,,,,11,fixture/recheck ×11,#/fixture/recheck-both-reissued/recheck/2/0,1,,11,fixture/recheck ×11,#/fixture/recheck-both-reissued/recheck/2/0,1,
E283,10-08,B,domain-517,D,复检单项页（含复检前的结束条件）,RECHECK_ITEM,model,Models,模型,界面文字（为本界面所写）,50d129b,#34,50d129b,50d129b,#34,,,,,,166,fixture/recheck ×141; fixture/result ×10; ws-compare:workspace/finding ×3; ws-notreeval:workspace/finding ×2; ws-single:workspace/finding ×2; ws-compare:workspace/result ×1,#/fixture/recheck-requirement-relaxed,1,"Before-and-after details: models, items, old evidence ‹ Models › Neither model was re-issued (versions unchanged)",296,fixture/member ×134; fixture/recheck ×125; fixture/record ×11; fixture/result ×8; ws-compare:workspace/finding ×3; ws-newly:workspace/finding ×3,#/fixture/recheck-both-reissued,1,复检前后的比较明细：模型、事项、旧证据 ‹ 模型 › 交出方和接收方的模型都重新发布了
E284,10-08,B,domain-517,D,复检单项页（含复检前的结束条件）,RECHECK_ITEM,actionHeading,"2. What to do, who deals with it, what a recheck must show",二、要做什么、由谁处理、完成后拿什么复检,界面文字（为本界面所写）,80ad6ce,#44,50d129b,80ad6ce,#44,,,已由 #44 修改，待 BIM 复核（zh 措辞修改）；已由 #44 修改，待 BIM 复核（en 措辞修改）,ITEM.actionHeading,ITEM.actionHeading,147,fixture/recheck ×131; fixture/item ×16,#/fixture/member-evidence/item/0/2/0,1,"Needs to know where MEP penetrates architectural fabric, so openings can be cut in walls, floors and ‹ 2. What to do, who deals with it, what a recheck must show › What to do",130,fixture/recheck ×116; fixture/item ×14,#/fixture/member-evidence/item/0/2/0,1,要知道交出方的构件在哪里穿过墙、楼板和屋顶，才能在这些构件上开洞。 ‹ 二、要做什么、由谁处理、完成后拿什么复检 › 要做什么
E285,10-08,B,domain-517,D,复检单项页（含复检前的结束条件）,RECHECK_ITEM,whichOne,3. Which element,三、是哪个构件,界面文字（为本界面所写）,80ad6ce,#44,50d129b,80ad6ce,#44,,,已由 #44 修改，待 BIM 复核（zh 措辞修改）；已由 #44 修改，待 BIM 复核（en 措辞修改）,ITEM.whichOne,,132,fixture/recheck ×110; fixture/item ×22,#/fixture/member-evidence/item/0/2/0,1,"A recorded coordination-review determination exists for the named model versions, naming either no p ‹ 3. Which element › Class",117,fixture/recheck ×97; fixture/item ×20,#/fixture/member-evidence/item/0/2/0,1,"A recorded coordination-review determination exists for the named model versions, naming either no p ‹ 三、是哪个构件 › 类别"
E286,10-08,B,domain-517,D,复检单项页（含复检前的结束条件）,RECHECK_ITEM,whichTwo,3. Which two elements,三、是哪两个构件,界面文字（为本界面所写）,80ad6ce,#44,50d129b,80ad6ce,#44,,,已由 #44 修改，待 BIM 复核（zh 措辞修改）；已由 #44 修改，待 BIM 复核（en 措辞修改）,ITEM.whichTwo,,25,fixture/recheck ×21; fixture/item ×4,#/fixture/member-evidence/item/0/4/0,1,The opening-status evaluation is re-run and reports the opening modelled and cross-referenced (outco ‹ 3. Which two elements › Class,23,fixture/recheck ×19; fixture/item ×4,#/fixture/member-evidence/item/0/4/0,1,The opening-status evaluation is re-run and reports the opening modelled and cross-referenced (outco ‹ 三、是哪两个构件 › 类别
E287,10-08,B,domain-517,D,复检单项页（含复检前的结束条件）,RECHECK_ITEM,noCurrent,"The record does not give this item's current place, so this page has no action, handling team or default handling role to show. Those details from the record before the recheck did not come back with the recheck record either.",记录没有给出这一项的当前情况，所以本页没有处理动作、处理团队或默认处理角色可以显示。复检前记录里的这些信息也没有随复检记录返回。,界面文字（为本界面所写）,50d129b,#34,50d129b,50d129b,#34,中文原句在此前的代码里已有，随该提交移入词表,,,,,14,fixture/recheck ×14,#/fixture/recheck-both-reissued/recheck/2/0,1,"The record gives no next step for this pair. Check whether the basis that stopped them being paired ‹ The record does not give this item's current place, so this page has no action, handling team or default handling role to show. Those details from the record before the recheck did not come back with the recheck record either. › 3. Which two elements",14,fixture/recheck ×14,#/fixture/recheck-both-reissued/recheck/2/0,1,记录没有为这一对构件给出下一步。请核对让它不再被配对的那份依据（见“记录给出的原因”）是不是你认可的结论；原来的问题没有被证明已修复。 ‹ 记录没有给出这一项的当前情况，所以本页没有处理动作、处理团队或默认处理角色可以显示。复检前记录里的这些信息也没有随复检记录返回。 › 三、是哪两个构件
E288,10-08,B,domain-517,D,复检单项页（含复检前的结束条件）,RECHECK_ITEM,conditionHeading,4. Was the exit condition left before the recheck reached this time?,四、复检前留下的结束条件，这次达到了吗,界面文字（为本界面所写）,50d129b,#34,50d129b,50d129b,#34,中文原句在此前的代码里已有，随该提交移入词表,,,,,131,fixture/recheck ×131,#/fixture/recheck-requirement-relaxed/recheck/7/2,1,The name is taken from the model file itself; it may be empty or shared with other elements. To find ‹ 4. Was the exit condition left before the recheck reached this time? › The original recheck condition has no part a machine can check; a person needs to read the original,116,fixture/recheck ×116,#/fixture/recheck-both-reissued/recheck/0/0,1,名称取自模型文件本身，可能为空，也可能与别的构件重名；要在模型里定位，请用 GlobalId。 ‹ 四、复检前留下的结束条件，这次达到了吗 › 原记录没有复检条件：原来的判断没有留下待办。
E289,10-08,B,domain-517,D,复检单项页（含复检前的结束条件）,RECHECK_ITEM,priorCondition,The exit condition left before the recheck: {text},复检前留下的结束条件：{text}。,界面文字（为本界面所写）,50d129b,#34,50d129b,50d129b,#34,中文原句在此前的代码里已有，随该提交移入词表,,,,,81,fixture/recheck ×81,#/fixture/recheck-requirement-relaxed/recheck/7/2,1,"The original recheck condition has no part a machine can check; a person needs to read the original ‹ The exit condition left before the recheck: On the reissued model, this element passes every requirement listed, and no element in the scope is left unevaluated › This says only how far the exit condition left before the recheck has been shown to be reached; read",71,fixture/recheck ×71,#/fixture/recheck-both-reissued/recheck/1/0,1,原复检条件没有机器能检查的部分，需要人阅读原条件并判断；记录对它不下结论。 ‹ 复检前留下的结束条件：针对所列模型版本，有一份评审判定记录。 › 这里只说复检前留下的结束条件被证明到了什么程度，与现在的结论分开读：结论变了，不等于原条件已满足。
E290,10-08,B,domain-517,D,复检单项页（含复检前的结束条件）,RECHECK_ITEM,end,.,。,界面文字（为本界面所写）,50d129b,#34,50d129b,50d129b,#34,,,,,,0,,,0,,0,,,0,
E291,10-08,B,domain-517,D,复检单项页（含复检前的结束条件）,RECHECK_ITEM,conditionNote,This says only how far the exit condition left before the recheck has been shown to be reached; read it apart from the conclusion now. A changed conclusion does not mean the original condition is met.,这里只说复检前留下的结束条件被证明到了什么程度，与现在的结论分开读：结论变了，不等于原条件已满足。,界面文字（为本界面所写）,50d129b,#34,50d129b,50d129b,#34,中文原句在此前的代码里已有，随该提交移入词表,,,,,131,fixture/recheck ×131,#/fixture/recheck-requirement-relaxed/recheck/7/2,1,"The exit condition left before the recheck: On the reissued model, this element passes every require ‹ This says only how far the exit condition left before the recheck has been shown to be reached; read it apart from the conclusion now. A changed conclusion does not mean the original condition is met. › Source wording and record codes: for tracing, not an instruction",116,fixture/recheck ×116,#/fixture/recheck-both-reissued/recheck/0/0,1,原记录没有复检条件：原来的判断没有留下待办。 ‹ 这里只说复检前留下的结束条件被证明到了什么程度，与现在的结论分开读：结论变了，不等于原条件已满足。 › 来源原文（英文）与记录原码：供追溯，不是操作指令
E292,10-08,B,domain-517,D,复检单项页（含复检前的结束条件）,RECHECK_ITEM,originalSummary,"Source wording and record codes: for tracing, not an instruction",来源原文（英文）与记录原码：供追溯，不是操作指令,界面文字（为本界面所写）,295da77,#40,50d129b,295da77,#40,,,已由 #40 修改，待 BIM 复核（zh 措辞修改）；已由 #40 修改，待 BIM 复核（en 措辞修改）,,,131,fixture/recheck ×131,#/fixture/recheck-requirement-relaxed/recheck/7/2,1,"This says only how far the exit condition left before the recheck has been shown to be reached; read ‹ Source wording and record codes: for tracing, not an instruction › prior_recheck_condition",116,fixture/recheck ×116,#/fixture/recheck-both-reissued/recheck/0/0,1,这里只说复检前留下的结束条件被证明到了什么程度，与现在的结论分开读：结论变了，不等于原条件已满足。 ‹ 来源原文（英文）与记录原码：供追溯，不是操作指令 › prior_recheck_condition
E293,10-08,B,domain-517,D,复检单项页（含复检前的结束条件）,RECHECK_ITEM,conditionBasis,condition_basis (as written),condition_basis（原文）,界面文字（为本界面所写）,50d129b,#34,50d129b,50d129b,#34,中文原句在此前的代码里已有，随该提交移入词表,,,,,131,fixture/recheck ×131,#/fixture/recheck-requirement-relaxed/recheck/7/2,1,"no-machine-checkable-part The condition has no machine-checkable part; a person must read it ‹ condition_basis (as written) › the condition names 0 of asset-identity's declared outcomes ['satisfied', 'unmet', 'not-yet-evaluate",116,fixture/recheck ×116,#/fixture/recheck-both-reissued/recheck/0/0,1,"no-recheck-condition 原记录没有复检条件 ‹ condition_basis（原文） › the cited subscope is READY and carries no resolution route, so there is no recheck condition to est"
E294,10-08,B,domain-517,D,复检单项页（含复检前的结束条件）,RECHECK_ITEM,evidenceHeading,5. The evidence before the recheck,五、复检前的证据,界面文字（为本界面所写）,50d129b,#34,50d129b,50d129b,#34,中文原句在此前的代码里已有，随该提交移入词表,,,,,131,fixture/recheck ×131,#/fixture/recheck-requirement-relaxed/recheck/7/2,1,"asset-identity ‹ 5. The evidence before the recheck › 6 pieces of old evidence were assessed together with this item, and for 2 of them the check requirem",116,fixture/recheck ×116,#/fixture/recheck-both-reissued/recheck/0/0,1,penetration-determination ‹ 五、复检前的证据 › 和这一项放在一起评估的旧证据共 1 条。
E295,10-08,B,domain-517,D,复检单项页（含复检前的结束条件）,RECHECK_ITEM,evidenceCount.one,{count} piece of old evidence was assessed together with this item,和这一项放在一起评估的旧证据共 {count} 条,界面文字（为本界面所写）,50d129b,#34,50d129b,50d129b,#34,中文原句在此前的代码里已有，随该提交移入词表,,,,,10,fixture/recheck ×10,#/fixture/recheck-requirement-relaxed/recheck/0/0,1,"5. The evidence before the recheck ‹ 1 piece of old evidence was assessed together with this item. › Evidence cited before the recheck, by source: Simulated human determination ×1",82,fixture/recheck ×82,#/fixture/recheck-both-reissued/recheck/0/0,1,五、复检前的证据 ‹ 和这一项放在一起评估的旧证据共 1 条。 › 模拟的人工判定
E296,10-08,B,domain-517,D,复检单项页（含复检前的结束条件）,RECHECK_ITEM,evidenceCount.other,{count} pieces of old evidence were assessed together with this item,和这一项放在一起评估的旧证据共 {count} 条,界面文字（为本界面所写）,50d129b,#34,50d129b,50d129b,#34,中文原句在此前的代码里已有，随该提交移入词表,,,,,81,fixture/recheck ×81,#/fixture/recheck-requirement-relaxed/recheck/7/2,1,"5. The evidence before the recheck ‹ 6 pieces of old evidence were assessed together with this item, and for 2 of them the check requirement changed. › Real check output",82,fixture/recheck ×82,#/fixture/recheck-both-reissued/recheck/0/0,1,五、复检前的证据 ‹ 和这一项放在一起评估的旧证据共 1 条。 › 模拟的人工判定
E297,10-08,B,domain-517,D,复检单项页（含复检前的结束条件）,RECHECK_ITEM,requirementChanged.one,", and for {count} of them the check requirement changed",，其中 {count} 条的检查要求变了,界面文字（为本界面所写）,50d129b,#34,50d129b,50d129b,#34,中文原句在此前的代码里已有，随该提交移入词表,,,,,9,fixture/recheck ×9,#/fixture/recheck-requirement-relaxed/recheck/7/2,1,"5. The evidence before the recheck ‹ 6 pieces of old evidence were assessed together with this item, and for 2 of them the check requirement changed. › Real check output",0,（模板，固定文字太少，没有按页面匹配）,,0,
E298,10-08,B,domain-517,D,复检单项页（含复检前的结束条件）,RECHECK_ITEM,requirementChanged.other,", and for {count} of them the check requirement changed",，其中 {count} 条的检查要求变了,界面文字（为本界面所写）,50d129b,#34,50d129b,50d129b,#34,中文原句在此前的代码里已有，随该提交移入词表,,,,,9,fixture/recheck ×9,#/fixture/recheck-requirement-relaxed/recheck/7/2,1,"5. The evidence before the recheck ‹ 6 pieces of old evidence were assessed together with this item, and for 2 of them the check requirement changed. › Real check output",0,（模板，固定文字太少，没有按页面匹配）,,0,
E299,10-08,B,domain-517,D,复检单项页（含复检前的结束条件）,RECHECK_ITEM,priorSources,"Evidence cited before the recheck, by source: ",复检前引用的证据，来源：,界面文字（为本界面所写）,50d129b,#34,50d129b,50d129b,#34,中文原句在此前的代码里已有，随该提交移入词表,,,,,91,fixture/recheck ×91,#/fixture/recheck-requirement-relaxed/recheck/7/2,1,"Real check output ‹ Evidence cited before the recheck, by source: Real check output ×6 › Corresponding evidence this record cites, by source: Simulated check result ×6",82,fixture/recheck ×82,#/fixture/recheck-both-reissued/recheck/0/0,1,模拟的人工判定 ‹ 复检前引用的证据，来源：模拟的人工判定 ×1 › 本次记录引用的对应证据，来源：
E300,10-08,B,domain-517,D,复检单项页（含复检前的结束条件）,RECHECK_ITEM,currentSources,"Corresponding evidence this record cites, by source: ",本次记录引用的对应证据，来源：,界面文字（为本界面所写）,50d129b,#34,50d129b,50d129b,#34,中文原句在此前的代码里已有，随该提交移入词表,,,,,91,fixture/recheck ×91,#/fixture/recheck-requirement-relaxed/recheck/7/2,1,"Evidence cited before the recheck, by source: Real check output ×6 ‹ Corresponding evidence this record cites, by source: Simulated check result ×6 › See each piece of old evidence and how it compared",82,fixture/recheck ×82,#/fixture/recheck-both-reissued/recheck/0/0,1,复检前引用的证据，来源：模拟的人工判定 ×1 ‹ 本次记录引用的对应证据，来源： › 逐条查看旧证据和比较结果
E301,10-08,B,domain-517,D,复检单项页（含复检前的结束条件）,RECHECK_ITEM,rowsSummary,See each piece of old evidence and how it compared,逐条查看旧证据和比较结果,界面文字（为本界面所写）,50d129b,#34,50d129b,50d129b,#34,中文原句在此前的代码里已有，随该提交移入词表,,,,,91,fixture/recheck ×91,#/fixture/recheck-requirement-relaxed/recheck/7/2,1,"Corresponding evidence this record cites, by source: Simulated check result ×6 ‹ See each piece of old evidence and how it compared › The record keeps the old evidence of a group of elements assessed together in one place, not split b",82,fixture/recheck ×82,#/fixture/recheck-both-reissued/recheck/0/0,1,本次记录引用的对应证据，来源： ‹ 逐条查看旧证据和比较结果 › 记录把放在一起评估的一组构件的旧证据存在一处，不按构件拆开：这一组的 1 个事项共用下面这些行。
E302,10-08,B,domain-517,D,复检单项页（含复检前的结束条件）,RECHECK_ITEM,shared.one,"The record keeps the old evidence of a group of elements assessed together in one place, not split by element: the group's {count} item shares the rows below.",记录把放在一起评估的一组构件的旧证据存在一处，不按构件拆开：这一组的 {count} 个事项共用下面这些行。,界面文字（为本界面所写）,50d129b,#34,50d129b,50d129b,#34,中文原句在此前的代码里已有，随该提交移入词表,,,,,31,fixture/recheck ×31,#/fixture/recheck-requirement-relaxed/recheck/3/0,1,"See each piece of old evidence and how it compared ‹ The record keeps the old evidence of a group of elements assessed together in one place, not split by element: the group's 1 item shares the rows below. › What ""Comparison basis unchanged"" means",82,fixture/recheck ×82,#/fixture/recheck-both-reissued/recheck/0/0,1,逐条查看旧证据和比较结果 ‹ 记录把放在一起评估的一组构件的旧证据存在一处，不按构件拆开：这一组的 1 个事项共用下面这些行。 › “未找到对应证据”是什么意思
E303,10-08,B,domain-517,D,复检单项页（含复检前的结束条件）,RECHECK_ITEM,shared.other,"The record keeps the old evidence of a group of elements assessed together in one place, not split by element: the group's {count} items share the rows below.",记录把放在一起评估的一组构件的旧证据存在一处，不按构件拆开：这一组的 {count} 个事项共用下面这些行。,界面文字（为本界面所写）,50d129b,#34,50d129b,50d129b,#34,中文原句在此前的代码里已有，随该提交移入词表,,,,,60,fixture/recheck ×60,#/fixture/recheck-requirement-relaxed/recheck/7/2,1,"See each piece of old evidence and how it compared ‹ The record keeps the old evidence of a group of elements assessed together in one place, not split by element: the group's 3 items share the rows below. › What ""Comparison basis unchanged"" means",82,fixture/recheck ×82,#/fixture/recheck-both-reissued/recheck/0/0,1,逐条查看旧证据和比较结果 ‹ 记录把放在一起评估的一组构件的旧证据存在一处，不按构件拆开：这一组的 1 个事项共用下面这些行。 › “未找到对应证据”是什么意思
E304,10-08,B,domain-517,D,复检单项页（含复检前的结束条件）,RECHECK_ITEM,noEvidence,The group's evidence path before the recheck cites no evidence.,复检前这一组的证据路径没有引用任何证据。,界面文字（为本界面所写）,50d129b,#34,50d129b,50d129b,#34,中文原句在此前的代码里已有，随该提交移入词表,,,,,40,fixture/recheck ×40,#/fixture/recheck-requirement-relaxed/recheck/1/0,1,5. The evidence before the recheck ‹ The group's evidence path before the recheck cites no evidence. › What this preview cannot do,34,fixture/recheck ×34,#/fixture/recheck-both-reissued/recheck/1/0,1,五、复检前的证据 ‹ 复检前这一组的证据路径没有引用任何证据。 › 本预览做不了的事
E305,10-08,B,domain-517,D,复检单项页（含复检前的结束条件）,RECHECK_ITEM,priorOrdinal,Internal group number before the recheck,复检前的内部分组编号,界面文字（为本界面所写）,50d129b,#34,50d129b,50d129b,#34,中文原句在此前的代码里已有，随该提交移入词表,,,,,131,fixture/recheck ×131,#/fixture/recheck-requirement-relaxed/recheck/7/2,1,interdisciplinary-coordination-readiness::schedules-and-room-data-sheets ‹ Internal group number before the recheck › #2,116,fixture/recheck ×116,#/fixture/recheck-both-reissued/recheck/0/0,1,interdisciplinary-coordination-readiness::builders-work-openings ‹ 复检前的内部分组编号 › #1
E306,10-08,B,domain-517,D,复检单项页（含复检前的结束条件）,RECHECK_ITEM,currentLine,"Current internal group number, verdict and final outcome",现在的内部分组编号、verdict 与终点 outcome,界面文字（为本界面所写）,50d129b,#34,50d129b,50d129b,#34,中文原句在此前的代码里已有，随该提交移入词表,,,,,131,fixture/recheck ×131,#/fixture/recheck-requirement-relaxed/recheck/7/2,1,"present ‹ Current internal group number, verdict and final outcome › #2 READY satisfied",116,fixture/recheck ×116,#/fixture/recheck-both-reissued/recheck/0/0,1,present ‹ 现在的内部分组编号、verdict 与终点 outcome › #1 UNKNOWN not-yet-determined
E307,10-08,A,domain-517,D,范围限制,RECHECK_LIMITS,[0],"""Comparison basis unchanged"" does not mean the whole handover needs no review.",“比较依据一致”不代表整个交接不用复核。,界面文字（为本界面所写）,50d129b,#34,eb05f61,eb05f61,#21,,,,,,151,fixture/recheck ×141; fixture/result ×10,#/fixture/recheck-requirement-relaxed,1,"When reading a recheck result ‹ ""Comparison basis unchanged"" does not mean the whole handover needs no review. › An element that is gone, or evidence with no counterpart, does not mean the problem was fixed.",133,fixture/recheck ×125; fixture/result ×8,#/fixture/recheck-both-reissued,1,读复检结果时 ‹ “比较依据一致”不代表整个交接不用复核。 › 构件不在了、或找不到对应证据，不代表问题已修复。
E308,10-08,A,domain-517,D,范围限制,RECHECK_LIMITS,[1],"An element that is gone, or evidence with no counterpart, does not mean the problem was fixed.",构件不在了、或找不到对应证据，不代表问题已修复。,界面文字（为本界面所写）,50d129b,#34,eb05f61,f4a984f,#21,,,,,,151,fixture/recheck ×141; fixture/result ×10,#/fixture/recheck-requirement-relaxed,1,"""Comparison basis unchanged"" does not mean the whole handover needs no review. ‹ An element that is gone, or evidence with no counterpart, does not mean the problem was fixed. › A model re-issued (on either side) does not mean a fix has happened.",133,fixture/recheck ×125; fixture/result ×8,#/fixture/recheck-both-reissued,1,“比较依据一致”不代表整个交接不用复核。 ‹ 构件不在了、或找不到对应证据，不代表问题已修复。 › 模型重新发布（不论哪一侧）不代表修复已经发生。
E309,10-08,A,domain-517,D,范围限制,RECHECK_LIMITS,[2],A model re-issued (on either side) does not mean a fix has happened.,模型重新发布（不论哪一侧）不代表修复已经发生。,界面文字（为本界面所写）,50d129b,#34,eb05f61,eb05f61,#21,,,,,,151,fixture/recheck ×141; fixture/result ×10,#/fixture/recheck-requirement-relaxed,1,"An element that is gone, or evidence with no counterpart, does not mean the problem was fixed. ‹ A model re-issued (on either side) does not mean a fix has happened. › ""Only the model version changed"" does not mean the check result's content changed.",133,fixture/recheck ×125; fixture/result ×8,#/fixture/recheck-both-reissued,1,构件不在了、或找不到对应证据，不代表问题已修复。 ‹ 模型重新发布（不论哪一侧）不代表修复已经发生。 › “只有模型版本变了”不等于检查结果的内容变了。
E310,10-08,A,domain-517,D,范围限制,RECHECK_LIMITS,[3],"""Only the model version changed"" does not mean the check result's content changed.",“只有模型版本变了”不等于检查结果的内容变了。,界面文字（为本界面所写）,50d129b,#34,eb05f61,eb05f61,#21,,,,,,151,fixture/recheck ×141; fixture/result ×10,#/fixture/recheck-requirement-relaxed,1,"A model re-issued (on either side) does not mean a fix has happened. ‹ ""Only the model version changed"" does not mean the check result's content changed. › ""Cannot be compared"" is not ""evidence missing"": where the old record kept no comparison basis, this",133,fixture/recheck ×125; fixture/result ×8,#/fixture/recheck-both-reissued,1,模型重新发布（不论哪一侧）不代表修复已经发生。 ‹ “只有模型版本变了”不等于检查结果的内容变了。 › “无法比较”不是“证据缺失”：旧记录没保存比较依据时，本页如实显示无法比较。
E311,10-08,A,domain-517,D,范围限制,RECHECK_LIMITS,[4],"""Cannot be compared"" is not ""evidence missing"": where the old record kept no comparison basis, this page says honestly that it cannot compare.",“无法比较”不是“证据缺失”：旧记录没保存比较依据时，本页如实显示无法比较。,界面文字（为本界面所写）,50d129b,#34,eb05f61,eb05f61,#21,,,,,,151,fixture/recheck ×141; fixture/result ×10,#/fixture/recheck-requirement-relaxed,1,"""Only the model version changed"" does not mean the check result's content changed. ‹ ""Cannot be compared"" is not ""evidence missing"": where the old record kept no comparison basis, this page says honestly that it cannot compare. › Before-and-after details: models, items, old evidence",133,fixture/recheck ×125; fixture/result ×8,#/fixture/recheck-both-reissued,1,“只有模型版本变了”不等于检查结果的内容变了。 ‹ “无法比较”不是“证据缺失”：旧记录没保存比较依据时，本页如实显示无法比较。 › 复检前后的比较明细：模型、事项、旧证据
E312,10-15,,new-1005,D,10/5 新增：第二入口（随附项目的检查尝试）的拒绝页（#42）,REFUSAL_PAGE,title,This check attempt did not start an assessment,这次检查尝试没有开始评估,界面文字（为本界面所写）,bd07bcc,#42,bd07bcc,bd07bcc,#42,中文原句在此前的代码里已有，随该提交移入词表,,10/5 新增（#42）,,,1,real/result ×1,#/real/real-refusal,1,"‹ This check attempt did not start an assessment › The system refused this request before the assessment started, and gave its reason. This is an answe",1,real/result ×1,#/real/real-refusal,1,‹ 这次检查尝试没有开始评估 › 系统在评估开始前拒绝了这次请求，并给出了原因。这是对请求条件的答复：不是程序故障，也不是检查结果。
E313,10-15,,new-1005,D,10/5 新增：第二入口（随附项目的检查尝试）的拒绝页（#42）,REFUSAL_PAGE,lede,"The system refused this request before the assessment started, and gave its reason. This is an answer about the request's conditions: not a program fault, and not a check result.",系统在评估开始前拒绝了这次请求，并给出了原因。这是对请求条件的答复：不是程序故障，也不是检查结果。,界面文字（为本界面所写）,bd07bcc,#42,bd07bcc,bd07bcc,#42,中文原句在此前的代码里已有，随该提交移入词表,,10/5 新增（#42）,,,1,real/result ×1,#/real/real-refusal,1,"This check attempt did not start an assessment ‹ The system refused this request before the assessment started, and gave its reason. This is an answer about the request's conditions: not a program fault, and not a check result. › Why it did not start",1,real/result ×1,#/real/real-refusal,1,这次检查尝试没有开始评估 ‹ 系统在评估开始前拒绝了这次请求，并给出了原因。这是对请求条件的答复：不是程序故障，也不是检查结果。 › 为什么没有开始
E314,10-15,,new-1005,D,10/5 新增：第二入口（随附项目的检查尝试）的拒绝页（#42）,REFUSAL_PAGE,whyHeading,Why it did not start,为什么没有开始,界面文字（为本界面所写）,bd07bcc,#42,bd07bcc,bd07bcc,#42,中文原句在此前的代码里已有，随该提交移入词表,,10/5 新增（#42）,,,1,real/result ×1,#/real/real-refusal,1,"The system refused this request before the assessment started, and gave its reason. This is an answe ‹ Why it did not start › Project condition not met: who deals with what is not a decision the project has made",1,real/result ×1,#/real/real-refusal,1,系统在评估开始前拒绝了这次请求，并给出了原因。这是对请求条件的答复：不是程序故障，也不是检查结果。 ‹ 为什么没有开始 › 项目条件未满足：由谁处理的安排不是项目作出的决定
E315,10-15,,new-1005,D,10/5 新增：第二入口（随附项目的检查尝试）的拒绝页（#42）,REFUSAL_PAGE,needHeading,What is needed for the check to start,要让检查能够开始，需要什么,界面文字（为本界面所写）,bd07bcc,#42,bd07bcc,bd07bcc,#42,中文原句在此前的代码里已有，随该提交移入词表,,10/5 新增（#42）,,,1,real/result ×1,#/real/real-refusal,1,"In the project settings this request used, the arrangement of which team fills which role is demonst ‹ What is needed for the check to start › On a real project, for the check to be able to start: the project lead has to actually decide who fi",1,real/result ×1,#/real/real-refusal,1,这次请求所用的项目设定里，“哪个角色由哪个团队担任”的安排只是演示用的占位内容，不是项目作出的决定。系统因此不生成评估结果：否则结果里的处理团队会被当成项目的真实安排。 ‹ 要让检查能够开始，需要什么 › 在一个真实项目上，要让检查能够开始：需要项目负责人实际决定系统原文（折叠在下面）点名的每个角色由谁担任，然后如实记录。这是一个人员决定，不是改一个标签。
E316,10-15,,new-1005,D,10/5 新增：第二入口（随附项目的检查尝试）的拒绝页（#42）,REFUSAL_PAGE,onlyOne,Only this one reason was returned; there is no diagnosis of any other stage.,本次只返回这一个原因，没有其他环节的诊断。,界面文字（为本界面所写）,bd07bcc,#42,bd07bcc,bd07bcc,#42,中文原句在此前的代码里已有，随该提交移入词表,,10/5 新增（#42）,,,1,real/result ×1,#/real/real-refusal,1,"Dealing with the current reason for refusal does not guarantee that an assessment can follow; the ot ‹ Only this one reason was returned; there is no diagnosis of any other stage. › No conclusion on any item, no zero-problem count and no completion ratio: a refusal is not ""Unknown""",1,real/result ×1,#/real/real-refusal,1,处理当前拒绝原因不保证随后可评估；其余限制尚未由本次运行验证。 ‹ 本次只返回这一个原因，没有其他环节的诊断。 › 没有任何事项的结论、零问题统计或完成百分比；被拒绝不是“无法判断”，也不是一次没有问题的检查。
E317,10-15,,new-1005,D,10/5 新增：第二入口（随附项目的检查尝试）的拒绝页（#42）,REFUSAL_PAGE,noConclusion,"No conclusion on any item, no zero-problem count and no completion ratio: a refusal is not ""Unknown"", and not a check without problems.",没有任何事项的结论、零问题统计或完成百分比；被拒绝不是“无法判断”，也不是一次没有问题的检查。,界面文字（为本界面所写）,bd07bcc,#42,bd07bcc,bd07bcc,#42,中文原句在此前的代码里已有，随该提交移入词表,,10/5 新增（#42）,,,1,real/result ×1,#/real/real-refusal,1,"Only this one reason was returned; there is no diagnosis of any other stage. ‹ No conclusion on any item, no zero-problem count and no completion ratio: a refusal is not ""Unknown"", and not a check without problems. › What the system returned (as written) and the refusal code",1,real/result ×1,#/real/real-refusal,1,本次只返回这一个原因，没有其他环节的诊断。 ‹ 没有任何事项的结论、零问题统计或完成百分比；被拒绝不是“无法判断”，也不是一次没有问题的检查。 › 系统返回的原文（英文）与拒绝码
E318,10-15,,new-1005,D,10/5 新增：第二入口（随附项目的检查尝试）的拒绝页（#42）,REFUSAL_PAGE,original,What the system returned (as written) and the refusal code,系统返回的原文（英文）与拒绝码,界面文字（为本界面所写）,bd07bcc,#42,bd07bcc,bd07bcc,#42,中文原句在此前的代码里已有，随该提交移入词表,,10/5 新增（#42）,WORKSPACE_REFUSAL.original,WORKSPACE_REFUSAL.original,2,real/result ×1; ws-refusal:workspace/result ×1,#/real/real-refusal,1,"No conclusion on any item, no zero-problem count and no completion ratio: a refusal is not ""Unknown"" ‹ What the system returned (as written) and the refusal code › Check attempt",2,real/result ×1; ws-refusal:workspace/result ×1,#/real/real-refusal,1,没有任何事项的结论、零问题统计或完成百分比；被拒绝不是“无法判断”，也不是一次没有问题的检查。 ‹ 系统返回的原文（英文）与拒绝码 › 检查尝试
E319,10-15,,new-1005,D,10/5 新增：第二入口（随附项目的检查尝试）的拒绝页（#42）,REFUSAL_PAGE,attempt,Check attempt,检查尝试,界面文字（为本界面所写）,bd07bcc,#42,bd07bcc,bd07bcc,#42,,,10/5 新增（#42）,,,2,real/list ×1; real/result ×1,#/real,1,‹ Check attempt on the bundled project › The repository comes with a sample project; below is a check attempt on it. You cannot choose anothe,1,real/result ×1,#/real/real-refusal,1,系统返回的原文（英文）与拒绝码 ‹ 检查尝试 › 对随附样例项目的一次检查尝试
E320,10-15,,new-1005,D,10/5 新增：第二入口（随附项目的检查尝试）的拒绝页（#42）,REFUSAL_PAGE,code,Refusal code,拒绝码,界面文字（为本界面所写）,bd07bcc,#42,bd07bcc,bd07bcc,#42,,,10/5 新增（#42）,WORKSPACE_REFUSAL.code,,2,real/result ×1; ws-refusal:workspace/result ×1,#/real/real-refusal,1,A check attempt on the bundled sample project ‹ Refusal code › Copy,2,real/result ×1; ws-refusal:workspace/result ×1,#/real/real-refusal,1,对随附样例项目的一次检查尝试 ‹ 拒绝码 › 复制
E321,10-15,,new-1005,D,10/5 新增：第二入口（随附项目的检查尝试）的拒绝页（#42）,REFUSAL_PAGE,contextMissing,The context of the request that was submitted has not been returned with the refusal yet.,所提交的请求上下文尚未随拒绝返回。,界面文字（为本界面所写）,bd07bcc,#42,bd07bcc,bd07bcc,#42,中文原句在此前的代码里已有，随该提交移入词表,,10/5 新增（#42）,,,1,real/result ×1,#/real/real-refusal,1,team-mapping-decision-basis-illustrativeCopy ‹ The context of the request that was submitted has not been returned with the refusal yet. › [team-mapping-decision-basis-illustrative] project 'pcert-sample' cannot produce an assessment recor,1,real/result ×1,#/real/real-refusal,1,team-mapping-decision-basis-illustrative复制 ‹ 所提交的请求上下文尚未随拒绝返回。 › [team-mapping-decision-basis-illustrative] project 'pcert-sample' cannot produce an assessment recor
E322,10-15,,new-1005,D,10/5 新增：第二入口的拒绝原因（#42）,REFUSAL_REASONS,team-mapping-decision-basis-illustrative.title,Project condition not met: who deals with what is not a decision the project has made,项目条件未满足：由谁处理的安排不是项目作出的决定,界面文字（为本界面所写）,bd07bcc,#42,f4a984f,968422d,#21,,,10/5 新增（#42）,,,1,real/result ×1,#/real/real-refusal,1,"Why it did not start ‹ Project condition not met: who deals with what is not a decision the project has made › In the project settings this request used, the arrangement of which team fills which role is demonst",1,real/result ×1,#/real/real-refusal,1,为什么没有开始 ‹ 项目条件未满足：由谁处理的安排不是项目作出的决定 › 这次请求所用的项目设定里，“哪个角色由哪个团队担任”的安排只是演示用的占位内容，不是项目作出的决定。系统因此不生成评估结果：否则结果里的处理团队会被当成项目的真实安排。
E323,10-15,,new-1005,D,10/5 新增：第二入口的拒绝原因（#42）,REFUSAL_REASONS,team-mapping-decision-basis-illustrative.text,"In the project settings this request used, the arrangement of which team fills which role is demonstration placeholder content, not a decision the project has made. The system therefore produces no assessment: otherwise the handling teams in the result would be taken for the project's real arrangement.",这次请求所用的项目设定里，“哪个角色由哪个团队担任”的安排只是演示用的占位内容，不是项目作出的决定。系统因此不生成评估结果：否则结果里的处理团队会被当成项目的真实安排。,界面文字（为本界面所写）,bd07bcc,#42,f4a984f,968422d,#21,,,10/5 新增（#42）,,,1,real/result ×1,#/real/real-refusal,1,"Project condition not met: who deals with what is not a decision the project has made ‹ In the project settings this request used, the arrangement of which team fills which role is demonstration placeholder content, not a decision the project has made. The system therefore produces no assessment: otherwise the handling teams in the result would be taken for the project's real arrangement. › What is needed for the check to start",1,real/result ×1,#/real/real-refusal,1,项目条件未满足：由谁处理的安排不是项目作出的决定 ‹ 这次请求所用的项目设定里，“哪个角色由哪个团队担任”的安排只是演示用的占位内容，不是项目作出的决定。系统因此不生成评估结果：否则结果里的处理团队会被当成项目的真实安排。 › 要让检查能够开始，需要什么
E324,10-15,,new-1005,D,10/5 新增：第二入口的拒绝原因（#42）,REFUSAL_REASONS,team-mapping-decision-basis-illustrative.action[0],"On a real project, for the check to be able to start: the project lead has to actually decide who fills each role that the system's own text (folded below) names, and record it as decided. This is a staffing decision, not a change of label.",在一个真实项目上，要让检查能够开始：需要项目负责人实际决定系统原文（折叠在下面）点名的每个角色由谁担任，然后如实记录。这是一个人员决定，不是改一个标签。,界面文字（为本界面所写）,bd07bcc,#42,968422d,968422d,#21,,,10/5 新增（#42）,,,1,real/result ×1,#/real/real-refusal,1,"What is needed for the check to start ‹ On a real project, for the check to be able to start: the project lead has to actually decide who fills each role that the system's own text (folded below) names, and record it as decided. This is a staffing decision, not a change of label. › If this request used the bundled public sample: it has no project lead. For it, this refusal is the",1,real/result ×1,#/real/real-refusal,1,要让检查能够开始，需要什么 ‹ 在一个真实项目上，要让检查能够开始：需要项目负责人实际决定系统原文（折叠在下面）点名的每个角色由谁担任，然后如实记录。这是一个人员决定，不是改一个标签。 › 如果这次请求用的是随附的公开样例：它没有项目负责人。对它而言，这次拒绝就是正确的结果，不需要、也不应该去改它的设定。
E325,10-15,,new-1005,D,10/5 新增：第二入口的拒绝原因（#42）,REFUSAL_REASONS,team-mapping-decision-basis-illustrative.action[1],"If this request used the bundled public sample: it has no project lead. For it, this refusal is the correct result; its settings do not need to be changed, and should not be.",如果这次请求用的是随附的公开样例：它没有项目负责人。对它而言，这次拒绝就是正确的结果，不需要、也不应该去改它的设定。,界面文字（为本界面所写）,bd07bcc,#42,968422d,968422d,#21,,,10/5 新增（#42）,,,1,real/result ×1,#/real/real-refusal,1,"On a real project, for the check to be able to start: the project lead has to actually decide who fi ‹ If this request used the bundled public sample: it has no project lead. For it, this refusal is the correct result; its settings do not need to be changed, and should not be. › Dealing with the current reason for refusal does not guarantee that an assessment can follow; the ot",1,real/result ×1,#/real/real-refusal,1,在一个真实项目上，要让检查能够开始：需要项目负责人实际决定系统原文（折叠在下面）点名的每个角色由谁担任，然后如实记录。这是一个人员决定，不是改一个标签。 ‹ 如果这次请求用的是随附的公开样例：它没有项目负责人。对它而言，这次拒绝就是正确的结果，不需要、也不应该去改它的设定。 › 处理当前拒绝原因不保证随后可评估；其余限制尚未由本次运行验证。
E326,10-15,,new-1005,D,10/5 新增：第二入口的范围说明（#42）,REFUSAL_SCOPE_NOTE,,Dealing with the current reason for refusal does not guarantee that an assessment can follow; the other limitations have not been verified by this run.,处理当前拒绝原因不保证随后可评估；其余限制尚未由本次运行验证。,界面文字（为本界面所写）,bd07bcc,#42,9759242,9759242,#13,,,10/5 新增（#42）,,,1,real/result ×1,#/real/real-refusal,1,"If this request used the bundled public sample: it has no project lead. For it, this refusal is the ‹ Dealing with the current reason for refusal does not guarantee that an assessment can follow; the other limitations have not been verified by this run. › Only this one reason was returned; there is no diagnosis of any other stage.",1,real/result ×1,#/real/real-refusal,1,如果这次请求用的是随附的公开样例：它没有项目负责人。对它而言，这次拒绝就是正确的结果，不需要、也不应该去改它的设定。 ‹ 处理当前拒绝原因不保证随后可评估；其余限制尚未由本次运行验证。 › 本次只返回这一个原因，没有其他环节的诊断。
E327,10-15,,domain-517,D,复检：哪一侧模型重新发布,REISSUE_CASES,none.headline,Neither model was re-issued (versions unchanged),两侧模型都没有重新发布（版本未变）,界面文字（为本界面所写）,50d129b,#34,eb05f61,eb05f61,#21,,,,,,76,fixture/recheck ×71; fixture/result ×5,#/fixture/recheck-requirement-relaxed,2,6 items: the record gives no follow-up action ‹ Models: Neither model was re-issued (versions unchanged). › 1 item's conclusion differs from before the recheck:,58,fixture/recheck ×55; fixture/result ×3,#/fixture/recheck-comparison,2,1 个事项：记录没有给出当前情况，需要人工核对 ‹ 模型：两侧模型都没有重新发布（版本未变）。 › 没有判断变了的项。
E328,10-15,,domain-517,D,复检：哪一侧模型重新发布,REISSUE_CASES,none.detail,"This recheck uses the same pair of model versions as the original record, so the differences below do not come from model edits.",本次复检和原记录用的是同一对模型版本，所以下面的差异不来自模型改动。,界面文字（为本界面所写）,50d129b,#34,eb05f61,eb05f61,#21,,,,,,10,fixture/result ×5; fixture/recheck ×5,#/fixture/recheck-requirement-relaxed,1,"Neither model was re-issued (versions unchanged) ‹ This recheck uses the same pair of model versions as the original record, so the differences below do not come from model edits. › Side of the handover",7,fixture/recheck ×4; fixture/result ×3,#/fixture/recheck-comparison,1,两侧模型都没有重新发布（版本未变） ‹ 本次复检和原记录用的是同一对模型版本，所以下面的差异不来自模型改动。 › 交接的哪一侧
E329,10-15,,domain-517,D,复检：哪一侧模型重新发布,REISSUE_CASES,producing.headline,The handing-over side's model was re-issued; the receiving side's model did not change,交出方的模型重新发布了，接收方的模型没有变,界面文字（为本界面所写）,50d129b,#34,eb05f61,eb05f61,#21,,,,,,45,fixture/recheck ×42; fixture/result ×3,#/fixture/recheck-member-gone,2,"5 items: the record gives no current state; check by hand ‹ Models: The handing-over side's model was re-issued; the receiving side's model did not change. › Re-issuing on the handing-over side may have changed what passes through what, or which elements are",45,fixture/recheck ×42; fixture/result ×3,#/fixture/recheck-member-gone,2,5 个事项：记录没有给出当前情况，需要人工核对 ‹ 模型：交出方的模型重新发布了，接收方的模型没有变。 › 交出方重新发布可能改变了穿越关系或涉及的构件范围，不能据此说接收方的工作（例如开洞）已经做好。
E330,10-15,,domain-517,D,复检：哪一侧模型重新发布,REISSUE_CASES,producing.detail,The handing-over side's ({from}) model {producing} is a new version; the receiving side's ({to}) model {consuming} is the original version.,交出方（{from}）的模型 {producing} 是新版本；接收方（{to}）的模型 {consuming} 还是原版本。,界面文字（为本界面所写）,50d129b,#34,eb05f61,eb05f61,#21,,,,,,6,fixture/result ×3; fixture/recheck ×3,#/fixture/recheck-member-gone,1,The handing-over side's model was re-issued; the receiving side's model did not change ‹ The handing-over side's (MEP) model hvac is a new version; the receiving side's (Architecture) model architecture is the original version. › Side of the handover,6,fixture/result ×3; fixture/recheck ×3,#/fixture/recheck-member-gone,1,交出方的模型重新发布了，接收方的模型没有变 ‹ 交出方（MEP）的模型 hvac 是新版本；接收方（Architecture）的模型 architecture 还是原版本。 › 交接的哪一侧
E331,10-15,,domain-517,D,复检：哪一侧模型重新发布,REISSUE_CASES,producing.caveats[0],"Re-issuing on the handing-over side may have changed what passes through what, or which elements are involved; it cannot be taken to mean the receiving side's work (for example the openings) is done.",交出方重新发布可能改变了穿越关系或涉及的构件范围，不能据此说接收方的工作（例如开洞）已经做好。,界面文字（为本界面所写）,50d129b,#34,eb05f61,f4a984f,#21,,,,,,6,fixture/result ×3; fixture/recheck ×3,#/fixture/recheck-member-gone,2,"Models: The handing-over side's model was re-issued; the receiving side's model did not change. ‹ Re-issuing on the handing-over side may have changed what passes through what, or which elements are involved; it cannot be taken to mean the receiving side's work (for example the openings) is done. › A determination made against an old version cannot be attributed to the new one.",6,fixture/result ×3; fixture/recheck ×3,#/fixture/recheck-member-gone,2,模型：交出方的模型重新发布了，接收方的模型没有变。 ‹ 交出方重新发布可能改变了穿越关系或涉及的构件范围，不能据此说接收方的工作（例如开洞）已经做好。 › 针对旧版本作出的判定不能归到新版本。
E332,10-15,,domain-517,D,复检：哪一侧模型重新发布,REISSUE_CASES,producing.caveats[1],A determination made against an old version cannot be attributed to the new one.,针对旧版本作出的判定不能归到新版本。,界面文字（为本界面所写）,50d129b,#34,eb05f61,eb05f61,#21,,,,,,6,fixture/result ×3; fixture/recheck ×3,#/fixture/recheck-member-gone,2,"Re-issuing on the handing-over side may have changed what passes through what, or which elements are ‹ A determination made against an old version cannot be attributed to the new one. › 2 items' conclusions differ from before the recheck:",8,fixture/result ×4; fixture/recheck ×4,#/fixture/recheck-both-reissued,2,两侧同时变化：本页不把任何一条证据的变化归到某一侧。 ‹ 重新发布不代表修复已经发生；针对旧版本作出的判定不能归到新版本。 › 4 个事项的结论和复检前不同：
E333,10-15,,domain-517,D,复检：哪一侧模型重新发布,REISSUE_CASES,consuming.headline,The receiving side's model was re-issued; the handing-over side's model did not change,接收方的模型重新发布了，交出方的模型没有变,界面文字（为本界面所写）,50d129b,#34,eb05f61,eb05f61,#21,,,,,,15,fixture/recheck ×14; fixture/result ×1,#/fixture/recheck-consuming-reissued,2,"2 items: the record gives no current state; check by hand ‹ Models: The receiving side's model was re-issued; the handing-over side's model did not change. › Re-issuing on the receiving side may be the way to a fix, but it does not mean the fix has happened",15,fixture/recheck ×14; fixture/result ×1,#/fixture/recheck-consuming-reissued,2,2 个事项：记录没有给出当前情况，需要人工核对 ‹ 模型：接收方的模型重新发布了，交出方的模型没有变。 › 接收方重新发布可能是修复的途径，但不代表修复已经发生（例如洞口已完成）。
E334,10-15,,domain-517,D,复检：哪一侧模型重新发布,REISSUE_CASES,consuming.detail,The receiving side's ({to}) model {consuming} is a new version; the handing-over side's ({from}) model {producing} is the original version.,接收方（{to}）的模型 {consuming} 是新版本；交出方（{from}）的模型 {producing} 还是原版本。,界面文字（为本界面所写）,50d129b,#34,eb05f61,eb05f61,#21,,,,,,2,fixture/result ×1; fixture/recheck ×1,#/fixture/recheck-consuming-reissued,1,The receiving side's model was re-issued; the handing-over side's model did not change ‹ The receiving side's (Architecture) model architecture is a new version; the handing-over side's (MEP) model hvac is the original version. › Side of the handover,2,fixture/result ×1; fixture/recheck ×1,#/fixture/recheck-consuming-reissued,1,接收方的模型重新发布了，交出方的模型没有变 ‹ 接收方（Architecture）的模型 architecture 是新版本；交出方（MEP）的模型 hvac 还是原版本。 › 交接的哪一侧
E335,10-15,,domain-517,D,复检：哪一侧模型重新发布,REISSUE_CASES,consuming.caveats[0],"Re-issuing on the receiving side may be the way to a fix, but it does not mean the fix has happened (for example that the opening is complete).",接收方重新发布可能是修复的途径，但不代表修复已经发生（例如洞口已完成）。,界面文字（为本界面所写）,50d129b,#34,eb05f61,eb05f61,#21,,,,,,2,fixture/result ×1; fixture/recheck ×1,#/fixture/recheck-consuming-reissued,2,"Models: The receiving side's model was re-issued; the handing-over side's model did not change. ‹ Re-issuing on the receiving side may be the way to a fix, but it does not mean the fix has happened (for example that the opening is complete). › Likewise, a determination made against an old version cannot be attributed to the new one.",2,fixture/result ×1; fixture/recheck ×1,#/fixture/recheck-consuming-reissued,2,模型：接收方的模型重新发布了，交出方的模型没有变。 ‹ 接收方重新发布可能是修复的途径，但不代表修复已经发生（例如洞口已完成）。 › 针对旧版本作出的判定同样不能归到新版本。
E336,10-15,,domain-517,D,复检：哪一侧模型重新发布,REISSUE_CASES,consuming.caveats[1],"Likewise, a determination made against an old version cannot be attributed to the new one.",针对旧版本作出的判定同样不能归到新版本。,界面文字（为本界面所写）,50d129b,#34,eb05f61,eb05f61,#21,,,,,,2,fixture/result ×1; fixture/recheck ×1,#/fixture/recheck-consuming-reissued,2,"Re-issuing on the receiving side may be the way to a fix, but it does not mean the fix has happened ‹ Likewise, a determination made against an old version cannot be attributed to the new one. › 4 items' conclusions differ from before the recheck:",2,fixture/result ×1; fixture/recheck ×1,#/fixture/recheck-consuming-reissued,2,接收方重新发布可能是修复的途径，但不代表修复已经发生（例如洞口已完成）。 ‹ 针对旧版本作出的判定同样不能归到新版本。 › 4 个事项的结论和复检前不同：
E337,10-15,,domain-517,D,复检：哪一侧模型重新发布,REISSUE_CASES,both.headline,Both the handing-over and the receiving side's models were re-issued,交出方和接收方的模型都重新发布了,界面文字（为本界面所写）,50d129b,#34,eb05f61,eb05f61,#21,,,,,,15,fixture/recheck ×14; fixture/result ×1,#/fixture/recheck-both-reissued,2,2 items: the record gives no current state; check by hand ‹ Models: Both the handing-over and the receiving side's models were re-issued. › Both sides changed at once: this page attributes no change in any evidence to either side.,15,fixture/recheck ×14; fixture/result ×1,#/fixture/recheck-both-reissued,2,2 个事项：记录没有给出当前情况，需要人工核对 ‹ 模型：交出方和接收方的模型都重新发布了。 › 两侧同时变化：本页不把任何一条证据的变化归到某一侧。
E338,10-15,,domain-517,D,复检：哪一侧模型重新发布,REISSUE_CASES,both.detail,The handing-over side's ({from}) model {producing} and the receiving side's ({to}) model {consuming} are both new versions.,交出方（{from}）的模型 {producing} 和接收方（{to}）的模型 {consuming} 都是新版本。,界面文字（为本界面所写）,50d129b,#34,eb05f61,eb05f61,#21,,,,,,2,fixture/result ×1; fixture/recheck ×1,#/fixture/recheck-both-reissued,1,Both the handing-over and the receiving side's models were re-issued ‹ The handing-over side's (MEP) model hvac and the receiving side's (Architecture) model architecture are both new versions. › Side of the handover,2,fixture/result ×1; fixture/recheck ×1,#/fixture/recheck-both-reissued,1,交出方和接收方的模型都重新发布了 ‹ 交出方（MEP）的模型 hvac 和接收方（Architecture）的模型 architecture 都是新版本。 › 交接的哪一侧
E339,10-15,,domain-517,D,复检：哪一侧模型重新发布,REISSUE_CASES,both.caveats[0],Both sides changed at once: this page attributes no change in any evidence to either side.,两侧同时变化：本页不把任何一条证据的变化归到某一侧。,界面文字（为本界面所写）,50d129b,#34,eb05f61,eb05f61,#21,,,,,,2,fixture/result ×1; fixture/recheck ×1,#/fixture/recheck-both-reissued,2,Models: Both the handing-over and the receiving side's models were re-issued. ‹ Both sides changed at once: this page attributes no change in any evidence to either side. › A re-issue does not mean a fix has happened; a determination made against an old version cannot be a,2,fixture/result ×1; fixture/recheck ×1,#/fixture/recheck-both-reissued,2,模型：交出方和接收方的模型都重新发布了。 ‹ 两侧同时变化：本页不把任何一条证据的变化归到某一侧。 › 重新发布不代表修复已经发生；针对旧版本作出的判定不能归到新版本。
E340,10-15,,domain-517,D,复检：哪一侧模型重新发布,REISSUE_CASES,both.caveats[1],A re-issue does not mean a fix has happened; a determination made against an old version cannot be attributed to the new one.,重新发布不代表修复已经发生；针对旧版本作出的判定不能归到新版本。,界面文字（为本界面所写）,50d129b,#34,eb05f61,eb05f61,#21,,,,,,2,fixture/result ×1; fixture/recheck ×1,#/fixture/recheck-both-reissued,2,Both sides changed at once: this page attributes no change in any evidence to either side. ‹ A re-issue does not mean a fix has happened; a determination made against an old version cannot be attributed to the new one. › 4 items' conclusions differ from before the recheck:,2,fixture/result ×1; fixture/recheck ×1,#/fixture/recheck-both-reissued,2,两侧同时变化：本页不把任何一条证据的变化归到某一侧。 ‹ 重新发布不代表修复已经发生；针对旧版本作出的判定不能归到新版本。 › 4 个事项的结论和复检前不同：
E341,10-15,,domain-517,D,复检：哪一侧模型重新发布,REISSUE_CASES,unrecognised.headline,The record's model version comparison cannot be recognised; shown as it came,记录的模型版本比较无法识别，按原值显示,界面文字（为本界面所写）,50d129b,#34,eb05f61,eb05f61,#21,,,,,,0,,,0,,0,,,0,
E342,10-15,,domain-517,D,复检：哪一侧模型重新发布,REISSUE_CASES,unrecognised.detail,"The changed models the record gives do not match this record's handing-over and receiving sides, or the two fields contradict each other. This page does not guess which side.",记录给出的变化模型与本记录的交出方、接收方对不上，或两个字段互相矛盾。本页不猜是哪一侧。,界面文字（为本界面所写）,50d129b,#34,eb05f61,eb05f61,#21,,,,,,0,,,0,,0,,,0,
E343,10-15,,domain-517,D,复检：哪一侧模型重新发布,REISSUE_NEUTRAL,,This page only says which side changed and what the record shows; it does not judge good or bad from the direction of a re-issue.,本页只说明哪一侧变了、记录证明了什么，不根据重新发布的方向预判好坏。,界面文字（为本界面所写）,50d129b,#34,eb05f61,eb05f61,#21,,,,,,20,fixture/result ×10; fixture/recheck ×10,#/fixture/recheck-requirement-relaxed,1,"architecture ‹ This page only says which side changed and what the record shows; it does not judge good or bad from the direction of a re-issue. › The items in the record before the recheck (13), and where they stand now",17,fixture/recheck ×9; fixture/result ×8,#/fixture/recheck-both-reissued,1,architecture ‹ 本页只说明哪一侧变了、记录证明了什么，不根据重新发布的方向预判好坏。 › 复检前记录里的事项（13 个），现在的情况
E344,10-15,,domain-517,D,复检：要求变化提示,REQUIREMENT_CHANGED_NOTE,,"The record also shows that, among the old evidence assessed together with this item, the check requirement changed for {count}; the record does not say whether it was relaxed or tightened. Read this conclusion with that in mind; row by row, see ""The evidence before the recheck"".",记录同时显示：和这一项放在一起评估的旧证据里，有 {count} 条的检查要求变了；记录不说明是放宽还是收紧。读这个结论时要一并看，逐条见“复检前的证据”。,界面文字（为本界面所写）,50d129b,#34,542636a,968422d,#21,,,,,,13,fixture/recheck ×11; fixture/result ×2,#/fixture/recheck-requirement-relaxed,4,"Holds for this one item, this work and the listed model versions only; it does not mean the whole ha ‹ The record also shows that, among the old evidence assessed together with this item, the check requirement changed for 2; the record does not say whether it was relaxed or tightened. Read this conclusion with that in mind; row by row, see ""The evidence before the recheck"". › building element | Room data sheets and equipment schedules: before the recheck Blocked → now Ready",12,fixture/recheck ×11; fixture/result ×1,#/fixture/recheck-semantics-changed,4,同组事项共用的依据，其中有模拟证据：模拟的检查结果 ×6 ‹ 记录同时显示：和这一项放在一起评估的旧证据里，有 2 条的检查要求变了；记录不说明是放宽还是收紧。读这个结论时要一并看，逐条见“复检前的证据”。 › 在源模型里给这个构件补上本项目约定的资产标识属性（见所列属性集和属性名），重新导出
E345,10-08,A,domain-517,D,源修改与复检行动,RESOLUTION_KINDS,missing-project-asset-identity,The project's required asset identity is missing,缺少本项目约定的资产标识,界面文字（为本界面所写）,39ae8ba,#33,f4a984f,968422d,#21,,,,,,33,fixture/recheck ×24; fixture/item ×6; fixture/result ×2; fixture/first ×1,#/fixture/member-evidence,4,1 item ‹ The project's required asset identity is missing › Room data sheets and equipment schedules: Blocked,31,fixture/recheck ×21; fixture/item ×6; fixture/result ×2; fixture/first ×2,#/fixture/member-evidence,4,1 个事项 ‹ 缺少本项目约定的资产标识 › 房间数据表与设备明细表：受阻
E346,10-08,A,domain-517,D,源修改与复检行动,RESOLUTION_KINDS,asset-identity-not-evaluated,Not a known model defect: the existing asset-identity rules did not cover this element,不是已知的模型缺陷：现有资产标识规则没有覆盖到这个构件,界面文字（为本界面所写）,39ae8ba,#33,f4a984f,968422d,#21,,,,,,15,fixture/recheck ×10; fixture/result ×2; fixture/item ×2; fixture/first ×1,#/fixture/member-evidence,2,2 items ‹ Not a known model defect: the existing asset-identity rules did not cover this element › Room data sheets and equipment schedules: Unknown,13,fixture/recheck ×8; fixture/result ×2; fixture/first ×2; fixture/item ×1,#/fixture/member-evidence,2,2 个事项 ‹ 不是已知的模型缺陷：现有资产标识规则没有覆盖到这个构件 › 房间数据表与设备明细表：无法判断
E347,10-08,A,domain-517,D,源修改与复检行动,RESOLUTION_KINDS,mep-element-not-spatially-assigned,It has no storey or space assignment,它没有楼层或空间归属,界面文字（为本界面所写）,39ae8ba,#33,f4a984f,968422d,#21,,,,LEAF_READINGS.in-model-position/unmet,,0,,,0,,0,,,0,
E348,10-08,A,domain-517,D,源修改与复检行动,RESOLUTION_KINDS,in-model-position-not-evaluated,Not a known model defect: the storey or space check did not cover it,不是已知的模型缺陷：楼层或空间归属的检查没有覆盖到它,界面文字（为本界面所写）,39ae8ba,#33,f4a984f,968422d,#21,,,,,,15,fixture/recheck ×10; fixture/result ×2; fixture/item ×2; fixture/first ×1,#/fixture/member-evidence,2,"Default handling role (the rule's default, not an assignment): information-manager The handling team ‹ Not a known model defect: the storey or space check did not cover it › Reflected ceiling and bulkhead layout: Unknown",15,fixture/recheck ×9; fixture/result ×2; fixture/item ×2; fixture/first ×2,#/fixture/member-evidence,2,默认处理角色（规则给出的默认，不是指派）：information-manager 处理团队是记录里的安排，不代表已经派发。 ‹ 不是已知的模型缺陷：楼层或空间归属的检查没有覆盖到它 › 吊顶平面与包封布置：无法判断
E349,10-08,A,domain-517,D,源修改与复检行动,RESOLUTION_KINDS,cross-model-misalignment,The two models are not aligned to a common datum,两侧模型没有对齐到共同的基准,界面文字（为本界面所写）,39ae8ba,#33,542636a,542636a,#21,,,,,,0,,,0,,0,,,0,
E350,10-08,A,domain-517,D,源修改与复检行动,RESOLUTION_KINDS,cross-model-alignment-not-confirmed,Not a known misalignment: nobody has confirmed yet that the two models are aligned,不是已知的错位：还没有人确认两侧模型对齐,界面文字（为本界面所写）,39ae8ba,#33,542636a,968422d,#21,,,,,,14,fixture/recheck ×14,#/fixture/recheck-both-reissued/recheck/5/0,1,Problem ‹ Not a known misalignment: nobody has confirmed yet that the two models are aligned › The result this conclusion rests on,14,fixture/recheck ×14,#/fixture/recheck-both-reissued/recheck/5/0,1,问题 ‹ 不是已知的错位：还没有人确认两侧模型对齐 › 这个结论依据的结果
E351,10-08,A,domain-517,D,源修改与复检行动,RESOLUTION_KINDS,penetration-not-determined,Not a known model defect: no coordination review has determined yet whether it passes through the receiving side's elements,不是已知的模型缺陷：还没有协调评审判定它是否穿过接收方的构件,界面文字（为本界面所写）,39ae8ba,#33,f4a984f,968422d,#21,,,,,,31,fixture/recheck ×24; fixture/item ×4; fixture/result ×2; fixture/first ×1,#/fixture/member-evidence,3,Items ‹ Not a known model defect: no coordination review has determined yet whether it passes through the receiving side's elements › Builder's-work openings: Unknown,28,fixture/recheck ×21; fixture/item ×3; fixture/result ×2; fixture/first ×2,#/fixture/member-evidence,3,事项数 ‹ 不是已知的模型缺陷：还没有协调评审判定它是否穿过接收方的构件 › 土建预留开洞：无法判断
E352,10-08,A,domain-517,D,源修改与复检行动,RESOLUTION_KINDS,opening-not-verifiably-linked,"The opening is modelled, but not linked to this element that passes through it",洞口已建，但没有关联到穿过它的这个构件,界面文字（为本界面所写）,39ae8ba,#33,f4a984f,968422d,#21,,,,,,0,,,0,,0,,,0,
E353,10-08,A,domain-517,D,源修改与复检行动,RESOLUTION_KINDS,missing-corresponding-opening,No corresponding opening is modelled in the element it passes through,它穿过的构件上没有建出对应的洞口,界面文字（为本界面所写）,39ae8ba,#33,f4a984f,968422d,#21,,,,,,10,fixture/recheck ×5; fixture/result ×2; fixture/item ×2; fixture/first ×1,#/fixture/member-evidence,2,"Default handling role (the rule's default, not an assignment): architecture-lead The handling team i ‹ No corresponding opening is modelled in the element it passes through › Builder's-work openings: Blocked",10,fixture/recheck ×4; fixture/result ×2; fixture/item ×2; fixture/first ×2,#/fixture/member-evidence,2,默认处理角色（规则给出的默认，不是指派）：architecture-lead 处理团队是记录里的安排，不代表已经派发。 ‹ 它穿过的构件上没有建出对应的洞口 › 土建预留开洞：受阻
E354,10-08,A,domain-517,D,源修改与复检行动,RESOLUTION_KINDS,opening-status-not-determined,Not a known missing opening: the review of the opening has not been completed yet,不是已知的缺洞：开洞情况的评审还没有完成,界面文字（为本界面所写）,39ae8ba,#33,542636a,968422d,#21,,,,,,0,,,0,,0,,,0,
E355,10-08,A,domain-517,D,W6 类型对应说明／PASS 证明什么,RULE_NOTES,PV-001.title,Air terminals declare one of four predefined types,风口要声明四种预定义类型之一,规则文件 rules/product-validation/PV-001.toml 的 title,2934b01,#36,d6f89c1,d6f89c1,#26,,,,,,12,ws-compare:workspace/finding ×3; ws-notreeval:workspace/finding ×2; ws-single:workspace/finding ×2; ws-compare:workspace/result ×1; ws-newly:workspace/result ×1; ws-newly:workspace/finding ×1,ws-compare:#/workspace/workspace,2,What was checked ‹ PV-001 Air terminals declare one of four predefined types › The label in the returned data (ProductValidation) says: this is a product validation rule.,15,ws-compare:workspace/finding ×3; ws-newly:workspace/finding ×3; ws-single:workspace/finding ×3; ws-notreeval:workspace/finding ×2; ws-compare:workspace/result ×1; ws-newly:workspace/result ×1,ws-compare:#/workspace/workspace,2,检查了什么 ‹ PV-001 风口要声明四种预定义类型之一 › 返回数据的标签（ProductValidation）标明：这是一条产品验证规则。
E356,10-08,A,domain-517,D,W6 类型对应说明／PASS 证明什么,RULE_NOTES,PV-001.predicate,"Every applicable air terminal (IfcAirTerminal) declares a predefined type of DIFFUSER, GRILLE, LOUVRE or REGISTER. IFC4 also admits USERDEFINED and NOTDEFINED; not accepting them is this rule's own decision, and a model using them is still valid IFC4.",每个适用的风口（IfcAirTerminal）都要声明预定义类型，取值是 DIFFUSER、GRILLE、LOUVRE、REGISTER 之一。IFC4 还允许 USERDEFINED 和 NOTDEFINED；不接受它们是这条规则自己的决定，用它们的模型仍是有效的 IFC4。,界面文字（为本界面所写）,2934b01,#36,d6f89c1,d6f89c1,#26,,,,,,12,ws-compare:workspace/finding ×3; ws-notreeval:workspace/finding ×2; ws-single:workspace/finding ×2; ws-compare:workspace/result ×1; ws-newly:workspace/result ×1; ws-newly:workspace/finding ×1,ws-compare:#/workspace/workspace,1,"What this rule asks ‹ Every applicable air terminal (IfcAirTerminal) declares a predefined type of DIFFUSER, GRILLE, LOUVRE or REGISTER. IFC4 also admits USERDEFINED and NOTDEFINED; not accepting them is this rule's own decision, and a model using them is still valid IFC4. › Source (the returned data's citation, as written)",15,ws-compare:workspace/finding ×3; ws-newly:workspace/finding ×3; ws-single:workspace/finding ×3; ws-notreeval:workspace/finding ×2; ws-compare:workspace/result ×1; ws-newly:workspace/result ×1,ws-compare:#/workspace/workspace,1,这条规则要求 ‹ 每个适用的风口（IfcAirTerminal）都要声明预定义类型，取值是 DIFFUSER、GRILLE、LOUVRE、REGISTER 之一。IFC4 还允许 USERDEFINED 和 NOTDEFINED；不接受它们是这条规则自己的决定，用它们的模型仍是有效的 IFC4。 › 出处（返回数据的引文，英文原文）
E357,10-08,A,domain-517,D,W6 类型对应说明／PASS 证明什么,RULE_NOTES,PV-001.passProves,"The one value the checker took in its reading order (the type's value first; a USERDEFINED type's free text; the element instance only when the type says nothing) is, character for character, one of DIFFUSER, GRILLE, LOUVRE and REGISTER.",检查器按它的读取顺序取到的那一个值（类型上的值优先；类型声明 USERDEFINED 时是它的自由文本；类型什么也没说时才读构件实例），逐字等于 DIFFUSER、GRILLE、LOUVRE、REGISTER 四个值之一。,界面文字（为本界面所写）,2934b01,#36,d6f89c1,7227110,#31,,#31 82aa943; #31 7227110,,,,1,ws-compare:workspace/finding ×1,ws-compare:#/workspace/workspace/finding/a52c30cc-6d9f-54e3-9ed1-05cc4da48249,1,"What this pass proves ‹ It proves: The one value the checker took in its reading order (the type's value first; a USERDEFINED type's free text; the element instance only when the type says nothing) is, character for character, one of DIFFUSER, GRILLE, LOUVRE and REGISTER. › It does not prove:",1,ws-compare:workspace/finding ×1,ws-compare:#/workspace/workspace/finding/a52c30cc-6d9f-54e3-9ed1-05cc4da48249,1,这条通过证明了什么 ‹ 它证明：检查器按它的读取顺序取到的那一个值（类型上的值优先；类型声明 USERDEFINED 时是它的自由文本；类型什么也没说时才读构件实例），逐字等于 DIFFUSER、GRILLE、LOUVRE、REGISTER 四个值之一。 › 它不证明：
E358,10-08,A,domain-517,D,W6 类型对应说明／PASS 证明什么,RULE_NOTES,PV-001.passDoesNotProve[0],That the value is right: any of the four passes; GRILLE passes too.,取值正确：四个值中任何一个都会通过，写成 GRILLE 也会通过。,界面文字（为本界面所写）,2934b01,#36,d6f89c1,d6f89c1,#26,,,,,,1,ws-compare:workspace/finding ×1,ws-compare:#/workspace/workspace/finding/a52c30cc-6d9f-54e3-9ed1-05cc4da48249,1,"It does not prove: ‹ That the value is right: any of the four passes; GRILLE passes too. › That the type and the element instance agree: when the type carries one of the four, the instance's",1,ws-compare:workspace/finding ×1,ws-compare:#/workspace/workspace/finding/a52c30cc-6d9f-54e3-9ed1-05cc4da48249,1,它不证明： ‹ 取值正确：四个值中任何一个都会通过，写成 GRILLE 也会通过。 › 类型和构件实例的取值一致：类型上是四个值之一时，实例上写的值不参与比较；类型是 LOUVRE、实例是 DIFFUSER，也会通过。
E359,10-08,A,domain-517,D,W6 类型对应说明／PASS 证明什么,RULE_NOTES,PV-001.passDoesNotProve[1],"That the type and the element instance agree: when the type carries one of the four, the instance's value is not compared; type LOUVRE with instance DIFFUSER also passes.",类型和构件实例的取值一致：类型上是四个值之一时，实例上写的值不参与比较；类型是 LOUVRE、实例是 DIFFUSER，也会通过。,界面文字（为本界面所写）,2934b01,#36,d6f89c1,82aa943,#31,,#31 82aa943,,,,1,ws-compare:workspace/finding ×1,ws-compare:#/workspace/workspace/finding/a52c30cc-6d9f-54e3-9ed1-05cc4da48249,1,"That the value is right: any of the four passes; GRILLE passes too. ‹ That the type and the element instance agree: when the type carries one of the four, the instance's value is not compared; type LOUVRE with instance DIFFUSER also passes. › That no USERDEFINED, which the rule does not accept, is present: when the type declares USERDEFINED,",1,ws-compare:workspace/finding ×1,ws-compare:#/workspace/workspace/finding/a52c30cc-6d9f-54e3-9ed1-05cc4da48249,1,取值正确：四个值中任何一个都会通过，写成 GRILLE 也会通过。 ‹ 类型和构件实例的取值一致：类型上是四个值之一时，实例上写的值不参与比较；类型是 LOUVRE、实例是 DIFFUSER，也会通过。 › 规则不接受的 USERDEFINED 没有出现：类型声明 USERDEFINED 时，检查器比较的是它的自由文本，逐字、区分大小写；文本恰好是 LOUVRE 会通过，写成 louvre、Louvre
E360,10-08,A,domain-517,D,W6 类型对应说明／PASS 证明什么,RULE_NOTES,PV-001.passDoesNotProve[2],"That no USERDEFINED, which the rule does not accept, is present: when the type declares USERDEFINED, the checker compares its free text, character for character and case-sensitively; text that happens to be LOUVRE passes, while louvre, Louvre or text with leading or trailing spaces does not.",规则不接受的 USERDEFINED 没有出现：类型声明 USERDEFINED 时，检查器比较的是它的自由文本，逐字、区分大小写；文本恰好是 LOUVRE 会通过，写成 louvre、Louvre 或前后带空格则不通过。,界面文字（为本界面所写）,2934b01,#36,d6f89c1,82aa943,#31,,#27 70198bb; #27 92d788d; #31 82aa943,,,,1,ws-compare:workspace/finding ×1,ws-compare:#/workspace/workspace/finding/a52c30cc-6d9f-54e3-9ed1-05cc4da48249,1,"That the type and the element instance agree: when the type carries one of the four, the instance's ‹ That no USERDEFINED, which the rule does not accept, is present: when the type declares USERDEFINED, the checker compares its free text, character for character and case-sensitively; text that happens to be LOUVRE passes, while louvre, Louvre or text with leading or trailing spaces does not. › That the wall has a corresponding opening.",1,ws-compare:workspace/finding ×1,ws-compare:#/workspace/workspace/finding/a52c30cc-6d9f-54e3-9ed1-05cc4da48249,1,类型和构件实例的取值一致：类型上是四个值之一时，实例上写的值不参与比较；类型是 LOUVRE、实例是 DIFFUSER，也会通过。 ‹ 规则不接受的 USERDEFINED 没有出现：类型声明 USERDEFINED 时，检查器比较的是它的自由文本，逐字、区分大小写；文本恰好是 LOUVRE 会通过，写成 louvre、Louvre 或前后带空格则不通过。 › 墙上有对应的洞口。
E361,10-08,A,domain-517,D,W6 类型对应说明／PASS 证明什么,RULE_NOTES,PV-001.passDoesNotProve[3],That the wall has a corresponding opening.,墙上有对应的洞口。,界面文字（为本界面所写）,2934b01,#36,d6f89c1,82aa943,#31,,#31 82aa943,,,,1,ws-compare:workspace/finding ×1,ws-compare:#/workspace/workspace/finding/a52c30cc-6d9f-54e3-9ed1-05cc4da48249,1,"That no USERDEFINED, which the rule does not accept, is present: when the type declares USERDEFINED, ‹ That the wall has a corresponding opening. › That the air terminal's model and the model of the wall it sits in are aligned.",1,ws-compare:workspace/finding ×1,ws-compare:#/workspace/workspace/finding/a52c30cc-6d9f-54e3-9ed1-05cc4da48249,1,规则不接受的 USERDEFINED 没有出现：类型声明 USERDEFINED 时，检查器比较的是它的自由文本，逐字、区分大小写；文本恰好是 LOUVRE 会通过，写成 louvre、Louvre ‹ 墙上有对应的洞口。 › 风口所在的模型与风口所在的墙所属的模型已经对齐。
E362,10-08,A,domain-517,D,W6 类型对应说明／PASS 证明什么,RULE_NOTES,PV-001.passDoesNotProve[4],That the air terminal's model and the model of the wall it sits in are aligned.,风口所在的模型与风口所在的墙所属的模型已经对齐。,界面文字（为本界面所写）,2934b01,#36,82aa943,82aa943,#31,,#31 82aa943,,,,1,ws-compare:workspace/finding ×1,ws-compare:#/workspace/workspace/finding/a52c30cc-6d9f-54e3-9ed1-05cc4da48249,1,"That the wall has a corresponding opening. ‹ That the air terminal's model and the model of the wall it sits in are aligned. › That any work can start, including ceiling and opening work.",1,ws-compare:workspace/finding ×1,ws-compare:#/workspace/workspace/finding/a52c30cc-6d9f-54e3-9ed1-05cc4da48249,1,墙上有对应的洞口。 ‹ 风口所在的模型与风口所在的墙所属的模型已经对齐。 › 任何工作可以开始，包括吊顶和开洞工作。
E363,10-08,A,domain-517,D,W6 类型对应说明／PASS 证明什么,RULE_NOTES,PV-001.passDoesNotProve[5],"That any work can start, including ceiling and opening work.",任何工作可以开始，包括吊顶和开洞工作。,界面文字（为本界面所写）,2934b01,#36,82aa943,82aa943,#31,,#31 82aa943,,,,1,ws-compare:workspace/finding ×1,ws-compare:#/workspace/workspace/finding/a52c30cc-6d9f-54e3-9ed1-05cc4da48249,1,"That the air terminal's model and the model of the wall it sits in are aligned. ‹ That any work can start, including ceiling and opening work. › A passing check result does not carry the value it read: it records only ""Requirement satisfied.""",1,ws-compare:workspace/finding ×1,ws-compare:#/workspace/workspace/finding/a52c30cc-6d9f-54e3-9ed1-05cc4da48249,1,风口所在的模型与风口所在的墙所属的模型已经对齐。 ‹ 任何工作可以开始，包括吊顶和开洞工作。 › 通过的检查结果不带它读到的值：只记录了“要求已满足”。
E364,10-08,A,domain-517,D,W6 类型对应说明／PASS 证明什么,RULE_NOTES,PV-001.action.what,"Go back to the Revit source model and make this air terminal's exported predefined type one of DIFFUSER, GRILLE, LOUVRE and REGISTER; re-export the IFC and check again. NOTDEFINED states nothing.",回到 Revit 源模型，让这个风口导出后的预定义类型是 DIFFUSER、GRILLE、LOUVRE、REGISTER 之一；重新导出 IFC，再检查。NOTDEFINED 等于什么都没说。,界面文字（含取自 PV-001.toml instructions 的一句 “NOTDEFINED states nothing.”）,2934b01,#36,d6f89c1,70198bb,#27,,#27 70198bb,,,,4,ws-compare:workspace/finding ×1; ws-newly:workspace/finding ×1; ws-notreeval:workspace/finding ×1; ws-single:workspace/finding ×1,ws-compare:#/workspace/workspace/finding/76d69ece-295b-5b41-a7b3-9381efe80cd4,1,"Change it to ‹ Go back to the Revit source model and make this air terminal's exported predefined type one of DIFFUSER, GRILLE, LOUVRE and REGISTER; re-export the IFC and check again. NOTDEFINED states nothing. › Where the checker reads",6,ws-newly:workspace/finding ×2; ws-single:workspace/finding ×2; ws-compare:workspace/finding ×1; ws-notreeval:workspace/finding ×1,ws-compare:#/workspace/workspace/finding/76d69ece-295b-5b41-a7b3-9381efe80cd4,1,改成什么 ‹ 回到 Revit 源模型，让这个风口导出后的预定义类型是 DIFFUSER、GRILLE、LOUVRE、REGISTER 之一；重新导出 IFC，再检查。NOTDEFINED 等于什么都没说。 › 检查器读哪里
E365,10-08,A,domain-517,D,W6 类型对应说明／PASS 证明什么,RULE_NOTES,PV-001.action.reads,"The checker looks first at its type object in the exported IFC: if the type carries one of the four, the type's value is compared; if the type declares USERDEFINED, its free text is compared; only when the type says nothing is the element instance's own value read. This is the order in which the checker reads the IFC, not where to make the change in Revit.",检查器先看导出的 IFC 里它的类型对象：类型上是四个值之一，比较类型上的值；类型声明 USERDEFINED，比较它的自由文本；类型什么也没说时，才读构件实例本身的值。这说的是检查器读 IFC 的顺序，不是 Revit 里该改的位置。,界面文字（为本界面所写）,2934b01,#36,82aa943,82aa943,#31,,#31 82aa943,,,,4,ws-compare:workspace/finding ×1; ws-newly:workspace/finding ×1; ws-notreeval:workspace/finding ×1; ws-single:workspace/finding ×1,ws-compare:#/workspace/workspace/finding/76d69ece-295b-5b41-a7b3-9381efe80cd4,1,"Where the checker reads ‹ The checker looks first at its type object in the exported IFC: if the type carries one of the four, the type's value is compared; if the type declares USERDEFINED, its free text is compared; only when the type says nothing is the element instance's own value read. This is the order in which the checker reads the IFC, not where to make the change in Revit. › Where to change it in Revit",6,ws-newly:workspace/finding ×2; ws-single:workspace/finding ×2; ws-compare:workspace/finding ×1; ws-notreeval:workspace/finding ×1,ws-compare:#/workspace/workspace/finding/76d69ece-295b-5b41-a7b3-9381efe80cd4,1,检查器读哪里 ‹ 检查器先看导出的 IFC 里它的类型对象：类型上是四个值之一，比较类型上的值；类型声明 USERDEFINED，比较它的自由文本；类型什么也没说时，才读构件实例本身的值。这说的是检查器读 IFC 的顺序，不是 Revit 里该改的位置。 › 在 Revit 里改哪里
E366,10-08,A,domain-517,D,W6 类型对应说明／PASS 证明什么,RULE_NOTES,PV-001.action.revise,"Where this value is written from in Revit (type or instance, which parameter, which export setting), the returned data does not record, and this page does not say. Confirm it in Revit before changing anything; if you decide to change it on the type, the change applies to every instance of that type. One Revit type may correspond to more than one IFC type object; count instances by the Revit type.",这个值在 Revit 里从哪里写出（类型还是实例、哪个参数、哪项导出设置），返回数据没有记录，本页不指定。改之前先在 Revit 里确认；如果决定在类型上改，会作用于这个类型的全部实例。一个 Revit 类型可能对应不止一个 IFC 类型对象，实例数按 Revit 类型算。,界面文字（为本界面所写）,295da77,#40,82aa943,295da77,#40,,#31 82aa943,已由 #40 修改，待 BIM 复核（zh 措辞修改）；已由 #40 修改，待 BIM 复核（en 措辞修改）,,,4,ws-compare:workspace/finding ×1; ws-newly:workspace/finding ×1; ws-notreeval:workspace/finding ×1; ws-single:workspace/finding ×1,ws-compare:#/workspace/workspace/finding/76d69ece-295b-5b41-a7b3-9381efe80cd4,1,"Where to change it in Revit ‹ Where this value is written from in Revit (type or instance, which parameter, which export setting), the returned data does not record, and this page does not say. Confirm it in Revit before changing anything; if you decide to change it on the type, the change applies to every instance of that type. One Revit type may correspond to more than one IFC type obj › Not decided yet",6,ws-newly:workspace/finding ×2; ws-single:workspace/finding ×2; ws-compare:workspace/finding ×1; ws-notreeval:workspace/finding ×1,ws-compare:#/workspace/workspace/finding/76d69ece-295b-5b41-a7b3-9381efe80cd4,1,在 Revit 里改哪里 ‹ 这个值在 Revit 里从哪里写出（类型还是实例、哪个参数、哪项导出设置），返回数据没有记录，本页不指定。改之前先在 Revit 里确认；如果决定在类型上改，会作用于这个类型的全部实例。一个 Revit 类型可能对应不止一个 IFC 类型对象，实例数按 Revit 类型算。 › 还没有决定的
E367,10-08,A,domain-517,D,W6 类型对应说明／PASS 证明什么,RULE_NOTES,PV-001.action.undecided,"Which value to use, and who decides and makes the change, the returned data does not say. The rule asks only for one of the four values and does not judge which is right.",取哪一个值、由谁决定和操作，返回数据都没有提供。规则只要求四个值之一，不判断哪一个对。,界面文字（为本界面所写）,2934b01,#36,d6f89c1,82aa943,#31,,#31 82aa943,,,,4,ws-compare:workspace/finding ×1; ws-newly:workspace/finding ×1; ws-notreeval:workspace/finding ×1; ws-single:workspace/finding ×1,ws-compare:#/workspace/workspace/finding/76d69ece-295b-5b41-a7b3-9381efe80cd4,1,"Not decided yet ‹ Which value to use, and who decides and makes the change, the returned data does not say. The rule asks only for one of the four values and does not judge which is right. › What to look at in a recheck",6,ws-newly:workspace/finding ×2; ws-single:workspace/finding ×2; ws-compare:workspace/finding ×1; ws-notreeval:workspace/finding ×1,ws-compare:#/workspace/workspace/finding/76d69ece-295b-5b41-a7b3-9381efe80cd4,1,还没有决定的 ‹ 取哪一个值、由谁决定和操作，返回数据都没有提供。规则只要求四个值之一，不判断哪一个对。 › 复检时看什么
E368,10-08,A,domain-517,D,W6 类型对应说明／PASS 证明什么,RULE_NOTES,PV-001.recheck,"Check again with the same rule set version, the same set of models and the same export settings, and look at this element's result under this requirement.",用同一规则集版本、同一组模型和同一导出设置重新检查，看这个构件在这条要求下的结果。,界面文字（为本界面所写）,2934b01,#36,d6f89c1,d6f89c1,#26,,,,,,4,ws-compare:workspace/finding ×1; ws-newly:workspace/finding ×1; ws-notreeval:workspace/finding ×1; ws-single:workspace/finding ×1,ws-compare:#/workspace/workspace/finding/76d69ece-295b-5b41-a7b3-9381efe80cd4,1,"What to look at in a recheck ‹ Check again with the same rule set version, the same set of models and the same export settings, and look at this element's result under this requirement. › The requirement, and what this check observed",6,ws-newly:workspace/finding ×2; ws-single:workspace/finding ×2; ws-compare:workspace/finding ×1; ws-notreeval:workspace/finding ×1,ws-compare:#/workspace/workspace/finding/76d69ece-295b-5b41-a7b3-9381efe80cd4,1,复检时看什么 ‹ 用同一规则集版本、同一组模型和同一导出设置重新检查，看这个构件在这条要求下的结果。 › 具体要求与这次检查的观察
E369,10-08,A,domain-517,D,W6 类型对应说明／PASS 证明什么,RULE_NOTES,PV-001.gaps[0],"The opening in the wall the air terminal sits in: a coordination-review determination is needed, made against the air terminal's model and the model of that wall; this check does not compare elements across the two models.",风口所在的墙上的洞口：需要对照风口所在的模型和这面墙所属的模型做协调评审判定；这项检查不比较两个模型的构件。,界面文字（为本界面所写）,2934b01,#36,d6f89c1,92d788d,#27,,#27 70198bb; #27 92d788d,,,,3,ws-compare:workspace/compare ×1; ws-newly:workspace/compare ×1; ws-notreeval:workspace/compare ×1,ws-compare:#/workspace/workspace/compare,1,"What was changed in Revit, who decided the value and who made the change, the returned data does not ‹ The opening in the wall the air terminal sits in: a coordination-review determination is needed, made against the air terminal's model and the model of that wall; this check does not compare elements across the two models. › Whether the air terminal's model and the model of the wall it sits in are aligned: an alignment conf",3,ws-compare:workspace/compare ×1; ws-newly:workspace/compare ×1; ws-notreeval:workspace/compare ×1,ws-compare:#/workspace/workspace/compare,1,在 Revit 里改了什么、取值由谁决定、由谁操作，返回数据没有记录。 ‹ 风口所在的墙上的洞口：需要对照风口所在的模型和这面墙所属的模型做协调评审判定；这项检查不比较两个模型的构件。 › 风口所在的模型与风口所在的墙所属的模型是否对齐：需要一份对齐确认记录。
E370,10-08,A,domain-517,D,W6 类型对应说明／PASS 证明什么,RULE_NOTES,PV-001.gaps[1],Whether the air terminal's model and the model of the wall it sits in are aligned: an alignment confirmation record is needed.,风口所在的模型与风口所在的墙所属的模型是否对齐：需要一份对齐确认记录。,界面文字（为本界面所写）,2934b01,#36,d6f89c1,92d788d,#27,,#27 70198bb; #27 92d788d,,,,3,ws-compare:workspace/compare ×1; ws-newly:workspace/compare ×1; ws-notreeval:workspace/compare ×1,ws-compare:#/workspace/workspace/compare,1,"The opening in the wall the air terminal sits in: a coordination-review determination is needed, mad ‹ Whether the air terminal's model and the model of the wall it sits in are aligned: an alignment confirmation record is needed. › Whether the value chosen is right: the classification decision has to be recorded separately; a pass",3,ws-compare:workspace/compare ×1; ws-newly:workspace/compare ×1; ws-notreeval:workspace/compare ×1,ws-compare:#/workspace/workspace/compare,1,风口所在的墙上的洞口：需要对照风口所在的模型和这面墙所属的模型做协调评审判定；这项检查不比较两个模型的构件。 ‹ 风口所在的模型与风口所在的墙所属的模型是否对齐：需要一份对齐确认记录。 › 取值是否选对：分类判断要另行记录；检查通过不能反过来证明分类判断正确。
E371,10-08,A,domain-517,D,W6 类型对应说明／PASS 证明什么,RULE_NOTES,PV-001.gaps[2],Whether the value chosen is right: the classification decision has to be recorded separately; a pass cannot prove in reverse that the classification is right.,取值是否选对：分类判断要另行记录；检查通过不能反过来证明分类判断正确。,界面文字（为本界面所写）,2934b01,#36,d6f89c1,d6f89c1,#26,,,,,,3,ws-compare:workspace/compare ×1; ws-newly:workspace/compare ×1; ws-notreeval:workspace/compare ×1,ws-compare:#/workspace/workspace/compare,1,Whether the air terminal's model and the model of the wall it sits in are aligned: an alignment conf ‹ Whether the value chosen is right: the classification decision has to be recorded separately; a pass cannot prove in reverse that the classification is right. › 454425.1027891.979946.932083.2023772.884510.880033 chimney cover,3,ws-compare:workspace/compare ×1; ws-newly:workspace/compare ×1; ws-notreeval:workspace/compare ×1,ws-compare:#/workspace/workspace/compare,1,风口所在的模型与风口所在的墙所属的模型是否对齐：需要一份对齐确认记录。 ‹ 取值是否选对：分类判断要另行记录；检查通过不能反过来证明分类判断正确。 › 454425.1027891.979946.932083.2023772.884510.880033 chimney cover
E372,10-08,A,domain-517,D,W6 类型对应说明／PASS 证明什么,RULE_NOTES,PV-001.reasonFreeText,"What is in the quotation marks is not an enumeration value but free text: when the type declares USERDEFINED, the checker compares its free text.",引号里不是预定义类型的枚举值，而是自由文本：类型声明 USERDEFINED 时，检查器拿它的自由文本来比较。,界面文字（为本界面所写）,2934b01,#36,82aa943,82aa943,#31,,#31 82aa943,,,,5,ws-compare:workspace/finding ×2; ws-newly:workspace/finding ×1; ws-notreeval:workspace/finding ×1; ws-single:workspace/finding ×1,ws-compare:#/workspace/workspace/finding/76d69ece-295b-5b41-a7b3-9381efe80cd4,3,"Reason (as the check result gives it) ‹ What is in the quotation marks is not an enumeration value but free text: when the type declares USERDEFINED, the checker compares its free text. › The predefined type ""fireplace cap"" does not meet the required typeWhat is in the quotation marks is",7,ws-compare:workspace/finding ×2; ws-newly:workspace/finding ×2; ws-single:workspace/finding ×2; ws-notreeval:workspace/finding ×1,ws-compare:#/workspace/workspace/finding/76d69ece-295b-5b41-a7b3-9381efe80cd4,3,"原因（检查结果的原文） ‹ 引号里不是预定义类型的枚举值，而是自由文本：类型声明 USERDEFINED 时，检查器拿它的自由文本来比较。 › The predefined type ""fireplace cap"" does not meet the required type引号里不是预定义类型的枚举值，而是自由文本：类型声明 USERDE"
E373,10-15,,domain-517,D,示例名称（含第二入口）,RUN_LABELS,member-evidence,"A first check: the model was handed over, and these items were found",一次首次检查：交了模型，发现这些事项,界面文字（为本界面所写）,39ae8ba,#33,55e90ba,968422d,#21,,,,,,2,fixture/list ×1; fixture/result ×1,#/fixture,1,"Step 1 ‹ A first check: the model was handed over, and these items were found › The handing-over side has handed over its model: which items need dealing with, who deals with each,",4,fixture/list ×1; fixture/result ×1; fixture/record ×1; fixture/first ×1,#/fixture,1,第一步 ‹ 一次首次检查：交了模型，发现这些事项 › 交出方交了模型：有哪些事项要处理，各由谁处理，每一项要做什么？
E374,10-15,,domain-517,D,示例名称（含第二入口）,RUN_LABELS,pair-verdicts,The same check record: conclusions on pairs of elements (simulated example),同一份检查记录：成对构件的判断（模拟示例）,界面文字（为本界面所写）,39ae8ba,#33,55e90ba,f4a984f,#21,,,,,,3,fixture/list ×1; fixture/result ×1; fixture/first ×1,#/fixture,1,"These examples have no description yet, and the recheck records have only a number for now; this rou ‹ The same check record: conclusions on pairs of elements (simulated example) › Recheck record 1 (simulated example)",4,fixture/list ×1; fixture/result ×1; fixture/record ×1; fixture/first ×1,#/fixture,1,这些示例还没有写说明，复检记录暂时只有编号；本轮没有改到它们。 ‹ 同一份检查记录：成对构件的判断（模拟示例） › 复检记录 1（模拟示例）
E375,10-15,,domain-517,D,示例名称（含第二入口）,RUN_LABELS,recheck-both-reissued,Recheck record 1 (simulated example),复检记录 1（模拟示例）,界面文字（为本界面所写）,39ae8ba,#33,64400d8,f4a984f,#21,,,,,,3,fixture/list ×1; fixture/result ×1; fixture/recheck ×1,#/fixture,1,The same check record: conclusions on pairs of elements (simulated example) ‹ Recheck record 1 (simulated example) › Recheck record 2 (simulated example),4,fixture/list ×1; fixture/result ×1; fixture/record ×1; fixture/recheck ×1,#/fixture,1,同一份检查记录：成对构件的判断（模拟示例） ‹ 复检记录 1（模拟示例） › 复检记录 2（模拟示例）
E376,10-15,,domain-517,D,示例名称（含第二入口）,RUN_LABELS,recheck-comparison,Recheck record 2 (simulated example),复检记录 2（模拟示例）,界面文字（为本界面所写）,39ae8ba,#33,55e90ba,f4a984f,#21,,,,,,3,fixture/list ×1; fixture/result ×1; fixture/recheck ×1,#/fixture,1,Recheck record 1 (simulated example) ‹ Recheck record 2 (simulated example) › Recheck record 3 (simulated example),4,fixture/list ×1; fixture/result ×1; fixture/record ×1; fixture/recheck ×1,#/fixture,1,复检记录 1（模拟示例） ‹ 复检记录 2（模拟示例） › 复检记录 3（模拟示例）
E377,10-15,,domain-517,D,示例名称（含第二入口）,RUN_LABELS,recheck-consuming-reissued,Recheck record 3 (simulated example),复检记录 3（模拟示例）,界面文字（为本界面所写）,39ae8ba,#33,64400d8,f4a984f,#21,,,,,,3,fixture/list ×1; fixture/result ×1; fixture/recheck ×1,#/fixture,1,Recheck record 2 (simulated example) ‹ Recheck record 3 (simulated example) › Recheck record 4 (simulated example),4,fixture/list ×1; fixture/result ×1; fixture/record ×1; fixture/recheck ×1,#/fixture,1,复检记录 2（模拟示例） ‹ 复检记录 3（模拟示例） › 复检记录 4（模拟示例）
E378,10-15,,domain-517,D,示例名称（含第二入口）,RUN_LABELS,recheck-key-change-only,Recheck record 4 (simulated example),复检记录 4（模拟示例）,界面文字（为本界面所写）,39ae8ba,#33,64400d8,f4a984f,#21,,,,,,3,fixture/list ×1; fixture/result ×1; fixture/recheck ×1,#/fixture,1,Recheck record 3 (simulated example) ‹ Recheck record 4 (simulated example) › Recheck record 5 (simulated example),4,fixture/list ×1; fixture/result ×1; fixture/record ×1; fixture/recheck ×1,#/fixture,1,复检记录 3（模拟示例） ‹ 复检记录 4（模拟示例） › 复检记录 5（模拟示例）
E379,10-15,,domain-517,D,示例名称（含第二入口）,RUN_LABELS,recheck-member-gone,Recheck record 5 (simulated example),复检记录 5（模拟示例）,界面文字（为本界面所写）,39ae8ba,#33,64400d8,f4a984f,#21,,,,,,3,fixture/list ×1; fixture/result ×1; fixture/recheck ×1,#/fixture,1,Recheck record 4 (simulated example) ‹ Recheck record 5 (simulated example) › Recheck record 6 (simulated example),4,fixture/list ×1; fixture/result ×1; fixture/record ×1; fixture/recheck ×1,#/fixture,1,复检记录 4（模拟示例） ‹ 复检记录 5（模拟示例） › 复检记录 6（模拟示例）
E380,10-15,,domain-517,D,示例名称（含第二入口）,RUN_LABELS,recheck-prior-without-basis,Recheck record 6 (simulated example),复检记录 6（模拟示例）,界面文字（为本界面所写）,39ae8ba,#33,64400d8,f4a984f,#21,,,,,,3,fixture/list ×1; fixture/result ×1; fixture/recheck ×1,#/fixture,1,Recheck record 5 (simulated example) ‹ Recheck record 6 (simulated example) › Recheck record 7 (simulated example),1,fixture/list ×1,#/fixture,1,复检记录 5（模拟示例） ‹ 复检记录 6（模拟示例） › 复检记录 7（模拟示例）
E381,10-15,,domain-517,D,示例名称（含第二入口）,RUN_LABELS,recheck-producing-reissued,Recheck record 7 (simulated example),复检记录 7（模拟示例）,界面文字（为本界面所写）,39ae8ba,#33,64400d8,f4a984f,#21,,,,,,3,fixture/list ×1; fixture/result ×1; fixture/recheck ×1,#/fixture,1,Recheck record 6 (simulated example) ‹ Recheck record 7 (simulated example) › Recheck record 8 (simulated example),4,fixture/list ×1; fixture/result ×1; fixture/record ×1; fixture/recheck ×1,#/fixture,1,复检记录 6（模拟示例） ‹ 复检记录 7（模拟示例） › 复检记录 8（模拟示例）
E382,10-15,,domain-517,D,示例名称（含第二入口）,RUN_LABELS,recheck-producing-reissued-content-changed,Recheck record 8 (simulated example),复检记录 8（模拟示例）,界面文字（为本界面所写）,39ae8ba,#33,64400d8,f4a984f,#21,,,,,,3,fixture/list ×1; fixture/result ×1; fixture/recheck ×1,#/fixture,1,Recheck record 7 (simulated example) ‹ Recheck record 8 (simulated example) › Recheck record 10 (simulated example),4,fixture/list ×1; fixture/result ×1; fixture/record ×1; fixture/recheck ×1,#/fixture,1,复检记录 7（模拟示例） ‹ 复检记录 8（模拟示例） › 复检记录 10（模拟示例）
E383,10-15,,domain-517,D,示例名称（含第二入口）,RUN_LABELS,recheck-requirement-relaxed,"The models did not change, but a handover conclusion did",模型未改，但交接判断发生变化,界面文字（为本界面所写）,39ae8ba,#33,64400d8,f4a984f,#21,,,,,,17,fixture/item ×13; fixture/result ×2; fixture/list ×1; fixture/recheck ×1,#/fixture,1,"Step 2 ‹ The models did not change, but a handover conclusion did › The same record after a recheck: neither model was re-issued, yet a conclusion changed. Which one ch",16,fixture/item ×11; fixture/list ×1; fixture/result ×1; fixture/first ×1; fixture/recheck ×1; fixture/record ×1,#/fixture,1,第二步 ‹ 模型未改，但交接判断发生变化 › 同一份记录复检之后：两侧模型都没有重新发布，却有判断变了。变的是哪一项，为什么？
E384,10-15,,domain-517,D,示例名称（含第二入口）,RUN_LABELS,recheck-semantics-changed,Recheck record 10 (simulated example),复检记录 10（模拟示例）,界面文字（为本界面所写）,39ae8ba,#33,64400d8,f4a984f,#21,,,,,,3,fixture/list ×1; fixture/result ×1; fixture/recheck ×1,#/fixture,1,Recheck record 8 (simulated example) ‹ Recheck record 10 (simulated example) ›,4,fixture/list ×1; fixture/result ×1; fixture/record ×1; fixture/recheck ×1,#/fixture,1,复检记录 8（模拟示例） ‹ 复检记录 10（模拟示例） ›
E385,10-15,,domain-517,D,示例名称（含第二入口）,RUN_LABELS,real-refusal,A check attempt on the bundled sample project,对随附样例项目的一次检查尝试,界面文字（为本界面所写）,39ae8ba,#33,55e90ba,f4a984f,#21,,,,,,2,real/list ×1; real/result ×1,#/real,1,The repository comes with a sample project; below is a check attempt on it. You cannot choose anothe ‹ A check attempt on the bundled sample project ›,2,real/list ×1; real/result ×1,#/real,1,仓库随附一个样例项目，下面是对它的一次检查尝试。目前不能选择别的模型，也不能导入自己的模型。 ‹ 对随附样例项目的一次检查尝试 ›
E386,10-08,A,domain-517,D,Tag 不一致后的行动,TAG_WORDS,note,"The IFC Tag is a marker written into the IFC at export; what Revit writes is usually the element's ElementId. To check: in Revit, use ""Select by ID"" with this ID and see whether the selected object's name and class match this page; if they do, work from it; if they do not, do not change anything by this Tag: use the GlobalId to confirm which object it is, then make the change in the Revit source model.",IFC Tag 是导出时写进 IFC 的标记；Revit 导出的通常是构件的 ElementId。核对：在 Revit 里用“按 ID 选择”选中这个 ID，看选中对象的名称和类别是否与本页相同；相同再按它处理，不同就不要按这个 Tag 去改：用 GlobalId 确认是哪个对象，再回到 Revit 源模型修改。,界面文字（为本界面所写）,295da77,#40,d6f89c1,295da77,#40,,#27 70198bb; #31 82aa943,已由 #40 修改，待 BIM 复核（zh 措辞修改）；已由 #40 修改，待 BIM 复核（en 措辞修改）,,,5,ws-compare:workspace/finding ×2; ws-newly:workspace/finding ×1; ws-notreeval:workspace/finding ×1; ws-single:workspace/finding ×1,ws-compare:#/workspace/workspace/finding/76d69ece-295b-5b41-a7b3-9381efe80cd4,1,"34Y6EIt3nDCAS1k$kPGOKmCopy ‹ The IFC Tag is a marker written into the IFC at export; what Revit writes is usually the element's ElementId. To check: in Revit, use ""Select by ID"" with this ID and see whether the selected object's name and class match this page; if they do, work from it; if they do not, do not change anything by this Tag: use the GlobalId to confirm which object it is, th › Find the object in Revit by its ID, not by storey: the storey on this page is the IFC file's spatial",7,ws-compare:workspace/finding ×2; ws-newly:workspace/finding ×2; ws-single:workspace/finding ×2; ws-notreeval:workspace/finding ×1,ws-compare:#/workspace/workspace/finding/76d69ece-295b-5b41-a7b3-9381efe80cd4,1,34Y6EIt3nDCAS1k$kPGOKm复制 ‹ IFC Tag 是导出时写进 IFC 的标记；Revit 导出的通常是构件的 ElementId。核对：在 Revit 里用“按 ID 选择”选中这个 ID，看选中对象的名称和类别是否与本页相同；相同再按它处理，不同就不要按这个 Tag 去改：用 GlobalId 确认是哪个对象，再回到 Revit 源模型修改。 › 在 Revit 里按 ID 找对象，不要按楼层找：本页的楼层取自 IFC 文件里的空间归属，不一定能和 Revit 明细表里的标高对上。
E387,10-08,A,domain-517,D,Tag 不一致后的行动,TAG_WORDS,byIdNotStorey,"Find the object in Revit by its ID, not by storey: the storey on this page is the IFC file's spatial assignment, which may not match the levels in a Revit schedule.",在 Revit 里按 ID 找对象，不要按楼层找：本页的楼层取自 IFC 文件里的空间归属，不一定能和 Revit 明细表里的标高对上。,界面文字（为本界面所写）,2934b01,#36,82aa943,82aa943,#31,,#31 82aa943,,,,5,ws-compare:workspace/finding ×2; ws-newly:workspace/finding ×1; ws-notreeval:workspace/finding ×1; ws-single:workspace/finding ×1,ws-compare:#/workspace/workspace/finding/76d69ece-295b-5b41-a7b3-9381efe80cd4,1,"The IFC Tag is a marker written into the IFC at export; what Revit writes is usually the element's E ‹ Find the object in Revit by its ID, not by storey: the storey on this page is the IFC file's spatial assignment, which may not match the levels in a Revit schedule. › To find it in the IFC, use the GlobalId.",7,ws-compare:workspace/finding ×2; ws-newly:workspace/finding ×2; ws-single:workspace/finding ×2; ws-notreeval:workspace/finding ×1,ws-compare:#/workspace/workspace/finding/76d69ece-295b-5b41-a7b3-9381efe80cd4,1,IFC Tag 是导出时写进 IFC 的标记；Revit 导出的通常是构件的 ElementId。核对：在 Revit 里用“按 ID 选择”选中这个 ID，看选中对象的名称和类别是否与本页相同；相同 ‹ 在 Revit 里按 ID 找对象，不要按楼层找：本页的楼层取自 IFC 文件里的空间归属，不一定能和 Revit 明细表里的标高对上。 › 在 IFC 里定位用 GlobalId。
E388,10-08,A,domain-517,D,Tag 不一致后的行动,TAG_WORDS,storeyFromIfc,"The storey on this page is the IFC file's spatial assignment, which may not match the levels in a Revit schedule; do not look for the object by storey alone.",本页的楼层取自 IFC 文件里的空间归属，不一定能和 Revit 明细表里的标高对上，不要只按楼层去找。,界面文字（为本界面所写）,2934b01,#36,7227110,7227110,#31,,#31 7227110,,,,0,,,0,,0,,,0,
E389,10-08,A,domain-517,D,Tag 不一致后的行动,TAG_WORDS,sources.model-file,The model file has no Tag for this element.,模型文件里这个构件没有写 Tag。,界面文字（为本界面所写）,2934b01,#36,d6f89c1,d6f89c1,#26,,,,,,0,,,0,,0,,,0,
E390,10-08,A,domain-517,D,Tag 不一致后的行动,TAG_WORDS,sources.model-file-not-located,"The model file this check read was not found, so the Tag cannot be read.",没有找到这次检查读的那个模型文件，所以读不到 Tag。,界面文字（为本界面所写）,2934b01,#36,d6f89c1,d6f89c1,#26,,,,,,0,,,0,,0,,,0,
E391,10-08,A,domain-517,D,Tag 不一致后的行动,TAG_WORDS,sources.model-file-differs,"The model file in the workspace is no longer the version this check read, so the Tag is not read.",工作区里的模型文件已经不是这次检查读的那个版本，所以不读取 Tag。,界面文字（为本界面所写）,2934b01,#36,d6f89c1,d6f89c1,#26,,,,,,3,ws-compare:workspace/compare ×1; ws-newly:workspace/compare ×1; ws-notreeval:workspace/compare ×1,ws-compare:#/workspace/workspace/compare,1,"11a8552bc555fa44dfdc49374d1ab2da0a16104c10f086af509f500ce03fa2b3 ‹ The model file in the workspace is no longer the version this check read, so the Tag is not read. › model-file-differs The model file in the workspace is no longer the version this check read, so the",3,ws-compare:workspace/compare ×1; ws-newly:workspace/compare ×1; ws-notreeval:workspace/compare ×1,ws-compare:#/workspace/workspace/compare,1,11a8552bc555fa44dfdc49374d1ab2da0a16104c10f086af509f500ce03fa2b3 ‹ 工作区里的模型文件已经不是这次检查读的那个版本，所以不读取 Tag。 › model-file-differs 工作区里的模型文件已经不是这次检查读的那个版本，所以不读取 Tag。
E392,10-08,A,domain-517,D,Tag 不一致后的行动,TAG_WORDS,sourceNotCarried,"The returned data does not say where this model's Tags are read from, so there is no Tag.",返回数据没有说明这个模型的 Tag 从哪里读，所以没有 Tag。,界面文字（为本界面所写）,2934b01,#36,d6f89c1,d6f89c1,#26,,,,,,0,,,0,,0,,,0,
E393,10-08,A,domain-517,D,Tag 不一致后的行动,TAG_WORDS,modelLevel,This result is about the whole model; there is no single element to find.,这条结果针对整个模型，没有具体构件可找。,界面文字（为本界面所写）,2934b01,#36,d6f89c1,d6f89c1,#26,,,,,,3,ws-compare:workspace/finding ×1; ws-notreeval:workspace/finding ×1; ws-single:workspace/finding ×1,ws-compare:#/workspace/workspace/finding/3ea38c47-b628-5ce1-82eb-7e524cab69f5,1,Which object to find in Revit ‹ This result is about the whole model; there is no single element to find. › Model file,4,ws-compare:workspace/finding ×1; ws-newly:workspace/finding ×1; ws-notreeval:workspace/finding ×1; ws-single:workspace/finding ×1,ws-compare:#/workspace/workspace/finding/3ea38c47-b628-5ce1-82eb-7e524cab69f5,1,回到 Revit 找哪个对象 ‹ 这条结果针对整个模型，没有具体构件可找。 › 所属模型
E394,10-08,A,domain-517,D,Tag 不一致后的行动,TAG_WORDS,useGlobalId,"To find it in the IFC, use the GlobalId.",在 IFC 里定位用 GlobalId。,界面文字（为本界面所写）,2934b01,#36,d6f89c1,d6f89c1,#26,,,,,,5,ws-compare:workspace/finding ×2; ws-newly:workspace/finding ×1; ws-notreeval:workspace/finding ×1; ws-single:workspace/finding ×1,ws-compare:#/workspace/workspace/finding/76d69ece-295b-5b41-a7b3-9381efe80cd4,1,"Find the object in Revit by its ID, not by storey: the storey on this page is the IFC file's spatial ‹ To find it in the IFC, use the GlobalId. › What to change",7,ws-compare:workspace/finding ×2; ws-newly:workspace/finding ×2; ws-single:workspace/finding ×2; ws-notreeval:workspace/finding ×1,ws-compare:#/workspace/workspace/finding/76d69ece-295b-5b41-a7b3-9381efe80cd4,1,在 Revit 里按 ID 找对象，不要按楼层找：本页的楼层取自 IFC 文件里的空间归属，不一定能和 Revit 明细表里的标高对上。 ‹ 在 IFC 里定位用 GlobalId。 › 要改什么
E395,10-08,A,domain-517,D,Tag 不一致后的行动,TAG_WORDS,short.model-file,No Tag in the file,文件里没有 Tag,界面文字（为本界面所写）,2934b01,#36,d6f89c1,d6f89c1,#26,,,,,,0,,,0,,0,,,0,
E396,10-08,A,domain-517,D,Tag 不一致后的行动,TAG_WORDS,short.model-file-not-located,Model file not found,未找到模型文件,界面文字（为本界面所写）,2934b01,#36,d6f89c1,d6f89c1,#26,,,,,,0,,,0,,0,,,0,
E397,10-08,A,domain-517,D,Tag 不一致后的行动,TAG_WORDS,short.model-file-differs,Model file version differs,模型文件版本不同,界面文字（为本界面所写）,2934b01,#36,d6f89c1,d6f89c1,#26,,,,,,1,ws-notreeval:workspace/compare ×1,ws-notreeval:#/workspace/workspace/compare,1,These have a result from the earlier run only and were not re-evaluated this time. They are not pass ‹ Model file version differs › chimney cover,1,ws-notreeval:workspace/compare ×1,ws-notreeval:#/workspace/workspace/compare,1,这些只有前一次的结果，本次没有再评估。它们不是通过。 ‹ 模型文件版本不同 › chimney cover
E398,10-08,A,domain-517,D,Tag 不一致后的行动,TAG_WORDS,short.notCarried,Source not stated,来源未说明,界面文字（为本界面所写）,2934b01,#36,d6f89c1,d6f89c1,#26,,,,,,0,,,0,,0,,,0,
E399,10-08,A,domain-517,D,Tag 不一致后的行动,TAG_WORDS,short.modelLevel,Whole model,整个模型,界面文字（为本界面所写）,2934b01,#36,d6f89c1,d6f89c1,#26,,,,,,15,ws-compare:workspace/finding ×3; ws-notreeval:workspace/finding ×2; ws-single:workspace/finding ×2; ws-compare:workspace/result ×1; ws-compare:workspace/compare ×1; ws-newly:workspace/result ×1,ws-compare:#/workspace/workspace,1,chimney cover ‹ Whole model › Not carried in the record,18,ws-compare:workspace/finding ×3; ws-newly:workspace/finding ×3; ws-single:workspace/finding ×3; ws-notreeval:workspace/finding ×2; ws-compare:workspace/result ×1; ws-compare:workspace/compare ×1,ws-compare:#/workspace/workspace,1,chimney cover ‹ 整个模型 › 记录未携带
E400,10-08,A,domain-517,D,英文判断词,VERDICT_GROUPS,changed.label,Conclusions that changed,判断变了的,界面文字（为本界面所写）,50d129b,#34,ab0cdff,f4a984f,#21,,,,,,0,,,0,,0,,,0,
E401,10-08,A,domain-517,D,英文判断词,VERDICT_GROUPS,changed.none,No conclusion changed.,没有判断变了的项。,界面文字（为本界面所写）,50d129b,#34,ab0cdff,f4a984f,#21,,,,,,8,fixture/result ×4; fixture/recheck ×4,#/fixture/recheck-comparison,1,Models: Neither model was re-issued (versions unchanged). ‹ No conclusion changed. › Items to deal with (0 items),6,fixture/result ×3; fixture/recheck ×3,#/fixture/recheck-comparison,1,模型：两侧模型都没有重新发布（版本未变）。 ‹ 没有判断变了的项。 › 需要处理的事项（0 个事项）
E402,10-08,A,domain-517,D,英文判断词,VERDICT_GROUPS,changed.notes.none,"Neither model was re-issued, yet these conclusions changed: the change does not come from a model edit. Each item's old evidence says what changed.",两侧模型都没有重新发布，这些项的判断却变了：变化不来自模型改动。每一项的旧证据写明变了的是什么。,界面文字（为本界面所写）,50d129b,#34,ab0cdff,f4a984f,#21,,,,,,4,fixture/recheck ×3; fixture/result ×1,#/fixture/recheck-requirement-relaxed,1,"building element | Room data sheets and equipment schedules: before the recheck Blocked → now Ready ‹ Neither model was re-issued, yet these conclusions changed: the change does not come from a model edit. Each item's old evidence says what changed. › Of the old evidence cited before the recheck (15 in all), the check requirement changed for 2.",3,fixture/recheck ×3,#/fixture/recheck-requirement-relaxed/recheck/of/schedules-and-room-data-sheets/2/2,1,记录同时显示：和这一项放在一起评估的旧证据里，有 2 条的检查要求变了；记录不说明是放宽还是收紧。读这个结论时要一并看，逐条见“复检前的证据”。 ‹ 两侧模型都没有重新发布，这些项的判断却变了：变化不来自模型改动。每一项的旧证据写明变了的是什么。 › 这个结论依据的结果
E403,10-08,A,domain-517,D,英文判断词,VERDICT_GROUPS,changed.notes.reissued,A model was re-issued. A changed conclusion does not say what became of the original problem; each item's old evidence says what changed.,模型重新发布过。判断变了，不说明原来的问题怎样了；每一项的旧证据写明变了的是什么。,界面文字（为本界面所写）,50d129b,#34,ab0cdff,f4a984f,#21,,,,,,31,fixture/recheck ×26; fixture/result ×5,#/fixture/recheck-both-reissued,1,building element | Reflected ceiling and bulkhead layout: before the recheck Ready → now Unknown Bas ‹ A model was re-issued. A changed conclusion does not say what became of the original problem; each item's old evidence says what changed. › Items to deal with (11 items),31,fixture/recheck ×26; fixture/result ×5,#/fixture/recheck-both-reissued,1,building element ｜ 吊顶平面与包封布置：复检前 可以开始 → 现在 无法判断 同组事项共用的依据，其中有模拟证据：模拟的检查结果 ×3 还没有判定（真实的缺席） ×1 “无法判断”说 ‹ 模型重新发布过。判断变了，不说明原来的问题怎样了；每一项的旧证据写明变了的是什么。 › 需要处理的事项（11 个事项）
E404,10-08,A,domain-517,D,英文判断词,VERDICT_GROUPS,changed.notes.unrecognised,A changed conclusion does not say what became of the original problem; each item's old evidence says what changed.,判断变了，不说明原来的问题怎样了；每一项的旧证据写明变了的是什么。,界面文字（为本界面所写）,50d129b,#34,ab0cdff,f4a984f,#21,,,,,,31,fixture/recheck ×26; fixture/result ×5,#/fixture/recheck-both-reissued,1,building element | Reflected ceiling and bulkhead layout: before the recheck Ready → now Unknown Bas ‹ A model was re-issued. A changed conclusion does not say what became of the original problem; each item's old evidence says what changed. › Items to deal with (11 items),31,fixture/recheck ×26; fixture/result ×5,#/fixture/recheck-both-reissued,1,building element ｜ 吊顶平面与包封布置：复检前 可以开始 → 现在 无法判断 同组事项共用的依据，其中有模拟证据：模拟的检查结果 ×3 还没有判定（真实的缺席） ×1 “无法判断”说 ‹ 模型重新发布过。判断变了，不说明原来的问题怎样了；每一项的旧证据写明变了的是什么。 › 需要处理的事项（11 个事项）
E405,10-08,A,domain-517,D,英文判断词,VERDICT_GROUPS,unplaced.label,Items whose current place the record does not give,记录没有给出当前情况的,界面文字（为本界面所写）,50d129b,#34,ab0cdff,f4a984f,#21,,,,,,0,,,0,,0,,,0,
E406,10-08,A,domain-517,D,英文判断词,VERDICT_GROUPS,unplaced.none,The record gives a current place for every item.,每一项记录都给出了当前情况。,界面文字（为本界面所写）,50d129b,#34,ab0cdff,f4a984f,#21,,,,,,0,,,0,,0,,,0,
E407,10-08,A,domain-517,D,英文判断词,VERDICT_GROUPS,unplaced.note,The record does not say what these items' conclusions are now. An element that is gone does not mean the problem was fixed.,这些项现在是什么判断，记录没有说。构件不在了不代表问题已修复。,界面文字（为本界面所写）,50d129b,#34,ab0cdff,f4a984f,#21,,,,ACTION_GROUPS.unplaced.note,,12,fixture/result ×6; fixture/recheck ×6,#/fixture/recheck-both-reissued,1,Items to check by hand (2 items) ‹ The record does not say what these items' conclusions are now. An element that is gone does not mean the problem was fixed. › house - chimney: IfcChimney (IFC class) · 00 groundfloor · model hvac,0,,,0,
E408,10-08,A,domain-517,D,英文判断词,VERDICT_GROUPS,unchanged.label,Conclusions that did not change,判断没有变的,界面文字（为本界面所写）,50d129b,#34,ab0cdff,f4a984f,#21,,,,,,0,,,0,,0,,,0,
E409,10-08,A,domain-517,D,英文判断词,VERDICT_GROUPS,unchanged.none,No conclusion stayed the same.,没有判断保持不变的项。,界面文字（为本界面所写）,50d129b,#34,ab0cdff,f4a984f,#21,,,,,,0,,,0,,0,,,0,
E410,10-08,A,domain-517,D,英文判断词,VERDICT_GROUPS,unchanged.note,An unchanged conclusion does not mean the evidence is unchanged; see each item for the old evidence.,判断没有变，不代表证据没有变；旧证据的情况见每一项。,界面文字（为本界面所写）,50d129b,#34,ab0cdff,f4a984f,#21,,,,,,0,,,0,,0,,,0,
E411,10-08,A,domain-517,D,范围限制,VERDICT_SCOPE,,"Each conclusion is about one piece of the receiving side's work, this item within this assessment's scope, and the listed model versions; it is not an overall verdict on whether the model is good, nor a statement that some check passed.",每个判断只针对接收方的一项工作、本次评估范围内的这一项，以及所列的模型版本；它不是“模型好不好”的总评，也不是“某项检查通过了”。,界面文字（为本界面所写）,39ae8ba,#33,542636a,542636a,#21,,,,,,180,fixture/recheck ×141; fixture/item ×26; fixture/result ×12; fixture/first ×1,#/fixture/member-evidence,1,"Unknown: An evidence gap makes the activity undecidable — the evidence needed to answer the question ‹ Each conclusion is about one piece of the receiving side's work, this item within this assessment's scope, and the listed model versions; it is not an overall verdict on whether the model is good, nor a statement that some check passed. › How the source of evidence is labelled",161,fixture/recheck ×125; fixture/item ×24; fixture/result ×10; fixture/first ×2,#/fixture/member-evidence,1,无法判断：回答这个问题所需的证据没有产生，这项工作能否开始无法决定：既不能放行，也不能拒绝。 ‹ 每个判断只针对接收方的一项工作、本次评估范围内的这一项，以及所列的模型版本；它不是“模型好不好”的总评，也不是“某项检查通过了”。 › 证据来源的标注
E412,10-08,A,domain-517,D,PASS／FAIL／N/A／拒绝区别（C2 工作区结果页）,WORKSPACE,directoryNote,"A workspace can only be named when the server is started; you cannot choose, upload or change a model here.",工作区只能在启动服务器时指定；这里不能选择、上传或更换模型。,界面文字（为本界面所写）,2934b01,#36,d6f89c1,d6f89c1,#26,,,,,,5,ws-compare:workspace/result ×1; ws-newly:workspace/result ×1; ws-notreeval:workspace/result ×1; ws-refusal:workspace/result ×1; ws-single:workspace/result ×1,ws-compare:#/workspace,1,"Real check in a workspace ‹ A workspace can only be named when the server is started; you cannot choose, upload or change a model here. › Open this check's results",4,ws-compare:workspace/result ×1; ws-notreeval:workspace/result ×1; ws-refusal:workspace/result ×1; ws-single:workspace/result ×1,ws-compare:#/workspace,1,工作区里的真实检查 ‹ 工作区只能在启动服务器时指定；这里不能选择、上传或更换模型。 › 打开这次检查的结果
E413,10-08,A,domain-517,D,PASS／FAIL／N/A／拒绝区别（C2 工作区结果页）,WORKSPACE,directoryNone,"The server was started without a workspace, so there is no check to look at here. To look at one, restart the server with this command:",服务器启动时没有指定工作区，所以这里没有可以查看的检查。要查看，用下面的命令重新启动服务器：,界面文字（为本界面所写）,2934b01,#36,d6f89c1,d6f89c1,#26,,,,,,0,,,0,,0,,,0,
E414,10-08,A,domain-517,D,PASS／FAIL／N/A／拒绝区别（C2 工作区结果页）,WORKSPACE,startCommand,python doctor/serve.py --workspace <workspace directory> [--prior <earlier run directory>],python doctor/serve.py --workspace <工作区目录> [--prior <前一次运行的目录>],界面文字（为本界面所写）,2934b01,#36,d6f89c1,d6f89c1,#26,,,,,,0,,,0,,0,,,0,
E415,10-08,A,domain-517,D,PASS／FAIL／N/A／拒绝区别（C2 工作区结果页）,WORKSPACE,openRun,Open this check's results,打开这次检查的结果,界面文字（为本界面所写）,2934b01,#36,d6f89c1,d6f89c1,#26,,,,,,5,ws-compare:workspace/result ×1; ws-newly:workspace/result ×1; ws-notreeval:workspace/result ×1; ws-refusal:workspace/result ×1; ws-single:workspace/result ×1,ws-compare:#/workspace,1,"A workspace can only be named when the server is started; you cannot choose, upload or change a mode ‹ Open this check's results ›",4,ws-compare:workspace/result ×1; ws-notreeval:workspace/result ×1; ws-refusal:workspace/result ×1; ws-single:workspace/result ×1,ws-compare:#/workspace,1,工作区只能在启动服务器时指定；这里不能选择、上传或更换模型。 ‹ 打开这次检查的结果 ›
E416,10-08,A,domain-517,D,PASS／FAIL／N/A／拒绝区别（C2 工作区结果页）,WORKSPACE,back,← Back to the home page,← 返回首页,界面文字（为本界面所写）,2934b01,#36,d6f89c1,d6f89c1,#26,,,,,,17,ws-compare:workspace/finding ×3; ws-compare:workspace/result ×2; ws-newly:workspace/result ×2; ws-notreeval:workspace/result ×2; ws-notreeval:workspace/finding ×2; ws-single:workspace/result ×2,ws-compare:#/workspace,1,‹ ← Back to the home page › Real check in a workspace,19,ws-compare:workspace/finding ×3; ws-newly:workspace/finding ×3; ws-single:workspace/finding ×3; ws-compare:workspace/result ×2; ws-notreeval:workspace/result ×2; ws-notreeval:workspace/finding ×2,ws-compare:#/workspace,1,‹ ← 返回首页 › 工作区里的真实检查
E417,10-08,A,domain-517,D,PASS／FAIL／N/A／拒绝区别（C2 工作区结果页）,WORKSPACE,backToList,← Back to the list of results,← 返回结果列表,界面文字（为本界面所写）,2934b01,#36,d6f89c1,d6f89c1,#26,,,,,,3,ws-compare:workspace/compare ×1; ws-newly:workspace/compare ×1; ws-notreeval:workspace/compare ×1,ws-compare:#/workspace/workspace/compare,1,"‹ ← Back to the list of results › Recheck comparison: the same check, two runs",3,ws-compare:workspace/compare ×1; ws-newly:workspace/compare ×1; ws-notreeval:workspace/compare ×1,ws-compare:#/workspace/workspace/compare,1,‹ ← 返回结果列表 › 复检对比：同一项检查，前后两次运行
E418,10-08,A,domain-517,D,PASS／FAIL／N/A／拒绝区别（C2 工作区结果页）,WORKSPACE,contextNoJudgement,"Check results only, no handover judgement",只有检查结果，没有交接判断,界面文字（为本界面所写）,2934b01,#36,d6f89c1,d6f89c1,#26,,,,CONTEXT.noJudgement,CONTEXT.noJudgement,0,,,0,,4,home ×4,ws-compare:#/,1,查看一次真实检查 ‹ 启动服务器时指定了一个工作区，里面是一次已经跑完的检查：每个构件在每条要求下的结果。若同时指定了前一次运行，还可以看两次的前后对比。这里只有检查结果，没有交接判断。页面只查看这次已经跑完的检查，不能在页面上选择或更换模型。 › 查看这次检查
E419,10-08,A,domain-517,D,PASS／FAIL／N/A／拒绝区别（C2 工作区结果页）,WORKSPACE,contextRun,Check run,检查运行,界面文字（为本界面所写）,2934b01,#36,d6f89c1,d6f89c1,#26,,,,,,0,,,0,,0,,,0,
E420,10-08,A,domain-517,D,PASS／FAIL／N/A／拒绝区别（C2 工作区结果页）,WORKSPACE,resultTitle,Results of a real check,一次真实检查的结果,界面文字（为本界面所写）,2934b01,#36,d6f89c1,d6f89c1,#26,,,,,,12,ws-compare:workspace/finding ×3; ws-notreeval:workspace/finding ×2; ws-single:workspace/finding ×2; ws-compare:workspace/result ×1; ws-newly:workspace/result ×1; ws-newly:workspace/finding ×1,ws-compare:#/workspace/workspace,1,"← Back to the home page ‹ Results of a real check › These are the results of a check, not a handover judgement: the page says only whether each element",15,ws-compare:workspace/finding ×3; ws-newly:workspace/finding ×3; ws-single:workspace/finding ×3; ws-notreeval:workspace/finding ×2; ws-compare:workspace/result ×1; ws-newly:workspace/result ×1,ws-compare:#/workspace/workspace,1,← 返回首页 ‹ 一次真实检查的结果 › 这是一次检查的结果，不是交接判断：页面只说每个构件在每条要求下通过、不通过还是不适用，不对任何工作能否开始下结论。
E421,10-08,A,domain-517,D,PASS／FAIL／N/A／拒绝区别（C2 工作区结果页）,WORKSPACE,noJudgement,"These are the results of a check, not a handover judgement: the page says only whether each element passed, failed or was not applicable under each requirement, and concludes nothing about whether any work can start.",这是一次检查的结果，不是交接判断：页面只说每个构件在每条要求下通过、不通过还是不适用，不对任何工作能否开始下结论。,界面文字（为本界面所写）,2934b01,#36,d6f89c1,d6f89c1,#26,,,,,,15,ws-compare:workspace/finding ×3; ws-notreeval:workspace/finding ×2; ws-single:workspace/finding ×2; ws-compare:workspace/result ×1; ws-compare:workspace/compare ×1; ws-newly:workspace/result ×1,ws-compare:#/workspace/workspace,1,"Results of a real check ‹ These are the results of a check, not a handover judgement: the page says only whether each element passed, failed or was not applicable under each requirement, and concludes nothing about whether any work can start. › This result: 3 check results",18,ws-compare:workspace/finding ×3; ws-newly:workspace/finding ×3; ws-single:workspace/finding ×3; ws-notreeval:workspace/finding ×2; ws-compare:workspace/result ×1; ws-compare:workspace/compare ×1,ws-compare:#/workspace/workspace,1,一次真实检查的结果 ‹ 这是一次检查的结果，不是交接判断：页面只说每个构件在每条要求下通过、不通过还是不适用，不对任何工作能否开始下结论。 › 本次结果：共 3 条检查结果
E422,10-08,A,domain-517,D,PASS／FAIL／N/A／拒绝区别（C2 工作区结果页）,WORKSPACE,summary.one,This result: {count} check result,本次结果：共 {count} 条检查结果,界面文字（为本界面所写）,2934b01,#36,2934b01,2934b01,#36,中文是该提交新写的,,,,,12,ws-compare:workspace/finding ×3; ws-notreeval:workspace/finding ×2; ws-single:workspace/finding ×2; ws-compare:workspace/result ×1; ws-newly:workspace/result ×1; ws-newly:workspace/finding ×1,ws-compare:#/workspace/workspace,1,"These are the results of a check, not a handover judgement: the page says only whether each element ‹ This result: 3 check results › Fail",0,（模板，固定文字太少，没有按页面匹配）,,0,
E423,10-08,A,domain-517,D,PASS／FAIL／N/A／拒绝区别（C2 工作区结果页）,WORKSPACE,summary.other,This result: {count} check results,本次结果：共 {count} 条检查结果,界面文字（为本界面所写）,2934b01,#36,2934b01,2934b01,#36,中文是该提交新写的,,,,,12,ws-compare:workspace/finding ×3; ws-notreeval:workspace/finding ×2; ws-single:workspace/finding ×2; ws-compare:workspace/result ×1; ws-newly:workspace/result ×1; ws-newly:workspace/finding ×1,ws-compare:#/workspace/workspace,1,"These are the results of a check, not a handover judgement: the page says only whether each element ‹ This result: 3 check results › Fail",0,（模板，固定文字太少，没有按页面匹配）,,0,
E424,10-08,A,domain-517,D,PASS／FAIL／N/A／拒绝区别（C2 工作区结果页）,WORKSPACE,unit,"The unit is one result: one element under one requirement; where a model has no element the requirement applies to, it is one result for the whole model.",单位是条：一条是一个构件在一条要求下的结果；模型里没有这条要求适用的构件时，是整个模型的一条。,界面文字（为本界面所写）,2934b01,#36,d6f89c1,d6f89c1,#26,,,,,,12,ws-compare:workspace/finding ×3; ws-notreeval:workspace/finding ×2; ws-single:workspace/finding ×2; ws-compare:workspace/result ×1; ws-newly:workspace/result ×1; ws-newly:workspace/finding ×1,ws-compare:#/workspace/workspace,1,"1 row: Not applicable ‹ The unit is one result: one element under one requirement; where a model has no element the requirement applies to, it is one result for the whole model. › The server was also started with an earlier run. Before and after:",15,ws-compare:workspace/finding ×3; ws-newly:workspace/finding ×3; ws-single:workspace/finding ×3; ws-notreeval:workspace/finding ×2; ws-compare:workspace/result ×1; ws-newly:workspace/result ×1,ws-compare:#/workspace/workspace,1,1 条：不适用 ‹ 单位是条：一条是一个构件在一条要求下的结果；模型里没有这条要求适用的构件时，是整个模型的一条。 › 服务器启动时还指定了前一次运行。两次结果的前后对比：
E425,10-08,A,domain-517,D,PASS／FAIL／N/A／拒绝区别（C2 工作区结果页）,WORKSPACE,compareLink,See the comparison with the earlier run,看与前一次运行的对比,界面文字（为本界面所写）,2934b01,#36,d6f89c1,d6f89c1,#26,,,,,,9,ws-compare:workspace/finding ×3; ws-notreeval:workspace/finding ×2; ws-compare:workspace/result ×1; ws-newly:workspace/result ×1; ws-newly:workspace/finding ×1; ws-notreeval:workspace/result ×1,ws-compare:#/workspace/workspace,2,Results that are the same in both runs: 2 ‹ See the comparison with the earlier run › What was checked,11,ws-compare:workspace/finding ×3; ws-newly:workspace/finding ×3; ws-notreeval:workspace/finding ×2; ws-compare:workspace/result ×1; ws-newly:workspace/result ×1; ws-notreeval:workspace/result ×1,ws-compare:#/workspace/workspace,1,两次结果相同的：2 条 ‹ 看与前一次运行的对比 › 检查了什么
E426,10-08,A,domain-517,D,PASS／FAIL／N/A／拒绝区别（C2 工作区结果页）,WORKSPACE,compareTeaser,The server was also started with an earlier run. Before and after:,服务器启动时还指定了前一次运行。两次结果的前后对比：,界面文字（为本界面所写）,2934b01,#36,d6f89c1,d6f89c1,#26,,,,,,9,ws-compare:workspace/finding ×3; ws-notreeval:workspace/finding ×2; ws-compare:workspace/result ×1; ws-newly:workspace/result ×1; ws-newly:workspace/finding ×1; ws-notreeval:workspace/result ×1,ws-compare:#/workspace/workspace,1,The unit is one result: one element under one requirement; where a model has no element the requirem ‹ The server was also started with an earlier run. Before and after: › Fail → Pass: 1 row,11,ws-compare:workspace/finding ×3; ws-newly:workspace/finding ×3; ws-notreeval:workspace/finding ×2; ws-compare:workspace/result ×1; ws-newly:workspace/result ×1; ws-notreeval:workspace/result ×1,ws-compare:#/workspace/workspace,1,单位是条：一条是一个构件在一条要求下的结果；模型里没有这条要求适用的构件时，是整个模型的一条。 ‹ 服务器启动时还指定了前一次运行。两次结果的前后对比： › 不通过 → 通过：1 条
E427,10-08,A,domain-517,D,PASS／FAIL／N/A／拒绝区别（C2 工作区结果页）,WORKSPACE,checkedHeading,What was checked,检查了什么,界面文字（为本界面所写）,2934b01,#36,d6f89c1,d6f89c1,#26,,,,,,12,ws-compare:workspace/finding ×3; ws-notreeval:workspace/finding ×2; ws-single:workspace/finding ×2; ws-compare:workspace/result ×1; ws-newly:workspace/result ×1; ws-newly:workspace/finding ×1,ws-compare:#/workspace/workspace,1,See the comparison with the earlier run ‹ What was checked › PV-001 Air terminals declare one of four predefined types,15,ws-compare:workspace/finding ×3; ws-newly:workspace/finding ×3; ws-single:workspace/finding ×3; ws-notreeval:workspace/finding ×2; ws-compare:workspace/result ×1; ws-newly:workspace/result ×1,ws-compare:#/workspace/workspace,1,看与前一次运行的对比 ‹ 检查了什么 › PV-001 风口要声明四种预定义类型之一
E428,10-08,A,domain-517,D,PASS／FAIL／N/A／拒绝区别（C2 工作区结果页）,WORKSPACE,ruleTitle,Requirement,要求,界面文字（为本界面所写）,2934b01,#36,d6f89c1,d6f89c1,#26,,,,,,30,fixture/recheck ×30,#/fixture/recheck-requirement-relaxed/recheck/5/0,1,"At the assessment before the recheck, this evidence's requirement and result were as follows. Having ‹ Requirement › IFCRELCONTAINEDINSPATIALSTRUCTURE",27,fixture/recheck ×27,#/fixture/recheck-both-reissued/recheck/5/0,1,复检前那次评估时，这条证据的要求和结果如下。有这段说明不等于这一行可以比较；这一行的状态以上面写的为准。 ‹ 要求 › IFCRELCONTAINEDINSPATIALSTRUCTURE
E429,10-08,A,domain-517,D,PASS／FAIL／N/A／拒绝区别（C2 工作区结果页）,WORKSPACE,rulePredicate,What this rule asks,这条规则要求,界面文字（为本界面所写）,2934b01,#36,d6f89c1,d6f89c1,#26,,,,,,12,ws-compare:workspace/finding ×3; ws-notreeval:workspace/finding ×2; ws-single:workspace/finding ×2; ws-compare:workspace/result ×1; ws-newly:workspace/result ×1; ws-newly:workspace/finding ×1,ws-compare:#/workspace/workspace,1,"The label in the returned data (ProductValidation) says: this is a product validation rule. ‹ What this rule asks › Every applicable air terminal (IfcAirTerminal) declares a predefined type of DIFFUSER, GRILLE, LOUVR",15,ws-compare:workspace/finding ×3; ws-newly:workspace/finding ×3; ws-single:workspace/finding ×3; ws-notreeval:workspace/finding ×2; ws-compare:workspace/result ×1; ws-newly:workspace/result ×1,ws-compare:#/workspace/workspace,1,返回数据的标签（ProductValidation）标明：这是一条产品验证规则。 ‹ 这条规则要求 › 每个适用的风口（IfcAirTerminal）都要声明预定义类型，取值是 DIFFUSER、GRILLE、LOUVRE、REGISTER 之一。IFC4 还允许 USERDEFINED 和 NOTDE
E430,10-08,A,domain-517,D,PASS／FAIL／N/A／拒绝区别（C2 工作区结果页）,WORKSPACE,ruleExpected,The rule's own words,规则的原话（英文）,界面文字（为本界面所写）,2934b01,#36,d6f89c1,d6f89c1,#26,,,,DETAILS_WORDS.expected,,74,fixture/recheck ×60; fixture/item ×6; ws-compare:workspace/finding ×3; ws-notreeval:workspace/finding ×2; ws-single:workspace/finding ×2; ws-newly:workspace/finding ×1,#/fixture/member-evidence/item/2/2/0,6,That check observed no value ‹ The rule's own words › SystemCode data shall be provided in the dataset EPC_Delivery,71,fixture/recheck ×54; fixture/item ×6; ws-compare:workspace/finding ×3; ws-newly:workspace/finding ×3; ws-single:workspace/finding ×3; ws-notreeval:workspace/finding ×2,#/fixture/member-evidence/item/2/2/0,1,那次检查没有观察到值 ‹ 规则的原话（英文） › SystemCode data shall be provided in the dataset EPC_Delivery
E431,10-08,A,domain-517,D,PASS／FAIL／N/A／拒绝区别（C2 工作区结果页）,WORKSPACE,ruleOrigin,"Source (the returned data's citation, as written)",出处（返回数据的引文，英文原文）,界面文字（为本界面所写）,2934b01,#36,d6f89c1,d6f89c1,#26,,,,,,12,ws-compare:workspace/finding ×3; ws-notreeval:workspace/finding ×2; ws-single:workspace/finding ×2; ws-compare:workspace/result ×1; ws-newly:workspace/result ×1; ws-newly:workspace/finding ×1,ws-compare:#/workspace/workspace,1,"Every applicable air terminal (IfcAirTerminal) declares a predefined type of DIFFUSER, GRILLE, LOUVR ‹ Source (the returned data's citation, as written) › Product validation rule of this repository; not a project, owner, statutory or buildingSMART require",15,ws-compare:workspace/finding ×3; ws-newly:workspace/finding ×3; ws-single:workspace/finding ×3; ws-notreeval:workspace/finding ×2; ws-compare:workspace/result ×1; ws-newly:workspace/result ×1,ws-compare:#/workspace/workspace,1,每个适用的风口（IfcAirTerminal）都要声明预定义类型，取值是 DIFFUSER、GRILLE、LOUVRE、REGISTER 之一。IFC4 还允许 USERDEFINED 和 NOTDE ‹ 出处（返回数据的引文，英文原文） › 本仓库的产品验证规则；不是项目、业主、法规或 buildingSMART 的要求。取值来自 IFC4 ADD2 TC1 的 IfcAirTerminalTypeEnum。Product validat
E432,10-08,A,domain-517,D,PASS／FAIL／N/A／拒绝区别（C2 工作区结果页）,WORKSPACE,ruleLabels,Labels in the returned data,返回数据的标签,界面文字（为本界面所写）,2934b01,#36,d6f89c1,d6f89c1,#26,,,,,,12,ws-compare:workspace/finding ×3; ws-notreeval:workspace/finding ×2; ws-single:workspace/finding ×2; ws-compare:workspace/result ×1; ws-newly:workspace/result ×1; ws-newly:workspace/finding ×1,ws-compare:#/workspace/workspace,1,"Product validation rule of this repository; not a project, owner, statutory or buildingSMART require ‹ Labels in the returned data › IDS ProductValidation",15,ws-compare:workspace/finding ×3; ws-newly:workspace/finding ×3; ws-single:workspace/finding ×3; ws-notreeval:workspace/finding ×2; ws-compare:workspace/result ×1; ws-newly:workspace/result ×1,ws-compare:#/workspace/workspace,1,本仓库的产品验证规则；不是项目、业主、法规或 buildingSMART 的要求。取值来自 IFC4 ADD2 TC1 的 IfcAirTerminalTypeEnum。Product validat ‹ 返回数据的标签 › IDS ProductValidation
E433,10-08,A,domain-517,D,PASS／FAIL／N/A／拒绝区别（C2 工作区结果页）,WORKSPACE,productValidation,The label in the returned data (ProductValidation) says: this is a product validation rule.,返回数据的标签（ProductValidation）标明：这是一条产品验证规则。,界面文字（为本界面所写）,2934b01,#36,d6f89c1,d6f89c1,#26,,,,,,12,ws-compare:workspace/finding ×3; ws-notreeval:workspace/finding ×2; ws-single:workspace/finding ×2; ws-compare:workspace/result ×1; ws-newly:workspace/result ×1; ws-newly:workspace/finding ×1,ws-compare:#/workspace/workspace,1,PV-001 Air terminals declare one of four predefined types ‹ The label in the returned data (ProductValidation) says: this is a product validation rule. › What this rule asks,15,ws-compare:workspace/finding ×3; ws-newly:workspace/finding ×3; ws-single:workspace/finding ×3; ws-notreeval:workspace/finding ×2; ws-compare:workspace/result ×1; ws-newly:workspace/result ×1,ws-compare:#/workspace/workspace,1,PV-001 风口要声明四种预定义类型之一 ‹ 返回数据的标签（ProductValidation）标明：这是一条产品验证规则。 › 这条规则要求
E434,10-08,A,domain-517,D,PASS／FAIL／N/A／拒绝区别（C2 工作区结果页）,WORKSPACE,noRuleNotes,This interface has written no notes for this rule; the rule's own words in the returned data are what counts.,本界面没有为这条规则写中文说明；规则以返回数据里的英文原话为准。,界面文字（为本界面所写）,2934b01,#36,d6f89c1,d6f89c1,#26,,,,,,0,,,0,,0,,,0,
E435,10-08,A,domain-517,D,PASS／FAIL／N/A／拒绝区别（C2 工作区结果页）,WORKSPACE,noRequirement,The returned data has no description of the requirement this result belongs to.,返回数据没有这条结果所属要求的说明。,界面文字（为本界面所写）,2934b01,#36,d6f89c1,d6f89c1,#26,,,,,,0,,,0,,0,,,0,
E436,10-08,A,domain-517,D,PASS／FAIL／N/A／拒绝区别（C2 工作区结果页）,WORKSPACE,listHeading,"Results, one by one",逐条结果,界面文字（为本界面所写）,2934b01,#36,d6f89c1,d6f89c1,#26,,,,,,12,ws-compare:workspace/finding ×3; ws-notreeval:workspace/finding ×2; ws-single:workspace/finding ×2; ws-compare:workspace/result ×1; ws-newly:workspace/result ×1; ws-newly:workspace/finding ×1,ws-compare:#/workspace/workspace,1,"IDS ProductValidation ‹ Results, one by one › All 3",15,ws-compare:workspace/finding ×3; ws-newly:workspace/finding ×3; ws-single:workspace/finding ×3; ws-notreeval:workspace/finding ×2; ws-compare:workspace/result ×1; ws-newly:workspace/result ×1,ws-compare:#/workspace/workspace,1,IDS ProductValidation ‹ 逐条结果 › 全部 3
E437,10-08,A,domain-517,D,PASS／FAIL／N/A／拒绝区别（C2 工作区结果页）,WORKSPACE,filterLabel,"Find by IFC Tag, name or GlobalId",按 IFC Tag、名称或 GlobalId 查找,界面文字（为本界面所写）,2934b01,#36,d6f89c1,d6f89c1,#26,,,,,,12,ws-compare:workspace/finding ×3; ws-notreeval:workspace/finding ×2; ws-single:workspace/finding ×2; ws-compare:workspace/result ×1; ws-newly:workspace/result ×1; ws-newly:workspace/finding ×1,ws-compare:#/workspace/workspace,1,"Not applicable 1 ‹ Find by IFC Tag, name or GlobalId › Showing 3 of 3",15,ws-compare:workspace/finding ×3; ws-newly:workspace/finding ×3; ws-single:workspace/finding ×3; ws-notreeval:workspace/finding ×2; ws-compare:workspace/result ×1; ws-newly:workspace/result ×1,ws-compare:#/workspace/workspace,1,不适用 1 ‹ 按 IFC Tag、名称或 GlobalId 查找 › 显示 3 条，共 3 条
E438,10-08,A,domain-517,D,PASS／FAIL／N/A／拒绝区别（C2 工作区结果页）,WORKSPACE,filterAll,All,全部,界面文字（为本界面所写）,2934b01,#36,d6f89c1,d6f89c1,#26,,,,,,0,,,0,,0,,,0,
E439,10-08,A,domain-517,D,PASS／FAIL／N/A／拒绝区别（C2 工作区结果页）,WORKSPACE,filterNone,No result matches the filter.,没有符合筛选条件的结果。,界面文字（为本界面所写）,2934b01,#36,d6f89c1,d6f89c1,#26,,,,,,12,ws-compare:workspace/finding ×3; ws-notreeval:workspace/finding ×2; ws-single:workspace/finding ×2; ws-compare:workspace/result ×1; ws-newly:workspace/result ×1; ws-newly:workspace/finding ×1,ws-compare:#/workspace/workspace,1,Showing 3 of 3 ‹ No result matches the filter. › Result,15,ws-compare:workspace/finding ×3; ws-newly:workspace/finding ×3; ws-single:workspace/finding ×3; ws-notreeval:workspace/finding ×2; ws-compare:workspace/result ×1; ws-newly:workspace/result ×1,ws-compare:#/workspace/workspace,1,显示 3 条，共 3 条 ‹ 没有符合筛选条件的结果。 › 结果
E440,10-08,A,domain-517,D,PASS／FAIL／N/A／拒绝区别（C2 工作区结果页）,WORKSPACE,filterShown,Showing {shown} of {count},显示 {shown} 条，共 {count} 条,界面文字（为本界面所写）,2934b01,#36,d6f89c1,d6f89c1,#26,,,,,,0,（模板，固定文字太少，没有按页面匹配）,,0,,0,（模板，固定文字太少，没有按页面匹配）,,0,
E441,10-08,A,domain-517,D,PASS／FAIL／N/A／拒绝区别（C2 工作区结果页）,WORKSPACE,columns.status,Result,结果,界面文字（为本界面所写）,2934b01,#36,d6f89c1,d6f89c1,#26,,,,,,15,ws-compare:workspace/finding ×3; ws-notreeval:workspace/finding ×2; ws-single:workspace/finding ×2; ws-compare:workspace/result ×1; ws-compare:workspace/compare ×1; ws-newly:workspace/result ×1,ws-compare:#/workspace/workspace,1,No result matches the filter. ‹ Result › IFC Tag,18,ws-compare:workspace/finding ×3; ws-newly:workspace/finding ×3; ws-single:workspace/finding ×3; ws-notreeval:workspace/finding ×2; ws-compare:workspace/result ×1; ws-compare:workspace/compare ×1,ws-compare:#/workspace/workspace,1,没有符合筛选条件的结果。 ‹ 结果 › IFC Tag
E442,10-08,A,domain-517,D,PASS／FAIL／N/A／拒绝区别（C2 工作区结果页）,WORKSPACE,columns.tag,IFC Tag,IFC Tag,界面文字（为本界面所写）,2934b01,#36,d6f89c1,d6f89c1,#26,,,,,,15,ws-compare:workspace/finding ×3; ws-notreeval:workspace/finding ×2; ws-single:workspace/finding ×2; ws-compare:workspace/result ×1; ws-compare:workspace/compare ×1; ws-newly:workspace/result ×1,ws-compare:#/workspace/workspace,1,Result ‹ IFC Tag › Name,18,ws-compare:workspace/finding ×3; ws-newly:workspace/finding ×3; ws-single:workspace/finding ×3; ws-notreeval:workspace/finding ×2; ws-compare:workspace/result ×1; ws-compare:workspace/compare ×1,ws-compare:#/workspace/workspace,1,结果 ‹ IFC Tag › 名称
E443,10-08,A,domain-517,D,PASS／FAIL／N/A／拒绝区别（C2 工作区结果页）,WORKSPACE,columns.name,Name,名称,界面文字（为本界面所写）,2934b01,#36,d6f89c1,d6f89c1,#26,,,,,,15,ws-compare:workspace/finding ×3; ws-notreeval:workspace/finding ×2; ws-single:workspace/finding ×2; ws-compare:workspace/result ×1; ws-compare:workspace/compare ×1; ws-newly:workspace/result ×1,ws-compare:#/workspace/workspace,1,IFC Tag ‹ Name › Class,141,fixture/activity ×123; ws-compare:workspace/finding ×3; ws-newly:workspace/finding ×3; ws-single:workspace/finding ×3; ws-notreeval:workspace/finding ×2; ws-compare:workspace/result ×1,#/fixture/member-evidence/activity/0,1,这些声明范围内的构件不属于本活动的对象类别，没有裁决、修复角色或通过标记。 ‹ 名称 › element_key
E444,10-08,A,domain-517,D,PASS／FAIL／N/A／拒绝区别（C2 工作区结果页）,WORKSPACE,columns.class,Class,类别,界面文字（为本界面所写）,2934b01,#36,d6f89c1,d6f89c1,#26,,,,,,172,fixture/recheck ×131; fixture/item ×26; ws-compare:workspace/finding ×3; ws-notreeval:workspace/finding ×2; ws-single:workspace/finding ×2; ws-compare:workspace/result ×1,#/fixture/member-evidence/item/0/2/0,1,3. Which element ‹ Class › (IFC class),158,fixture/recheck ×116; fixture/item ×24; ws-compare:workspace/finding ×3; ws-newly:workspace/finding ×3; ws-single:workspace/finding ×3; ws-notreeval:workspace/finding ×2,#/fixture/member-evidence/item/0/2/0,1,三、是哪个构件 ‹ 类别 › IfcAirTerminal
E445,10-08,A,domain-517,D,PASS／FAIL／N/A／拒绝区别（C2 工作区结果页）,WORKSPACE,columns.storey,Storey (IFC),楼层（IFC）,界面文字（为本界面所写）,2934b01,#36,d6f89c1,82aa943,#31,,#31 82aa943,,WORKSPACE.element.storey,,15,ws-compare:workspace/finding ×3; ws-notreeval:workspace/finding ×2; ws-single:workspace/finding ×2; ws-compare:workspace/result ×1; ws-compare:workspace/compare ×1; ws-newly:workspace/result ×1,ws-compare:#/workspace/workspace,3,Class ‹ Storey (IFC) › Model,18,ws-compare:workspace/finding ×3; ws-newly:workspace/finding ×3; ws-single:workspace/finding ×3; ws-notreeval:workspace/finding ×2; ws-compare:workspace/result ×1; ws-compare:workspace/compare ×1,ws-compare:#/workspace/workspace,1,类别 ‹ 楼层（IFC） › 模型
E446,10-08,A,domain-517,D,PASS／FAIL／N/A／拒绝区别（C2 工作区结果页）,WORKSPACE,columns.model,Model,模型,界面文字（为本界面所写）,2934b01,#36,d6f89c1,d6f89c1,#26,,,,,,192,fixture/recheck ×141; fixture/item ×26; fixture/result ×10; ws-compare:workspace/finding ×3; ws-notreeval:workspace/finding ×2; ws-single:workspace/finding ×2,#/fixture/recheck-requirement-relaxed,1,Role (from this request's handover) ‹ Model › Re-issued?,296,fixture/member ×134; fixture/recheck ×125; fixture/record ×11; fixture/result ×8; ws-compare:workspace/finding ×3; ws-newly:workspace/finding ×3,#/fixture/recheck-both-reissued,1,复检前后的比较明细：模型、事项、旧证据 ‹ 模型 › 交出方和接收方的模型都重新发布了
E447,10-08,A,domain-517,D,PASS／FAIL／N/A／拒绝区别（C2 工作区结果页）,WORKSPACE,pickOne,Choose a result from the list to see its details here.,从结果列表里选一条，在这里看它的详情。,界面文字（为本界面所写）,2934b01,#36,d6f89c1,d6f89c1,#26,,,,,,4,ws-compare:workspace/result ×1; ws-newly:workspace/result ×1; ws-notreeval:workspace/result ×1; ws-single:workspace/result ×1,ws-compare:#/workspace/workspace,1,"architecture (Architecture) ‹ Choose a result from the list to see its details here. › Tracing: this check's run identifier, rule set version and model files",4,ws-compare:workspace/result ×1; ws-newly:workspace/result ×1; ws-notreeval:workspace/result ×1; ws-single:workspace/result ×1,ws-compare:#/workspace/workspace,1,architecture（Architecture） ‹ 从结果列表里选一条，在这里看它的详情。 › 追溯信息：这次检查的运行号、规则集版本与模型文件
E448,10-08,A,domain-517,D,PASS／FAIL／N/A／拒绝区别（C2 工作区结果页）,WORKSPACE,detailKicker,One result of a real check,一条真实检查结果,界面文字（为本界面所写）,2934b01,#36,d6f89c1,d6f89c1,#26,,,,,,8,ws-compare:workspace/finding ×3; ws-notreeval:workspace/finding ×2; ws-single:workspace/finding ×2; ws-newly:workspace/finding ×1,ws-compare:#/workspace/workspace/finding/76d69ece-295b-5b41-a7b3-9381efe80cd4,1,architecture (Architecture) ‹ One result of a real check › PV-001 Air terminals declare one of four predefined types: Fail,11,ws-compare:workspace/finding ×3; ws-newly:workspace/finding ×3; ws-single:workspace/finding ×3; ws-notreeval:workspace/finding ×2,ws-compare:#/workspace/workspace/finding/76d69ece-295b-5b41-a7b3-9381efe80cd4,1,architecture（Architecture） ‹ 一条真实检查结果 › PV-001 风口要声明四种预定义类型之一：不通过
E449,10-08,A,domain-517,D,PASS／FAIL／N/A／拒绝区别（C2 工作区结果页）,WORKSPACE,wholeModel,Whole model,整个模型,界面文字（为本界面所写）,2934b01,#36,d6f89c1,d6f89c1,#26,,,,,,15,ws-compare:workspace/finding ×3; ws-notreeval:workspace/finding ×2; ws-single:workspace/finding ×2; ws-compare:workspace/result ×1; ws-compare:workspace/compare ×1; ws-newly:workspace/result ×1,ws-compare:#/workspace/workspace,1,chimney cover ‹ Whole model › Not carried in the record,18,ws-compare:workspace/finding ×3; ws-newly:workspace/finding ×3; ws-single:workspace/finding ×3; ws-notreeval:workspace/finding ×2; ws-compare:workspace/result ×1; ws-compare:workspace/compare ×1,ws-compare:#/workspace/workspace,1,chimney cover ‹ 整个模型 › 记录未携带
E450,10-08,A,domain-517,D,PASS／FAIL／N/A／拒绝区别（C2 工作区结果页）,WORKSPACE,resultHeading,Result,结果,界面文字（为本界面所写）,2934b01,#36,d6f89c1,d6f89c1,#26,,,,,,15,ws-compare:workspace/finding ×3; ws-notreeval:workspace/finding ×2; ws-single:workspace/finding ×2; ws-compare:workspace/result ×1; ws-compare:workspace/compare ×1; ws-newly:workspace/result ×1,ws-compare:#/workspace/workspace,1,No result matches the filter. ‹ Result › IFC Tag,18,ws-compare:workspace/finding ×3; ws-newly:workspace/finding ×3; ws-single:workspace/finding ×3; ws-notreeval:workspace/finding ×2; ws-compare:workspace/result ×1; ws-compare:workspace/compare ×1,ws-compare:#/workspace/workspace,1,没有符合筛选条件的结果。 ‹ 结果 › IFC Tag
E451,10-08,A,domain-517,D,PASS／FAIL／N/A／拒绝区别（C2 工作区结果页）,WORKSPACE,findHeading,Which object to find in Revit,回到 Revit 找哪个对象,界面文字（为本界面所写）,2934b01,#36,d6f89c1,d6f89c1,#26,,,,,,8,ws-compare:workspace/finding ×3; ws-notreeval:workspace/finding ×2; ws-single:workspace/finding ×2; ws-newly:workspace/finding ×1,ws-compare:#/workspace/workspace/finding/76d69ece-295b-5b41-a7b3-9381efe80cd4,1,Not meeting this product validation rule is not a delivery defect of the original project. Where thi ‹ Which object to find in Revit › Copy,11,ws-compare:workspace/finding ×3; ws-newly:workspace/finding ×3; ws-single:workspace/finding ×3; ws-notreeval:workspace/finding ×2,ws-compare:#/workspace/workspace/finding/76d69ece-295b-5b41-a7b3-9381efe80cd4,1,不满足这条产品验证规则，不等于原项目的交付缺陷。这条规则的来源以返回数据的标签（ProductValidation）和出处原文为准。 ‹ 回到 Revit 找哪个对象 › 复制
E452,10-08,A,domain-517,D,PASS／FAIL／N/A／拒绝区别（C2 工作区结果页）,WORKSPACE,actionHeading,What to change,要改什么,界面文字（为本界面所写）,2934b01,#36,d6f89c1,d6f89c1,#26,,,,,,4,ws-compare:workspace/finding ×1; ws-newly:workspace/finding ×1; ws-notreeval:workspace/finding ×1; ws-single:workspace/finding ×1,ws-compare:#/workspace/workspace/finding/76d69ece-295b-5b41-a7b3-9381efe80cd4,1,"To find it in the IFC, use the GlobalId. ‹ What to change › Change it to",6,ws-newly:workspace/finding ×2; ws-single:workspace/finding ×2; ws-compare:workspace/finding ×1; ws-notreeval:workspace/finding ×1,ws-compare:#/workspace/workspace/finding/76d69ece-295b-5b41-a7b3-9381efe80cd4,1,在 IFC 里定位用 GlobalId。 ‹ 要改什么 › 改成什么
E453,10-08,A,domain-517,D,PASS／FAIL／N/A／拒绝区别（C2 工作区结果页）,WORKSPACE,actionWhat,Change it to,改成什么,界面文字（为本界面所写）,2934b01,#36,d6f89c1,d6f89c1,#26,,,,,,4,ws-compare:workspace/finding ×1; ws-newly:workspace/finding ×1; ws-notreeval:workspace/finding ×1; ws-single:workspace/finding ×1,ws-compare:#/workspace/workspace/finding/76d69ece-295b-5b41-a7b3-9381efe80cd4,1,What to change ‹ Change it to › Go back to the Revit source model and make this air terminal's exported predefined type one of DIFFU,6,ws-newly:workspace/finding ×2; ws-single:workspace/finding ×2; ws-compare:workspace/finding ×1; ws-notreeval:workspace/finding ×1,ws-compare:#/workspace/workspace/finding/76d69ece-295b-5b41-a7b3-9381efe80cd4,1,要改什么 ‹ 改成什么 › 回到 Revit 源模型，让这个风口导出后的预定义类型是 DIFFUSER、GRILLE、LOUVRE、REGISTER 之一；重新导出 IFC，再检查。NOTDEFINED 等于什么都没说。
E454,10-08,A,domain-517,D,PASS／FAIL／N/A／拒绝区别（C2 工作区结果页）,WORKSPACE,actionReads,Where the checker reads,检查器读哪里,界面文字（为本界面所写）,2934b01,#36,82aa943,82aa943,#31,,#31 82aa943,,,,4,ws-compare:workspace/finding ×1; ws-newly:workspace/finding ×1; ws-notreeval:workspace/finding ×1; ws-single:workspace/finding ×1,ws-compare:#/workspace/workspace/finding/76d69ece-295b-5b41-a7b3-9381efe80cd4,1,"Go back to the Revit source model and make this air terminal's exported predefined type one of DIFFU ‹ Where the checker reads › The checker looks first at its type object in the exported IFC: if the type carries one of the four,",6,ws-newly:workspace/finding ×2; ws-single:workspace/finding ×2; ws-compare:workspace/finding ×1; ws-notreeval:workspace/finding ×1,ws-compare:#/workspace/workspace/finding/76d69ece-295b-5b41-a7b3-9381efe80cd4,1,回到 Revit 源模型，让这个风口导出后的预定义类型是 DIFFUSER、GRILLE、LOUVRE、REGISTER 之一；重新导出 IFC，再检查。NOTDEFINED 等于什么都没说。 ‹ 检查器读哪里 › 检查器先看导出的 IFC 里它的类型对象：类型上是四个值之一，比较类型上的值；类型声明 USERDEFINED，比较它的自由文本；类型什么也没说时，才读构件实例本身的值。这说的是检查器读 IFC 的顺
E455,10-08,A,domain-517,D,PASS／FAIL／N/A／拒绝区别（C2 工作区结果页）,WORKSPACE,actionRevise,Where to change it in Revit,在 Revit 里改哪里,界面文字（为本界面所写）,2934b01,#36,82aa943,82aa943,#31,,#31 82aa943,,,,4,ws-compare:workspace/finding ×1; ws-newly:workspace/finding ×1; ws-notreeval:workspace/finding ×1; ws-single:workspace/finding ×1,ws-compare:#/workspace/workspace/finding/76d69ece-295b-5b41-a7b3-9381efe80cd4,1,"The checker looks first at its type object in the exported IFC: if the type carries one of the four, ‹ Where to change it in Revit › Where this value is written from in Revit (type or instance, which parameter, which export setting),",6,ws-newly:workspace/finding ×2; ws-single:workspace/finding ×2; ws-compare:workspace/finding ×1; ws-notreeval:workspace/finding ×1,ws-compare:#/workspace/workspace/finding/76d69ece-295b-5b41-a7b3-9381efe80cd4,1,检查器先看导出的 IFC 里它的类型对象：类型上是四个值之一，比较类型上的值；类型声明 USERDEFINED，比较它的自由文本；类型什么也没说时，才读构件实例本身的值。这说的是检查器读 IFC 的顺 ‹ 在 Revit 里改哪里 › 这个值在 Revit 里从哪里写出（类型还是实例、哪个参数、哪项导出设置），返回数据没有记录，本页不指定。改之前先在 Revit 里确认；如果决定在类型上改，会作用于这个类型的全部实例。一个 Revi
E456,10-08,A,domain-517,D,PASS／FAIL／N/A／拒绝区别（C2 工作区结果页）,WORKSPACE,actionUndecided,Not decided yet,还没有决定的,界面文字（为本界面所写）,2934b01,#36,d6f89c1,d6f89c1,#26,,,,,,4,ws-compare:workspace/finding ×1; ws-newly:workspace/finding ×1; ws-notreeval:workspace/finding ×1; ws-single:workspace/finding ×1,ws-compare:#/workspace/workspace/finding/76d69ece-295b-5b41-a7b3-9381efe80cd4,1,"Where this value is written from in Revit (type or instance, which parameter, which export setting), ‹ Not decided yet › Which value to use, and who decides and makes the change, the returned data does not say. The rule a",6,ws-newly:workspace/finding ×2; ws-single:workspace/finding ×2; ws-compare:workspace/finding ×1; ws-notreeval:workspace/finding ×1,ws-compare:#/workspace/workspace/finding/76d69ece-295b-5b41-a7b3-9381efe80cd4,1,这个值在 Revit 里从哪里写出（类型还是实例、哪个参数、哪项导出设置），返回数据没有记录，本页不指定。改之前先在 Revit 里确认；如果决定在类型上改，会作用于这个类型的全部实例。一个 Revi ‹ 还没有决定的 › 取哪一个值、由谁决定和操作，返回数据都没有提供。规则只要求四个值之一，不判断哪一个对。
E457,10-08,A,domain-517,D,PASS／FAIL／N/A／拒绝区别（C2 工作区结果页）,WORKSPACE,requirementHeading,"The requirement, and what this check observed",具体要求与这次检查的观察,界面文字（为本界面所写）,2934b01,#36,d6f89c1,d6f89c1,#26,,,,,,8,ws-compare:workspace/finding ×3; ws-notreeval:workspace/finding ×2; ws-single:workspace/finding ×2; ws-newly:workspace/finding ×1,ws-compare:#/workspace/workspace/finding/76d69ece-295b-5b41-a7b3-9381efe80cd4,1,"Check again with the same rule set version, the same set of models and the same export settings, and ‹ The requirement, and what this check observed › The rule's own words",11,ws-compare:workspace/finding ×3; ws-newly:workspace/finding ×3; ws-single:workspace/finding ×3; ws-notreeval:workspace/finding ×2,ws-compare:#/workspace/workspace/finding/76d69ece-295b-5b41-a7b3-9381efe80cd4,1,用同一规则集版本、同一组模型和同一导出设置重新检查，看这个构件在这条要求下的结果。 ‹ 具体要求与这次检查的观察 › 规则的原话（英文）
E458,10-08,A,domain-517,D,PASS／FAIL／N/A／拒绝区别（C2 工作区结果页）,WORKSPACE,reason,Reason (as the check result gives it),原因（检查结果的原文）,界面文字（为本界面所写）,2934b01,#36,d6f89c1,d6f89c1,#26,,,,,,8,ws-compare:workspace/finding ×3; ws-notreeval:workspace/finding ×2; ws-single:workspace/finding ×2; ws-newly:workspace/finding ×1,ws-compare:#/workspace/workspace/finding/76d69ece-295b-5b41-a7b3-9381efe80cd4,1,"Shall be IFCAIRTERMINAL data of type {'enumeration': ['DIFFUSER', 'GRILLE', 'LOUVRE', 'REGISTER']} ‹ Reason (as the check result gives it) › What is in the quotation marks is not an enumeration value but free text: when the type declares USE",11,ws-compare:workspace/finding ×3; ws-newly:workspace/finding ×3; ws-single:workspace/finding ×3; ws-notreeval:workspace/finding ×2,ws-compare:#/workspace/workspace/finding/76d69ece-295b-5b41-a7b3-9381efe80cd4,1,"Shall be IFCAIRTERMINAL data of type {'enumeration': ['DIFFUSER', 'GRILLE', 'LOUVRE', 'REGISTER']} ‹ 原因（检查结果的原文） › 引号里不是预定义类型的枚举值，而是自由文本：类型声明 USERDEFINED 时，检查器拿它的自由文本来比较。"
E459,10-08,A,domain-517,D,PASS／FAIL／N/A／拒绝区别（C2 工作区结果页）,WORKSPACE,actual,Observed value,观察值一栏,界面文字（为本界面所写）,2934b01,#36,d6f89c1,d6f89c1,#26,,,,,,8,ws-compare:workspace/finding ×3; ws-notreeval:workspace/finding ×2; ws-single:workspace/finding ×2; ws-newly:workspace/finding ×1,ws-compare:#/workspace/workspace/finding/76d69ece-295b-5b41-a7b3-9381efe80cd4,1,"The predefined type ""fireplace cap"" does not meet the required typeWhat is in the quotation marks is ‹ Observed value › Empty in the check result.",11,ws-compare:workspace/finding ×3; ws-newly:workspace/finding ×3; ws-single:workspace/finding ×3; ws-notreeval:workspace/finding ×2,ws-compare:#/workspace/workspace/finding/76d69ece-295b-5b41-a7b3-9381efe80cd4,1,"The predefined type ""fireplace cap"" does not meet the required type引号里不是预定义类型的枚举值，而是自由文本：类型声明 USERDE ‹ 观察值一栏 › 检查结果中为空。"
E460,10-08,A,domain-517,D,PASS／FAIL／N/A／拒绝区别（C2 工作区结果页）,WORKSPACE,actualEmpty,Empty in the check result.,检查结果中为空。,界面文字（为本界面所写）,2934b01,#36,d6f89c1,d6f89c1,#26,,,,,,8,ws-compare:workspace/finding ×3; ws-notreeval:workspace/finding ×2; ws-single:workspace/finding ×2; ws-newly:workspace/finding ×1,ws-compare:#/workspace/workspace/finding/76d69ece-295b-5b41-a7b3-9381efe80cd4,1,Observed value ‹ Empty in the check result. › Compared with the earlier run,11,ws-compare:workspace/finding ×3; ws-newly:workspace/finding ×3; ws-single:workspace/finding ×3; ws-notreeval:workspace/finding ×2,ws-compare:#/workspace/workspace/finding/76d69ece-295b-5b41-a7b3-9381efe80cd4,1,观察值一栏 ‹ 检查结果中为空。 › 和前一次运行比
E461,10-08,A,domain-517,D,PASS／FAIL／N/A／拒绝区别（C2 工作区结果页）,WORKSPACE,actualHidden,The check result carries an observed value; this page does not show it.,检查结果带有观察值；本页不显示取值。,界面文字（为本界面所写）,2934b01,#36,d6f89c1,d6f89c1,#26,,,,,,0,,,0,,0,,,0,
E462,10-08,A,domain-517,D,PASS／FAIL／N/A／拒绝区别（C2 工作区结果页）,WORKSPACE,recheckHeading,What to look at in a recheck,复检时看什么,界面文字（为本界面所写）,2934b01,#36,d6f89c1,d6f89c1,#26,,,,,,4,ws-compare:workspace/finding ×1; ws-newly:workspace/finding ×1; ws-notreeval:workspace/finding ×1; ws-single:workspace/finding ×1,ws-compare:#/workspace/workspace/finding/76d69ece-295b-5b41-a7b3-9381efe80cd4,1,"Which value to use, and who decides and makes the change, the returned data does not say. The rule a ‹ What to look at in a recheck › Check again with the same rule set version, the same set of models and the same export settings, and",6,ws-newly:workspace/finding ×2; ws-single:workspace/finding ×2; ws-compare:workspace/finding ×1; ws-notreeval:workspace/finding ×1,ws-compare:#/workspace/workspace/finding/76d69ece-295b-5b41-a7b3-9381efe80cd4,1,取哪一个值、由谁决定和操作，返回数据都没有提供。规则只要求四个值之一，不判断哪一个对。 ‹ 复检时看什么 › 用同一规则集版本、同一组模型和同一导出设置重新检查，看这个构件在这条要求下的结果。
E463,10-08,A,domain-517,D,PASS／FAIL／N/A／拒绝区别（C2 工作区结果页）,WORKSPACE,passHeading,What this pass proves,这条通过证明了什么,界面文字（为本界面所写）,2934b01,#36,d6f89c1,d6f89c1,#26,,,,,,1,ws-compare:workspace/finding ×1,ws-compare:#/workspace/workspace/finding/a52c30cc-6d9f-54e3-9ed1-05cc4da48249,1,PV-001 Air terminals declare one of four predefined types: Pass ‹ What this pass proves › It proves: The one value the checker took in its reading order (the type's value first; a USERDEFINE,1,ws-compare:workspace/finding ×1,ws-compare:#/workspace/workspace/finding/a52c30cc-6d9f-54e3-9ed1-05cc4da48249,1,PV-001 风口要声明四种预定义类型之一：通过 ‹ 这条通过证明了什么 › 它证明：检查器按它的读取顺序取到的那一个值（类型上的值优先；类型声明 USERDEFINED 时是它的自由文本；类型什么也没说时才读构件实例），逐字等于 DIFFUSER、GRILLE、LOUVRE、
E464,10-08,A,domain-517,D,PASS／FAIL／N/A／拒绝区别（C2 工作区结果页）,WORKSPACE,passProves,It proves: ,它证明：,界面文字（为本界面所写）,2934b01,#36,d6f89c1,d6f89c1,#26,,,,,,0,,,0,,0,,,0,
E465,10-08,A,domain-517,D,PASS／FAIL／N/A／拒绝区别（C2 工作区结果页）,WORKSPACE,passDoesNotProve,It does not prove:,它不证明：,界面文字（为本界面所写）,2934b01,#36,d6f89c1,d6f89c1,#26,,,,,,1,ws-compare:workspace/finding ×1,ws-compare:#/workspace/workspace/finding/a52c30cc-6d9f-54e3-9ed1-05cc4da48249,1,It proves: The one value the checker took in its reading order (the type's value first; a USERDEFINE ‹ It does not prove: › That the value is right: any of the four passes; GRILLE passes too.,1,ws-compare:workspace/finding ×1,ws-compare:#/workspace/workspace/finding/a52c30cc-6d9f-54e3-9ed1-05cc4da48249,1,它证明：检查器按它的读取顺序取到的那一个值（类型上的值优先；类型声明 USERDEFINED 时是它的自由文本；类型什么也没说时才读构件实例），逐字等于 DIFFUSER、GRILLE、LOUVRE、 ‹ 它不证明： › 取值正确：四个值中任何一个都会通过，写成 GRILLE 也会通过。
E466,10-08,A,domain-517,D,PASS／FAIL／N/A／拒绝区别（C2 工作区结果页）,WORKSPACE,passNoValue,"A passing check result does not carry the value it read: it records only ""Requirement satisfied.""",通过的检查结果不带它读到的值：只记录了“要求已满足”。,界面文字（为本界面所写）,2934b01,#36,d6f89c1,d6f89c1,#26,,,,,,1,ws-compare:workspace/finding ×1,ws-compare:#/workspace/workspace/finding/a52c30cc-6d9f-54e3-9ed1-05cc4da48249,1,"That any work can start, including ceiling and opening work. ‹ A passing check result does not carry the value it read: it records only ""Requirement satisfied."" › Which object to find in Revit",1,ws-compare:workspace/finding ×1,ws-compare:#/workspace/workspace/finding/a52c30cc-6d9f-54e3-9ed1-05cc4da48249,1,任何工作可以开始，包括吊顶和开洞工作。 ‹ 通过的检查结果不带它读到的值：只记录了“要求已满足”。 › 回到 Revit 找哪个对象
E467,10-08,A,domain-517,D,PASS／FAIL／N/A／拒绝区别（C2 工作区结果页）,WORKSPACE,passUnwritten,"A pass says only that this requirement was judged met; how far that goes, this interface has written no notes for this rule — see the rule's own words.",通过只说明这条要求被判为满足；它能证明到哪里，本界面没有为这条规则写说明，请看规则原话。,界面文字（为本界面所写）,2934b01,#36,d6f89c1,d6f89c1,#26,,,,,,0,,,0,,0,,,0,
E468,10-08,A,domain-517,D,PASS／FAIL／N/A／拒绝区别（C2 工作区结果页）,WORKSPACE,notApplicable,Not applicable: this model has no element the requirement applies to. Not applicable is not a pass.,不适用：这个模型里没有这条要求适用的构件。不适用不是通过。,界面文字（为本界面所写）,2934b01,#36,d6f89c1,d6f89c1,#26,,,,,,3,ws-compare:workspace/finding ×1; ws-notreeval:workspace/finding ×1; ws-single:workspace/finding ×1,ws-compare:#/workspace/workspace/finding/3ea38c47-b628-5ce1-82eb-7e524cab69f5,1,PV-001 Air terminals declare one of four predefined types: Not applicable ‹ Not applicable: this model has no element the requirement applies to. Not applicable is not a pass. › Which object to find in Revit,4,ws-compare:workspace/finding ×1; ws-newly:workspace/finding ×1; ws-notreeval:workspace/finding ×1; ws-single:workspace/finding ×1,ws-compare:#/workspace/workspace/finding/3ea38c47-b628-5ce1-82eb-7e524cab69f5,1,PV-001 风口要声明四种预定义类型之一：不适用 ‹ 不适用：这个模型里没有这条要求适用的构件。不适用不是通过。 › 回到 Revit 找哪个对象
E469,10-08,A,domain-517,D,PASS／FAIL／N/A／拒绝区别（C2 工作区结果页）,WORKSPACE,failNotDefect,Not meeting this product validation rule is not a delivery defect of the original project. Where this rule comes from is what the returned data's label (ProductValidation) and the citation as written say.,不满足这条产品验证规则，不等于原项目的交付缺陷。这条规则的来源以返回数据的标签（ProductValidation）和出处原文为准。,界面文字（为本界面所写）,2934b01,#36,82aa943,82aa943,#31,,#31 82aa943,,,,4,ws-compare:workspace/finding ×1; ws-newly:workspace/finding ×1; ws-notreeval:workspace/finding ×1; ws-single:workspace/finding ×1,ws-compare:#/workspace/workspace/finding/76d69ece-295b-5b41-a7b3-9381efe80cd4,1,PV-001 Air terminals declare one of four predefined types: Fail ‹ Not meeting this product validation rule is not a delivery defect of the original project. Where this rule comes from is what the returned data's label (ProductValidation) and the citation as written say. › Which object to find in Revit,6,ws-newly:workspace/finding ×2; ws-single:workspace/finding ×2; ws-compare:workspace/finding ×1; ws-notreeval:workspace/finding ×1,ws-compare:#/workspace/workspace/finding/76d69ece-295b-5b41-a7b3-9381efe80cd4,1,PV-001 风口要声明四种预定义类型之一：不通过 ‹ 不满足这条产品验证规则，不等于原项目的交付缺陷。这条规则的来源以返回数据的标签（ProductValidation）和出处原文为准。 › 回到 Revit 找哪个对象
E470,10-08,A,domain-517,D,PASS／FAIL／N/A／拒绝区别（C2 工作区结果页）,WORKSPACE,noFinding,This check has no such result.,这次检查里没有这一条结果。,界面文字（为本界面所写）,2934b01,#36,d6f89c1,d6f89c1,#26,,,,,,0,,,0,,0,,,0,
E471,10-08,A,domain-517,D,PASS／FAIL／N/A／拒绝区别（C2 工作区结果页）,WORKSPACE,identityHeading,"Tracing: this check's run identifier, rule set version and model files",追溯信息：这次检查的运行号、规则集版本与模型文件,界面文字（为本界面所写）,2934b01,#36,d6f89c1,d6f89c1,#26,,,,,,15,ws-compare:workspace/finding ×3; ws-notreeval:workspace/finding ×2; ws-single:workspace/finding ×2; ws-compare:workspace/result ×1; ws-compare:workspace/compare ×1; ws-newly:workspace/result ×1,ws-compare:#/workspace/workspace,1,"Choose a result from the list to see its details here. ‹ Tracing: this check's run identifier, rule set version and model files › Check run identifier",18,ws-compare:workspace/finding ×3; ws-newly:workspace/finding ×3; ws-single:workspace/finding ×3; ws-notreeval:workspace/finding ×2; ws-compare:workspace/result ×1; ws-compare:workspace/compare ×1,ws-compare:#/workspace/workspace,1,从结果列表里选一条，在这里看它的详情。 ‹ 追溯信息：这次检查的运行号、规则集版本与模型文件 › 检查运行号
E472,10-08,A,domain-517,D,PASS／FAIL／N/A／拒绝区别（C2 工作区结果页）,WORKSPACE,findingTrace,Tracing: this result's internal keys,追溯信息：这条结果的内部键,界面文字（为本界面所写）,2934b01,#36,d6f89c1,d6f89c1,#26,,,,,,8,ws-compare:workspace/finding ×3; ws-notreeval:workspace/finding ×2; ws-single:workspace/finding ×2; ws-newly:workspace/finding ×1,ws-compare:#/workspace/workspace/finding/76d69ece-295b-5b41-a7b3-9381efe80cd4,1,This reason (as written) ‹ Tracing: this result's internal keys › Check result key,11,ws-compare:workspace/finding ×3; ws-newly:workspace/finding ×3; ws-single:workspace/finding ×3; ws-notreeval:workspace/finding ×2,ws-compare:#/workspace/workspace/finding/76d69ece-295b-5b41-a7b3-9381efe80cd4,1,本次的原因（原文） ‹ 追溯信息：这条结果的内部键 › 检查结果键
E473,10-08,A,domain-517,D,PASS／FAIL／N/A／拒绝区别（C2 工作区结果页）,WORKSPACE,identity.run,Check run identifier,检查运行号,界面文字（为本界面所写）,2934b01,#36,d6f89c1,d6f89c1,#26,,,,,,15,ws-compare:workspace/finding ×3; ws-notreeval:workspace/finding ×2; ws-single:workspace/finding ×2; ws-compare:workspace/result ×1; ws-compare:workspace/compare ×1; ws-newly:workspace/result ×1,ws-compare:#/workspace/workspace,2,"Tracing: this check's run identifier, rule set version and model files ‹ Check run identifier › Copy",18,ws-compare:workspace/finding ×3; ws-newly:workspace/finding ×3; ws-single:workspace/finding ×3; ws-notreeval:workspace/finding ×2; ws-compare:workspace/result ×1; ws-compare:workspace/compare ×1,ws-compare:#/workspace/workspace,1,追溯信息：这次检查的运行号、规则集版本与模型文件 ‹ 检查运行号 › 复制
E474,10-08,A,domain-517,D,PASS／FAIL／N/A／拒绝区别（C2 工作区结果页）,WORKSPACE,identity.ruleset,Rule set,规则集,界面文字（为本界面所写）,2934b01,#36,d6f89c1,d6f89c1,#26,,,,,,15,ws-compare:workspace/finding ×3; ws-notreeval:workspace/finding ×2; ws-single:workspace/finding ×2; ws-compare:workspace/result ×1; ws-compare:workspace/compare ×1; ws-newly:workspace/result ×1,ws-compare:#/workspace/workspace,1,product-validation-v1.0-004684be6fb39dafCopy ‹ Rule set › product-validation 1.0,29,fixture/record ×11; ws-compare:workspace/finding ×3; ws-newly:workspace/finding ×3; ws-single:workspace/finding ×3; ws-notreeval:workspace/finding ×2; ws-compare:workspace/result ×1,#/fixture/member-evidence/record,1,epc-delivery-v2.2-2697235be003292d复制 ‹ 规则集 › epc-delivery 2.2
E475,10-08,A,domain-517,D,PASS／FAIL／N/A／拒绝区别（C2 工作区结果页）,WORKSPACE,identity.asOf,"Logical date (given by the run configuration, not when it ran)",逻辑日期（运行配置给定，不是运行的时间）,界面文字（为本界面所写）,2934b01,#36,d6f89c1,d6f89c1,#26,,,,,,15,ws-compare:workspace/finding ×3; ws-notreeval:workspace/finding ×2; ws-single:workspace/finding ×2; ws-compare:workspace/result ×1; ws-compare:workspace/compare ×1; ws-newly:workspace/result ×1,ws-compare:#/workspace/workspace,2,"product-validation 1.0 ‹ Logical date (given by the run configuration, not when it ran) › 2026-08-13T00:00:00Z",18,ws-compare:workspace/finding ×3; ws-newly:workspace/finding ×3; ws-single:workspace/finding ×3; ws-notreeval:workspace/finding ×2; ws-compare:workspace/result ×1; ws-compare:workspace/compare ×1,ws-compare:#/workspace/workspace,2,product-validation 1.0 ‹ 逻辑日期（运行配置给定，不是运行的时间） › 2026-08-13T00:00:00Z
E476,10-08,A,domain-517,D,PASS／FAIL／N/A／拒绝区别（C2 工作区结果页）,WORKSPACE,identity.checkers,Checkers,检查程序,界面文字（为本界面所写）,2934b01,#36,d6f89c1,d6f89c1,#26,,,,,,15,ws-compare:workspace/finding ×3; ws-notreeval:workspace/finding ×2; ws-single:workspace/finding ×2; ws-compare:workspace/result ×1; ws-compare:workspace/compare ×1; ws-newly:workspace/result ×1,ws-compare:#/workspace/workspace,1,2026-08-13T00:00:00Z ‹ Checkers › ids 1.0.0,35,fixture/recheck ×9; fixture/result ×8; ws-compare:workspace/finding ×3; ws-newly:workspace/finding ×3; ws-single:workspace/finding ×3; ws-notreeval:workspace/finding ×2,#/fixture/recheck-both-reissued,1,checker ‹ 检查程序 ›
E477,10-08,A,domain-517,D,PASS／FAIL／N/A／拒绝区别（C2 工作区结果页）,WORKSPACE,identity.models,Models,模型,界面文字（为本界面所写）,2934b01,#36,d6f89c1,d6f89c1,#26,,,,,,166,fixture/recheck ×141; fixture/result ×10; ws-compare:workspace/finding ×3; ws-notreeval:workspace/finding ×2; ws-single:workspace/finding ×2; ws-compare:workspace/result ×1,#/fixture/recheck-requirement-relaxed,1,"Before-and-after details: models, items, old evidence ‹ Models › Neither model was re-issued (versions unchanged)",296,fixture/member ×134; fixture/recheck ×125; fixture/record ×11; fixture/result ×8; ws-compare:workspace/finding ×3; ws-newly:workspace/finding ×3,#/fixture/recheck-both-reissued,1,复检前后的比较明细：模型、事项、旧证据 ‹ 模型 › 交出方和接收方的模型都重新发布了
E478,10-08,A,domain-517,D,PASS／FAIL／N/A／拒绝区别（C2 工作区结果页）,WORKSPACE,identity.modelId,Model,模型,界面文字（为本界面所写）,2934b01,#36,d6f89c1,d6f89c1,#26,,,,,,192,fixture/recheck ×141; fixture/item ×26; fixture/result ×10; ws-compare:workspace/finding ×3; ws-notreeval:workspace/finding ×2; ws-single:workspace/finding ×2,#/fixture/recheck-requirement-relaxed,1,Role (from this request's handover) ‹ Model › Re-issued?,296,fixture/member ×134; fixture/recheck ×125; fixture/record ×11; fixture/result ×8; ws-compare:workspace/finding ×3; ws-newly:workspace/finding ×3,#/fixture/recheck-both-reissued,1,复检前后的比较明细：模型、事项、旧证据 ‹ 模型 › 交出方和接收方的模型都重新发布了
E479,10-08,A,domain-517,D,PASS／FAIL／N/A／拒绝区别（C2 工作区结果页）,WORKSPACE,identity.declaredDiscipline,Discipline declared in the project manifest,项目清单声明的专业,界面文字（为本界面所写）,2934b01,#36,d6f89c1,d6f89c1,#26,,,,,,15,ws-compare:workspace/finding ×3; ws-notreeval:workspace/finding ×2; ws-single:workspace/finding ×2; ws-compare:workspace/result ×1; ws-compare:workspace/compare ×1; ws-newly:workspace/result ×1,ws-compare:#/workspace/workspace,2,Models ‹ Discipline declared in the project manifest › File,18,ws-compare:workspace/finding ×3; ws-newly:workspace/finding ×3; ws-single:workspace/finding ×3; ws-notreeval:workspace/finding ×2; ws-compare:workspace/result ×1; ws-compare:workspace/compare ×1,ws-compare:#/workspace/workspace,1,ids 1.0.0 ‹ 项目清单声明的专业 › 文件
E480,10-08,A,domain-517,D,PASS／FAIL／N/A／拒绝区别（C2 工作区结果页）,WORKSPACE,identity.filename,File,文件,界面文字（为本界面所写）,2934b01,#36,d6f89c1,d6f89c1,#26,,,,,,15,ws-compare:workspace/finding ×3; ws-notreeval:workspace/finding ×2; ws-single:workspace/finding ×2; ws-compare:workspace/result ×1; ws-compare:workspace/compare ×1; ws-newly:workspace/result ×1,ws-compare:#/workspace/workspace,1,Discipline declared in the project manifest ‹ File › File content digest (SHA-256),18,ws-compare:workspace/finding ×3; ws-newly:workspace/finding ×3; ws-single:workspace/finding ×3; ws-notreeval:workspace/finding ×2; ws-compare:workspace/result ×1; ws-compare:workspace/compare ×1,ws-compare:#/workspace/workspace,1,项目清单声明的专业 ‹ 文件 › 文件内容摘要（SHA-256）
E481,10-08,A,domain-517,D,PASS／FAIL／N/A／拒绝区别（C2 工作区结果页）,WORKSPACE,identity.digest,File content digest (SHA-256),文件内容摘要（SHA-256）,界面文字（为本界面所写）,2934b01,#36,d6f89c1,d6f89c1,#26,,,,,,15,ws-compare:workspace/finding ×3; ws-notreeval:workspace/finding ×2; ws-single:workspace/finding ×2; ws-compare:workspace/result ×1; ws-compare:workspace/compare ×1; ws-newly:workspace/result ×1,ws-compare:#/workspace/workspace,3,File ‹ File content digest (SHA-256) › Where the IFC Tag comes from,18,ws-compare:workspace/finding ×3; ws-newly:workspace/finding ×3; ws-single:workspace/finding ×3; ws-notreeval:workspace/finding ×2; ws-compare:workspace/result ×1; ws-compare:workspace/compare ×1,ws-compare:#/workspace/workspace,3,文件 ‹ 文件内容摘要（SHA-256） › IFC Tag 的来源
E482,10-08,A,domain-517,D,PASS／FAIL／N/A／拒绝区别（C2 工作区结果页）,WORKSPACE,identity.tagSource,Where the IFC Tag comes from,IFC Tag 的来源,界面文字（为本界面所写）,2934b01,#36,d6f89c1,d6f89c1,#26,,,,,,15,ws-compare:workspace/finding ×3; ws-notreeval:workspace/finding ×2; ws-single:workspace/finding ×2; ws-compare:workspace/result ×1; ws-compare:workspace/compare ×1; ws-newly:workspace/result ×1,ws-compare:#/workspace/workspace,2,File content digest (SHA-256) ‹ Where the IFC Tag comes from › architecture,18,ws-compare:workspace/finding ×3; ws-newly:workspace/finding ×3; ws-single:workspace/finding ×3; ws-notreeval:workspace/finding ×2; ws-compare:workspace/result ×1; ws-compare:workspace/compare ×1,ws-compare:#/workspace/workspace,1,文件内容摘要（SHA-256） ‹ IFC Tag 的来源 › architecture
E483,10-08,A,domain-517,D,PASS／FAIL／N/A／拒绝区别（C2 工作区结果页）,WORKSPACE,identity.elementKey,Internal key for tracing,追溯用内部键,界面文字（为本界面所写）,2934b01,#36,d6f89c1,d6f89c1,#26,,,,ELEMENT_CARD.traceKey,,165,fixture/recheck ×131; fixture/item ×26; ws-compare:workspace/finding ×3; ws-notreeval:workspace/finding ×2; ws-single:workspace/finding ×2; ws-newly:workspace/finding ×1,#/fixture/member-evidence/item/0/2/0,2,23uPJWDfXEcwHH3kdFgV9cCopy ‹ Internal key for tracing › hvac::23uPJWDfXEcwHH3kdFgV9c,151,fixture/recheck ×116; fixture/item ×24; ws-compare:workspace/finding ×3; ws-newly:workspace/finding ×3; ws-single:workspace/finding ×3; ws-notreeval:workspace/finding ×2,#/fixture/member-evidence/item/0/2/0,1,23uPJWDfXEcwHH3kdFgV9c复制 ‹ 追溯用内部键 › hvac::23uPJWDfXEcwHH3kdFgV9c
E484,10-08,A,domain-517,D,PASS／FAIL／N/A／拒绝区别（C2 工作区结果页）,WORKSPACE,identity.findingKey,Check result key,检查结果键,界面文字（为本界面所写）,2934b01,#36,d6f89c1,d6f89c1,#26,,,,,,8,ws-compare:workspace/finding ×3; ws-notreeval:workspace/finding ×2; ws-single:workspace/finding ×2; ws-newly:workspace/finding ×1,ws-compare:#/workspace/workspace/finding/76d69ece-295b-5b41-a7b3-9381efe80cd4,1,Tracing: this result's internal keys ‹ Check result key › 76d69ece-295b-5b41-a7b3-9381efe80cd4Copy,11,ws-compare:workspace/finding ×3; ws-newly:workspace/finding ×3; ws-single:workspace/finding ×3; ws-notreeval:workspace/finding ×2,ws-compare:#/workspace/workspace/finding/76d69ece-295b-5b41-a7b3-9381efe80cd4,1,追溯信息：这条结果的内部键 ‹ 检查结果键 › 76d69ece-295b-5b41-a7b3-9381efe80cd4复制
E485,10-08,A,domain-517,D,PASS／FAIL／N/A／拒绝区别（C2 工作区结果页）,WORKSPACE,identity.requirementKey,Requirement key,要求键,界面文字（为本界面所写）,2934b01,#36,d6f89c1,d6f89c1,#26,,,,,,8,ws-compare:workspace/finding ×3; ws-notreeval:workspace/finding ×2; ws-single:workspace/finding ×2; ws-newly:workspace/finding ×1,ws-compare:#/workspace/workspace/finding/76d69ece-295b-5b41-a7b3-9381efe80cd4,1,76d69ece-295b-5b41-a7b3-9381efe80cd4Copy ‹ Requirement key › b1a247b3-1e71-5af1-a288-bccc51d0cc4d,11,ws-compare:workspace/finding ×3; ws-newly:workspace/finding ×3; ws-single:workspace/finding ×3; ws-notreeval:workspace/finding ×2,ws-compare:#/workspace/workspace/finding/76d69ece-295b-5b41-a7b3-9381efe80cd4,1,76d69ece-295b-5b41-a7b3-9381efe80cd4复制 ‹ 要求键 › b1a247b3-1e71-5af1-a288-bccc51d0cc4d
E486,10-08,A,domain-517,D,PASS／FAIL／N/A／拒绝区别（C2 工作区结果页）,WORKSPACE,element.name,Name,名称,界面文字（为本界面所写）,2934b01,#36,d6f89c1,d6f89c1,#26,,,,,,15,ws-compare:workspace/finding ×3; ws-notreeval:workspace/finding ×2; ws-single:workspace/finding ×2; ws-compare:workspace/result ×1; ws-compare:workspace/compare ×1; ws-newly:workspace/result ×1,ws-compare:#/workspace/workspace,1,IFC Tag ‹ Name › Class,141,fixture/activity ×123; ws-compare:workspace/finding ×3; ws-newly:workspace/finding ×3; ws-single:workspace/finding ×3; ws-notreeval:workspace/finding ×2; ws-compare:workspace/result ×1,#/fixture/member-evidence/activity/0,1,这些声明范围内的构件不属于本活动的对象类别，没有裁决、修复角色或通过标记。 ‹ 名称 › element_key
E487,10-08,A,domain-517,D,PASS／FAIL／N/A／拒绝区别（C2 工作区结果页）,WORKSPACE,element.class,Class,类别,界面文字（为本界面所写）,2934b01,#36,d6f89c1,d6f89c1,#26,,,,,,172,fixture/recheck ×131; fixture/item ×26; ws-compare:workspace/finding ×3; ws-notreeval:workspace/finding ×2; ws-single:workspace/finding ×2; ws-compare:workspace/result ×1,#/fixture/member-evidence/item/0/2/0,1,3. Which element ‹ Class › (IFC class),158,fixture/recheck ×116; fixture/item ×24; ws-compare:workspace/finding ×3; ws-newly:workspace/finding ×3; ws-single:workspace/finding ×3; ws-notreeval:workspace/finding ×2,#/fixture/member-evidence/item/0/2/0,1,三、是哪个构件 ‹ 类别 › IfcAirTerminal
E488,10-08,A,domain-517,D,PASS／FAIL／N/A／拒绝区别（C2 工作区结果页）,WORKSPACE,element.storey,Storey (IFC),楼层（IFC）,界面文字（为本界面所写）,2934b01,#36,d6f89c1,82aa943,#31,,#31 82aa943,,WORKSPACE.columns.storey,,15,ws-compare:workspace/finding ×3; ws-notreeval:workspace/finding ×2; ws-single:workspace/finding ×2; ws-compare:workspace/result ×1; ws-compare:workspace/compare ×1; ws-newly:workspace/result ×1,ws-compare:#/workspace/workspace,3,Class ‹ Storey (IFC) › Model,18,ws-compare:workspace/finding ×3; ws-newly:workspace/finding ×3; ws-single:workspace/finding ×3; ws-notreeval:workspace/finding ×2; ws-compare:workspace/result ×1; ws-compare:workspace/compare ×1,ws-compare:#/workspace/workspace,1,类别 ‹ 楼层（IFC） › 模型
E489,10-08,A,domain-517,D,PASS／FAIL／N/A／拒绝区别（C2 工作区结果页）,WORKSPACE,element.model,Model,所属模型,界面文字（为本界面所写）,2934b01,#36,d6f89c1,d6f89c1,#26,,,,,,192,fixture/recheck ×141; fixture/item ×26; fixture/result ×10; ws-compare:workspace/finding ×3; ws-notreeval:workspace/finding ×2; ws-single:workspace/finding ×2,#/fixture/recheck-requirement-relaxed,1,Role (from this request's handover) ‹ Model › Re-issued?,151,fixture/recheck ×116; fixture/item ×24; ws-compare:workspace/finding ×3; ws-newly:workspace/finding ×3; ws-single:workspace/finding ×3; ws-notreeval:workspace/finding ×2,#/fixture/member-evidence/item/0/2/0,1,00 groundfloor ‹ 所属模型 › hvac：本次交接中交出方的模型这是模型标识，不是专业声明
E490,10-08,A,domain-517,D,PASS／FAIL／N/A／拒绝区别（C2 工作区结果页）,WORKSPACE,element.file,Model file,模型文件,界面文字（为本界面所写）,2934b01,#36,d6f89c1,d6f89c1,#26,,,,,,8,ws-compare:workspace/finding ×3; ws-notreeval:workspace/finding ×2; ws-single:workspace/finding ×2; ws-newly:workspace/finding ×1,ws-compare:#/workspace/workspace/finding/76d69ece-295b-5b41-a7b3-9381efe80cd4,1,454425.1027891.979946.932083.2023772.884510.880034Copy ‹ Model file › Building-Hvac.ifc,11,ws-compare:workspace/finding ×3; ws-newly:workspace/finding ×3; ws-single:workspace/finding ×3; ws-notreeval:workspace/finding ×2,ws-compare:#/workspace/workspace/finding/76d69ece-295b-5b41-a7b3-9381efe80cd4,1,所属模型 ‹ 模型文件 › Building-Hvac.ifc
E491,10-08,A,domain-517,D,PASS／FAIL／N/A／拒绝区别（C2 工作区结果页）,WORKSPACE,element.globalId,GlobalId,GlobalId,界面文字（为本界面所写）,2934b01,#36,d6f89c1,d6f89c1,#26,,,,,,162,fixture/recheck ×131; fixture/item ×26; ws-compare:workspace/finding ×2; ws-newly:workspace/finding ×1; ws-notreeval:workspace/finding ×1; ws-single:workspace/finding ×1,#/fixture/member-evidence/item/0/2/0,1,The record gives no discipline; this interface does not infer one from a model identifier ‹ GlobalId › Copy,281,fixture/member ×134; fixture/recheck ×116; fixture/item ×24; ws-compare:workspace/finding ×2; ws-newly:workspace/finding ×2; ws-single:workspace/finding ×2,#/fixture/member-evidence/item/0/2/0,1,记录未提供专业信息；本界面不从模型标识推断专业 ‹ GlobalId › 复制
E492,10-08,B,domain-517,D,C2 复检对比（误读风险）,WORKSPACE_COMPARE,title,"Recheck comparison: the same check, two runs",复检对比：同一项检查，前后两次运行,界面文字（为本界面所写）,2934b01,#36,d6f89c1,d6f89c1,#26,,,,,,3,ws-compare:workspace/compare ×1; ws-newly:workspace/compare ×1; ws-notreeval:workspace/compare ×1,ws-compare:#/workspace/workspace/compare,1,"← Back to the list of results ‹ Recheck comparison: the same check, two runs › The pairs, the rows not re-evaluated and the newly appearing rows below are the returned data's; the",3,ws-compare:workspace/compare ×1; ws-newly:workspace/compare ×1; ws-notreeval:workspace/compare ×1,ws-compare:#/workspace/workspace/compare,1,← 返回结果列表 ‹ 复检对比：同一项检查，前后两次运行 › 下面的配对、未再评估和新出现都由返回数据给出，页面只计数和排列。
E493,10-08,B,domain-517,D,C2 复检对比（误读风险）,WORKSPACE_COMPARE,lede,"The pairs, the rows not re-evaluated and the newly appearing rows below are the returned data's; the page only counts and arranges them.",下面的配对、未再评估和新出现都由返回数据给出，页面只计数和排列。,界面文字（为本界面所写）,2934b01,#36,d6f89c1,d6f89c1,#26,,,,,,3,ws-compare:workspace/compare ×1; ws-newly:workspace/compare ×1; ws-notreeval:workspace/compare ×1,ws-compare:#/workspace/workspace/compare,1,"Recheck comparison: the same check, two runs ‹ The pairs, the rows not re-evaluated and the newly appearing rows below are the returned data's; the page only counts and arranges them. › These are the results of a check, not a handover judgement: the page says only whether each element",3,ws-compare:workspace/compare ×1; ws-newly:workspace/compare ×1; ws-notreeval:workspace/compare ×1,ws-compare:#/workspace/workspace/compare,1,复检对比：同一项检查，前后两次运行 ‹ 下面的配对、未再评估和新出现都由返回数据给出，页面只计数和排列。 › 这是一次检查的结果，不是交接判断：页面只说每个构件在每条要求下通过、不通过还是不适用，不对任何工作能否开始下结论。
E494,10-08,B,domain-517,D,C2 复检对比（误读风险）,WORKSPACE_COMPARE,runsHeading,The two runs,两次运行,界面文字（为本界面所写）,2934b01,#36,d6f89c1,d6f89c1,#26,,,,,,4,ws-compare:workspace/compare ×1; ws-newly:workspace/compare ×1; ws-notreeval:workspace/compare ×1; ws-refusal:workspace/result ×1,ws-compare:#/workspace/workspace/compare,5,"These are the results of a check, not a handover judgement: the page says only whether each element ‹ The two runs › The run named as the earlier one (given with --prior at start-up)",3,ws-compare:workspace/compare ×1; ws-newly:workspace/compare ×1; ws-notreeval:workspace/compare ×1,ws-compare:#/workspace/workspace/compare,1,这是一次检查的结果，不是交接判断：页面只说每个构件在每条要求下通过、不通过还是不适用，不对任何工作能否开始下结论。 ‹ 两次运行 › 被指定为前一次的运行（启动时用 --prior 指定）
E495,10-08,B,domain-517,D,C2 复检对比（误读风险）,WORKSPACE_COMPARE,prior,The run named as the earlier one (given with --prior at start-up),被指定为前一次的运行（启动时用 --prior 指定）,界面文字（为本界面所写）,2934b01,#36,d6f89c1,d6f89c1,#26,,,,,,3,ws-compare:workspace/compare ×1; ws-newly:workspace/compare ×1; ws-notreeval:workspace/compare ×1,ws-compare:#/workspace/workspace/compare,2,The two runs ‹ The run named as the earlier one (given with --prior at start-up) › Copy,3,ws-compare:workspace/compare ×1; ws-newly:workspace/compare ×1; ws-notreeval:workspace/compare ×1,ws-compare:#/workspace/workspace/compare,2,两次运行 ‹ 被指定为前一次的运行（启动时用 --prior 指定） › 复制
E496,10-08,B,domain-517,D,C2 复检对比（误读风险）,WORKSPACE_COMPARE,current,This run (given with --workspace at start-up),本次运行（启动时用 --workspace 指定）,界面文字（为本界面所写）,2934b01,#36,d6f89c1,d6f89c1,#26,,,,,,3,ws-compare:workspace/compare ×1; ws-newly:workspace/compare ×1; ws-notreeval:workspace/compare ×1,ws-compare:#/workspace/workspace/compare,2,product-validation-v1.0-07ab9cf0a489c395Copy ‹ This run (given with --workspace at start-up) › product-validation-v1.0-004684be6fb39dafCopy,3,ws-compare:workspace/compare ×1; ws-newly:workspace/compare ×1; ws-notreeval:workspace/compare ×1,ws-compare:#/workspace/workspace/compare,2,product-validation-v1.0-07ab9cf0a489c395复制 ‹ 本次运行（启动时用 --workspace 指定） › product-validation-v1.0-004684be6fb39daf复制
E497,10-08,B,domain-517,D,C2 复检对比（误读风险）,WORKSPACE_COMPARE,order,Which run came first is what the server was told at start-up; the returned data itself cannot prove the order.,哪一次在前，是启动服务器时的指定；返回数据本身不能证明先后。,界面文字（为本界面所写）,2934b01,#36,d6f89c1,d6f89c1,#26,,,,,,3,ws-compare:workspace/compare ×1; ws-newly:workspace/compare ×1; ws-notreeval:workspace/compare ×1,ws-compare:#/workspace/workspace/compare,1,"product-validation-v1.0-004684be6fb39dafCopy ‹ Which run came first is what the server was told at start-up; the returned data itself cannot prove the order. › The two runs have the same rule set, the same predicate for each requirement, the same checkers, the",3,ws-compare:workspace/compare ×1; ws-newly:workspace/compare ×1; ws-notreeval:workspace/compare ×1,ws-compare:#/workspace/workspace/compare,1,product-validation-v1.0-004684be6fb39daf复制 ‹ 哪一次在前，是启动服务器时的指定；返回数据本身不能证明先后。 › 两次运行的规则集、各条要求的谓词、检查程序、逻辑日期和模型组都相同；其中任何一项不同，系统都会拒绝对比，不给出任何一侧的结果。
E498,10-08,B,domain-517,D,C2 复检对比（误读风险）,WORKSPACE_COMPARE,same,"The two runs have the same rule set, the same predicate for each requirement, the same checkers, the same logical date and the same set of models; were any of them different, the system would refuse the comparison and give neither side's results.",两次运行的规则集、各条要求的谓词、检查程序、逻辑日期和模型组都相同；其中任何一项不同，系统都会拒绝对比，不给出任何一侧的结果。,界面文字（为本界面所写）,2934b01,#36,d6f89c1,d6f89c1,#26,,,,,,3,ws-compare:workspace/compare ×1; ws-newly:workspace/compare ×1; ws-notreeval:workspace/compare ×1,ws-compare:#/workspace/workspace/compare,1,"Which run came first is what the server was told at start-up; the returned data itself cannot prove ‹ The two runs have the same rule set, the same predicate for each requirement, the same checkers, the same logical date and the same set of models; were any of them different, the system would refuse the comparison and give neither side's results. › 1. What changed",3,ws-compare:workspace/compare ×1; ws-newly:workspace/compare ×1; ws-notreeval:workspace/compare ×1,ws-compare:#/workspace/workspace/compare,1,哪一次在前，是启动服务器时的指定；返回数据本身不能证明先后。 ‹ 两次运行的规则集、各条要求的谓词、检查程序、逻辑日期和模型组都相同；其中任何一项不同，系统都会拒绝对比，不给出任何一侧的结果。 › 一、什么变了
E499,10-08,B,domain-517,D,C2 复检对比（误读风险）,WORKSPACE_COMPARE,changedHeading,1. What changed,一、什么变了,界面文字（为本界面所写）,2934b01,#36,d6f89c1,d6f89c1,#26,,,,,,3,ws-compare:workspace/compare ×1; ws-newly:workspace/compare ×1; ws-notreeval:workspace/compare ×1,ws-compare:#/workspace/workspace/compare,1,"The two runs have the same rule set, the same predicate for each requirement, the same checkers, the ‹ 1. What changed › Results that differ between the runs: 1",3,ws-compare:workspace/compare ×1; ws-newly:workspace/compare ×1; ws-notreeval:workspace/compare ×1,ws-compare:#/workspace/workspace/compare,1,两次运行的规则集、各条要求的谓词、检查程序、逻辑日期和模型组都相同；其中任何一项不同，系统都会拒绝对比，不给出任何一侧的结果。 ‹ 一、什么变了 › 两次结果不同的：1 条
E500,10-08,B,domain-517,D,C2 复检对比（误读风险）,WORKSPACE_COMPARE,differs.one,Results that differ between the runs: {count},两次结果不同的：{count} 条,界面文字（为本界面所写）,2934b01,#36,2934b01,2934b01,#36,中文是该提交新写的,,,,,3,ws-compare:workspace/compare ×1; ws-newly:workspace/compare ×1; ws-notreeval:workspace/compare ×1,ws-compare:#/workspace/workspace/compare,1,1. What changed ‹ Results that differ between the runs: 1 › Fail,0,（模板，固定文字太少，没有按页面匹配）,,0,
E501,10-08,B,domain-517,D,C2 复检对比（误读风险）,WORKSPACE_COMPARE,differs.other,Results that differ between the runs: {count},两次结果不同的：{count} 条,界面文字（为本界面所写）,2934b01,#36,2934b01,2934b01,#36,中文是该提交新写的,,,,,3,ws-compare:workspace/compare ×1; ws-newly:workspace/compare ×1; ws-notreeval:workspace/compare ×1,ws-compare:#/workspace/workspace/compare,1,1. What changed ‹ Results that differ between the runs: 1 › Fail,0,（模板，固定文字太少，没有按页面匹配）,,0,
E502,10-08,B,domain-517,D,C2 复检对比（误读风险）,WORKSPACE_COMPARE,differsNone,No result differs between the runs.,没有两次结果不同的。,界面文字（为本界面所写）,2934b01,#36,d6f89c1,d6f89c1,#26,,,,,,2,ws-newly:workspace/compare ×1; ws-notreeval:workspace/compare ×1,ws-newly:#/workspace/workspace/compare,1,Results that differ between the runs: 0 ‹ No result differs between the runs. › Results that are the same in both runs: 2,2,ws-newly:workspace/compare ×1; ws-notreeval:workspace/compare ×1,ws-newly:#/workspace/workspace/compare,1,两次结果不同的：0 条 ‹ 没有两次结果不同的。 › 两次结果相同的：2 条
E503,10-08,B,domain-517,D,C2 复检对比（误读风险）,WORKSPACE_COMPARE,unchanged.one,Results that are the same in both runs: {count},两次结果相同的：{count} 条,界面文字（为本界面所写）,2934b01,#36,2934b01,2934b01,#36,中文是该提交新写的,,,,,12,ws-compare:workspace/finding ×3; ws-notreeval:workspace/finding ×2; ws-compare:workspace/result ×1; ws-compare:workspace/compare ×1; ws-newly:workspace/result ×1; ws-newly:workspace/compare ×1,ws-compare:#/workspace/workspace,1,Fail → Pass: 1 row ‹ Results that are the same in both runs: 2 › See the comparison with the earlier run,0,（模板，固定文字太少，没有按页面匹配）,,0,
E504,10-08,B,domain-517,D,C2 复检对比（误读风险）,WORKSPACE_COMPARE,unchanged.other,Results that are the same in both runs: {count},两次结果相同的：{count} 条,界面文字（为本界面所写）,2934b01,#36,2934b01,2934b01,#36,中文是该提交新写的,,,,,12,ws-compare:workspace/finding ×3; ws-notreeval:workspace/finding ×2; ws-compare:workspace/result ×1; ws-compare:workspace/compare ×1; ws-newly:workspace/result ×1; ws-newly:workspace/compare ×1,ws-compare:#/workspace/workspace,1,Fail → Pass: 1 row ‹ Results that are the same in both runs: 2 › See the comparison with the earlier run,0,（模板，固定文字太少，没有按页面匹配）,,0,
E505,10-08,B,domain-517,D,C2 复检对比（误读风险）,WORKSPACE_COMPARE,unchangedNone,No result is the same in both runs.,没有两次结果相同的。,界面文字（为本界面所写）,2934b01,#36,d6f89c1,d6f89c1,#26,,,,,,0,,,0,,0,,,0,
E506,10-08,B,domain-517,D,C2 复检对比（误读风险）,WORKSPACE_COMPARE,transition.one,{prior} → {current}: {count} row,{prior} → {current}：{count} 条,界面文字（为本界面所写）,2934b01,#36,2934b01,2934b01,#36,,,,,,0,（模板，固定文字太少，没有按页面匹配）,,0,,0,（模板，固定文字太少，没有按页面匹配）,,0,
E507,10-08,B,domain-517,D,C2 复检对比（误读风险）,WORKSPACE_COMPARE,transition.other,{prior} → {current}: {count} rows,{prior} → {current}：{count} 条,界面文字（为本界面所写）,2934b01,#36,2934b01,2934b01,#36,,,,,,0,（模板，固定文字太少，没有按页面匹配）,,0,,0,（模板，固定文字太少，没有按页面匹配）,,0,
E508,10-08,B,domain-517,D,C2 复检对比（误读风险）,WORKSPACE_COMPARE,rows.one,{count} row,{count} 条,界面文字（为本界面所写）,2934b01,#36,2934b01,2934b01,#36,,,,,,0,（模板，固定文字太少，没有按页面匹配）,,0,,0,（模板，固定文字太少，没有按页面匹配）,,0,
E509,10-08,B,domain-517,D,C2 复检对比（误读风险）,WORKSPACE_COMPARE,rows.other,{count} rows,{count} 条,界面文字（为本界面所写）,2934b01,#36,2934b01,2934b01,#36,,,,,,0,（模板，固定文字太少，没有按页面匹配）,,0,,0,（模板，固定文字太少，没有按页面匹配）,,0,
E510,10-08,B,domain-517,D,C2 复检对比（误读风险）,WORKSPACE_COMPARE,notReEvaluated.label.one,With a result in the earlier run only (not re-evaluated this time): {count},只在前一次有结果的（本次没有再评估）：{count} 条,界面文字（为本界面所写）,2934b01,#36,2934b01,2934b01,#36,中文是该提交新写的,,,,,3,ws-compare:workspace/compare ×1; ws-newly:workspace/compare ×1; ws-notreeval:workspace/compare ×1,ws-compare:#/workspace/workspace/compare,1,architecture (Architecture) ‹ With a result in the earlier run only (not re-evaluated this time): 0 › With a result in this run only (newly appearing): 0,3,ws-compare:workspace/compare ×1; ws-newly:workspace/compare ×1; ws-notreeval:workspace/compare ×1,ws-compare:#/workspace/workspace/compare,1,architecture（Architecture） ‹ 只在前一次有结果的（本次没有再评估）：0 条 › 只在本次有结果的（新出现）：0 条
E511,10-08,B,domain-517,D,C2 复检对比（误读风险）,WORKSPACE_COMPARE,notReEvaluated.label.other,With a result in the earlier run only (not re-evaluated this time): {count},只在前一次有结果的（本次没有再评估）：{count} 条,界面文字（为本界面所写）,2934b01,#36,2934b01,2934b01,#36,中文是该提交新写的,,,,,3,ws-compare:workspace/compare ×1; ws-newly:workspace/compare ×1; ws-notreeval:workspace/compare ×1,ws-compare:#/workspace/workspace/compare,1,architecture (Architecture) ‹ With a result in the earlier run only (not re-evaluated this time): 0 › With a result in this run only (newly appearing): 0,3,ws-compare:workspace/compare ×1; ws-newly:workspace/compare ×1; ws-notreeval:workspace/compare ×1,ws-compare:#/workspace/workspace/compare,1,architecture（Architecture） ‹ 只在前一次有结果的（本次没有再评估）：0 条 › 只在本次有结果的（新出现）：0 条
E512,10-08,B,domain-517,D,C2 复检对比（误读风险）,WORKSPACE_COMPARE,notReEvaluated.note,These have a result from the earlier run only and were not re-evaluated this time. They are not passes.,这些只有前一次的结果，本次没有再评估。它们不是通过。,界面文字（为本界面所写）,2934b01,#36,d6f89c1,d6f89c1,#26,,,,,,1,ws-notreeval:workspace/compare ×1,ws-notreeval:#/workspace/workspace/compare,1,With a result in the earlier run only (not re-evaluated this time): 1 ‹ These have a result from the earlier run only and were not re-evaluated this time. They are not passes. › Model file version differs,1,ws-notreeval:workspace/compare ×1,ws-notreeval:#/workspace/workspace/compare,1,只在前一次有结果的（本次没有再评估）：1 条 ‹ 这些只有前一次的结果，本次没有再评估。它们不是通过。 › 模型文件版本不同
E513,10-08,B,domain-517,D,C2 复检对比（误读风险）,WORKSPACE_COMPARE,newlyAppearing.label.one,With a result in this run only (newly appearing): {count},只在本次有结果的（新出现）：{count} 条,界面文字（为本界面所写）,2934b01,#36,2934b01,2934b01,#36,中文是该提交新写的,,,,,3,ws-compare:workspace/compare ×1; ws-newly:workspace/compare ×1; ws-notreeval:workspace/compare ×1,ws-compare:#/workspace/workspace/compare,1,With a result in the earlier run only (not re-evaluated this time): 0 ‹ With a result in this run only (newly appearing): 0 › 2. Why it changed: what the returned data can say,3,ws-compare:workspace/compare ×1; ws-newly:workspace/compare ×1; ws-notreeval:workspace/compare ×1,ws-compare:#/workspace/workspace/compare,1,只在前一次有结果的（本次没有再评估）：0 条 ‹ 只在本次有结果的（新出现）：0 条 › 二、为什么会变：返回数据能说明的部分
E514,10-08,B,domain-517,D,C2 复检对比（误读风险）,WORKSPACE_COMPARE,newlyAppearing.label.other,With a result in this run only (newly appearing): {count},只在本次有结果的（新出现）：{count} 条,界面文字（为本界面所写）,2934b01,#36,2934b01,2934b01,#36,中文是该提交新写的,,,,,3,ws-compare:workspace/compare ×1; ws-newly:workspace/compare ×1; ws-notreeval:workspace/compare ×1,ws-compare:#/workspace/workspace/compare,1,With a result in the earlier run only (not re-evaluated this time): 0 ‹ With a result in this run only (newly appearing): 0 › 2. Why it changed: what the returned data can say,3,ws-compare:workspace/compare ×1; ws-newly:workspace/compare ×1; ws-notreeval:workspace/compare ×1,ws-compare:#/workspace/workspace/compare,1,只在前一次有结果的（本次没有再评估）：0 条 ‹ 只在本次有结果的（新出现）：0 条 › 二、为什么会变：返回数据能说明的部分
E515,10-08,B,domain-517,D,C2 复检对比（误读风险）,WORKSPACE_COMPARE,newlyAppearing.note,The earlier run did not have these results.,这些结果前一次没有。,界面文字（为本界面所写）,2934b01,#36,d6f89c1,d6f89c1,#26,,,,,,1,ws-newly:workspace/compare ×1,ws-newly:#/workspace/workspace/compare,1,With a result in this run only (newly appearing): 1 ‹ The earlier run did not have these results. › 454425.1027891.979946.932083.2023772.884510.880033,1,ws-newly:workspace/compare ×1,ws-newly:#/workspace/workspace/compare,1,只在本次有结果的（新出现）：1 条 ‹ 这些结果前一次没有。 › 454425.1027891.979946.932083.2023772.884510.880033
E516,10-08,B,domain-517,D,C2 复检对比（误读风险）,WORKSPACE_COMPARE,inCurrent.true,The element is still in this run's list of elements,构件还在本次的构件清单里,界面文字（为本界面所写）,2934b01,#36,d6f89c1,d6f89c1,#26,,,,,,0,,,0,,0,,,0,
E517,10-08,B,domain-517,D,C2 复检对比（误读风险）,WORKSPACE_COMPARE,inCurrent.false,The element is not in this run's list of elements,构件不在本次的构件清单里,界面文字（为本界面所写）,2934b01,#36,d6f89c1,d6f89c1,#26,,,,,,1,ws-notreeval:workspace/compare ×1,ws-notreeval:#/workspace/workspace/compare,1,chimney cover ‹ The element is not in this run's list of elements › With a result in this run only (newly appearing): 0,1,ws-notreeval:workspace/compare ×1,ws-notreeval:#/workspace/workspace/compare,1,chimney cover ‹ 构件不在本次的构件清单里 › 只在本次有结果的（新出现）：0 条
E518,10-08,B,domain-517,D,C2 复检对比（误读风险）,WORKSPACE_COMPARE,inCurrent.null,"A result for the whole model, not for an element",整个模型的一条结果，不针对构件,界面文字（为本界面所写）,2934b01,#36,d6f89c1,d6f89c1,#26,,,,WORKSPACE_COMPARE.inPrior.null,WORKSPACE_COMPARE.inPrior.null,0,,,0,,0,,,0,
E519,10-08,B,domain-517,D,C2 复检对比（误读风险）,WORKSPACE_COMPARE,inPrior.true,The element is in the earlier run's list of elements,构件在前一次的构件清单里,界面文字（为本界面所写）,2934b01,#36,d6f89c1,d6f89c1,#26,,,,,,0,,,0,,0,,,0,
E520,10-08,B,domain-517,D,C2 复检对比（误读风险）,WORKSPACE_COMPARE,inPrior.false,The element is not in the earlier run's list of elements,构件不在前一次的构件清单里,界面文字（为本界面所写）,2934b01,#36,d6f89c1,d6f89c1,#26,,,,,,0,,,0,,1,ws-newly:workspace/finding ×1,ws-newly:#/workspace/workspace/finding/43907325-dccd-5b20-bc26-b401fad0f039,1,前一次运行没有这一条结果：它是新出现的。 ‹ 构件不在前一次的构件清单里 › 追溯信息：这条结果的内部键
E521,10-08,B,domain-517,D,C2 复检对比（误读风险）,WORKSPACE_COMPARE,inPrior.null,"A result for the whole model, not for an element",整个模型的一条结果，不针对构件,界面文字（为本界面所写）,2934b01,#36,d6f89c1,d6f89c1,#26,,,,WORKSPACE_COMPARE.inCurrent.null,WORKSPACE_COMPARE.inCurrent.null,0,,,0,,0,,,0,
E522,10-08,B,domain-517,D,C2 复检对比（误读风险）,WORKSPACE_COMPARE,whyHeading,2. Why it changed: what the returned data can say,二、为什么会变：返回数据能说明的部分,界面文字（为本界面所写）,2934b01,#36,d6f89c1,d6f89c1,#26,,,,,,3,ws-compare:workspace/compare ×1; ws-newly:workspace/compare ×1; ws-notreeval:workspace/compare ×1,ws-compare:#/workspace/workspace/compare,1,With a result in this run only (newly appearing): 0 ‹ 2. Why it changed: what the returned data can say › Models whose content changed between the runs (listed by the returned data):,3,ws-compare:workspace/compare ×1; ws-newly:workspace/compare ×1; ws-notreeval:workspace/compare ×1,ws-compare:#/workspace/workspace/compare,1,只在本次有结果的（新出现）：0 条 ‹ 二、为什么会变：返回数据能说明的部分 › 两次之间内容变了的模型（返回数据列出）：
E523,10-08,B,domain-517,D,C2 复检对比（误读风险）,WORKSPACE_COMPARE,changedModels,Models whose content changed between the runs (listed by the returned data):,两次之间内容变了的模型（返回数据列出）：,界面文字（为本界面所写）,2934b01,#36,d6f89c1,d6f89c1,#26,,,,,,3,ws-compare:workspace/compare ×1; ws-newly:workspace/compare ×1; ws-notreeval:workspace/compare ×1,ws-compare:#/workspace/workspace/compare,1,2. Why it changed: what the returned data can say ‹ Models whose content changed between the runs (listed by the returned data): › hvac (HVAC) Building-Hvac.ifcFile content digest (SHA-256): 11a8552bc555… → 326408623cd8…,3,ws-compare:workspace/compare ×1; ws-newly:workspace/compare ×1; ws-notreeval:workspace/compare ×1,ws-compare:#/workspace/workspace/compare,1,二、为什么会变：返回数据能说明的部分 ‹ 两次之间内容变了的模型（返回数据列出）： › hvac（HVAC） Building-Hvac.ifc文件内容摘要（SHA-256）：11a8552bc555… → 326408623cd8…
E524,10-08,B,domain-517,D,C2 复检对比（误读风险）,WORKSPACE_COMPARE,noChangedModels,The returned data lists no model whose content changed: both runs read the same model files.,返回数据没有列出内容变了的模型：两次读的是同样的模型文件。,界面文字（为本界面所写）,2934b01,#36,d6f89c1,d6f89c1,#26,,,,,,0,,,0,,0,,,0,
E525,10-08,B,domain-517,D,C2 复检对比（误读风险）,WORKSPACE_COMPARE,unchangedModels,Models whose content did not change:,内容未变的模型：,界面文字（为本界面所写）,2934b01,#36,d6f89c1,d6f89c1,#26,,,,,,3,ws-compare:workspace/compare ×1; ws-newly:workspace/compare ×1; ws-notreeval:workspace/compare ×1,ws-compare:#/workspace/workspace/compare,1,"hvac (HVAC) Building-Hvac.ifcFile content digest (SHA-256): 11a8552bc555… → 326408623cd8… ‹ Models whose content did not change: architecture (Architecture) › The two runs have the same rule set, requirement predicates, checkers and logical date. Of the input",0,,,0,
E526,10-08,B,domain-517,D,C2 复检对比（误读风险）,WORKSPACE_COMPARE,why,"The two runs have the same rule set, requirement predicates, checkers and logical date. Of the inputs the returned data compared, the only difference between the runs is the content of the model files listed above; what changed inside those files, the returned data does not list item by item.",两次的规则集、要求谓词、检查程序和逻辑日期都相同。在返回数据比较过的这些输入里，两次之间不同的只有上面列出的模型文件内容；模型文件里改了哪些地方，返回数据没有逐项列出。,界面文字（为本界面所写）,2934b01,#36,d6f89c1,d6f89c1,#26,,,,,,3,ws-compare:workspace/compare ×1; ws-newly:workspace/compare ×1; ws-notreeval:workspace/compare ×1,ws-compare:#/workspace/workspace/compare,1,"Models whose content did not change: architecture (Architecture) ‹ The two runs have the same rule set, requirement predicates, checkers and logical date. Of the inputs the returned data compared, the only difference between the runs is the content of the model files listed above; what changed inside those files, the returned data does not list item by item. › 3. What evidence is still missing",3,ws-compare:workspace/compare ×1; ws-newly:workspace/compare ×1; ws-notreeval:workspace/compare ×1,ws-compare:#/workspace/workspace/compare,1,内容未变的模型： architecture（Architecture） ‹ 两次的规则集、要求谓词、检查程序和逻辑日期都相同。在返回数据比较过的这些输入里，两次之间不同的只有上面列出的模型文件内容；模型文件里改了哪些地方，返回数据没有逐项列出。 › 三、还缺什么证据
E527,10-08,B,domain-517,D,C2 复检对比（误读风险）,WORKSPACE_COMPARE,notInData,"What was changed in Revit, who decided the value and who made the change, the returned data does not record.",在 Revit 里改了什么、取值由谁决定、由谁操作，返回数据没有记录。,界面文字（为本界面所写）,2934b01,#36,d6f89c1,d6f89c1,#26,,,,,,3,ws-compare:workspace/compare ×1; ws-newly:workspace/compare ×1; ws-notreeval:workspace/compare ×1,ws-compare:#/workspace/workspace/compare,1,"3. What evidence is still missing ‹ What was changed in Revit, who decided the value and who made the change, the returned data does not record. › The opening in the wall the air terminal sits in: a coordination-review determination is needed, mad",3,ws-compare:workspace/compare ×1; ws-newly:workspace/compare ×1; ws-notreeval:workspace/compare ×1,ws-compare:#/workspace/workspace/compare,1,三、还缺什么证据 ‹ 在 Revit 里改了什么、取值由谁决定、由谁操作，返回数据没有记录。 › 风口所在的墙上的洞口：需要对照风口所在的模型和这面墙所属的模型做协调评审判定；这项检查不比较两个模型的构件。
E528,10-08,B,domain-517,D,C2 复检对比（误读风险）,WORKSPACE_COMPARE,gapsHeading,3. What evidence is still missing,三、还缺什么证据,界面文字（为本界面所写）,2934b01,#36,d6f89c1,d6f89c1,#26,,,,,,3,ws-compare:workspace/compare ×1; ws-newly:workspace/compare ×1; ws-notreeval:workspace/compare ×1,ws-compare:#/workspace/workspace/compare,1,"The two runs have the same rule set, requirement predicates, checkers and logical date. Of the input ‹ 3. What evidence is still missing › What was changed in Revit, who decided the value and who made the change, the returned data does not",3,ws-compare:workspace/compare ×1; ws-newly:workspace/compare ×1; ws-notreeval:workspace/compare ×1,ws-compare:#/workspace/workspace/compare,1,两次的规则集、要求谓词、检查程序和逻辑日期都相同。在返回数据比较过的这些输入里，两次之间不同的只有上面列出的模型文件内容；模型文件里改了哪些地方，返回数据没有逐项列出。 ‹ 三、还缺什么证据 › 在 Revit 里改了什么、取值由谁决定、由谁操作，返回数据没有记录。
E529,10-08,B,domain-517,D,C2 复检对比（误读风险）,WORKSPACE_COMPARE,passLink,What a pass proves and does not prove: see the details of the passing results.,一条通过证明了什么、没证明什么，见通过那几条的详情。,界面文字（为本界面所写）,2934b01,#36,d6f89c1,d6f89c1,#26,,,,,,1,ws-compare:workspace/compare ×1,ws-compare:#/workspace/workspace/compare,1,"454425.1027891.979946.932083.2023772.884510.880033 chimney cover ‹ What a pass proves and does not prove: see the details of the passing results. 454425.1027891.979946.932083.2023772.884510.880033 chimney cover › Tracing: this check's run identifier, rule set version and model files",1,ws-compare:workspace/compare ×1,ws-compare:#/workspace/workspace/compare,1,454425.1027891.979946.932083.2023772.884510.880033 chimney cover ‹ 一条通过证明了什么、没证明什么，见通过那几条的详情。 454425.1027891.979946.932083.2023772.884510.880033 chimney cover › 追溯信息：这次检查的运行号、规则集版本与模型文件
E530,10-08,B,domain-517,D,C2 复检对比（误读风险）,WORKSPACE_COMPARE,open,Open,查看,界面文字（为本界面所写）,2934b01,#36,d6f89c1,d6f89c1,#26,,,,,,3,ws-compare:workspace/compare ×1; ws-newly:workspace/compare ×1; ws-notreeval:workspace/compare ×1,ws-compare:#/workspace/workspace/compare,1,hvac (HVAC) ‹ Open › Results that are the same in both runs: 2,3,ws-compare:workspace/compare ×1; ws-newly:workspace/compare ×1; ws-notreeval:workspace/compare ×1,ws-compare:#/workspace/workspace/compare,1,hvac（HVAC） ‹ 查看 › 两次结果相同的：2 条
E531,10-08,B,domain-517,D,C2 复检对比（误读风险）,WORKSPACE_COMPARE,detailHeading,Compared with the earlier run,和前一次运行比,界面文字（为本界面所写）,2934b01,#36,d6f89c1,d6f89c1,#26,,,,,,6,ws-compare:workspace/finding ×3; ws-notreeval:workspace/finding ×2; ws-newly:workspace/finding ×1,ws-compare:#/workspace/workspace/finding/76d69ece-295b-5b41-a7b3-9381efe80cd4,1,Empty in the check result. ‹ Compared with the earlier run › Earlier result,8,ws-compare:workspace/finding ×3; ws-newly:workspace/finding ×3; ws-notreeval:workspace/finding ×2,ws-compare:#/workspace/workspace/finding/76d69ece-295b-5b41-a7b3-9381efe80cd4,1,检查结果中为空。 ‹ 和前一次运行比 › 前一次的结果
E532,10-08,B,domain-517,D,C2 复检对比（误读风险）,WORKSPACE_COMPARE,detailPrior,Earlier result,前一次的结果,界面文字（为本界面所写）,2934b01,#36,d6f89c1,d6f89c1,#26,,,,,,6,ws-compare:workspace/finding ×3; ws-notreeval:workspace/finding ×2; ws-newly:workspace/finding ×1,ws-compare:#/workspace/workspace/finding/76d69ece-295b-5b41-a7b3-9381efe80cd4,1,Compared with the earlier run ‹ Earlier result › This result,7,ws-compare:workspace/finding ×3; ws-newly:workspace/finding ×2; ws-notreeval:workspace/finding ×2,ws-compare:#/workspace/workspace/finding/76d69ece-295b-5b41-a7b3-9381efe80cd4,1,和前一次运行比 ‹ 前一次的结果 › 本次的结果
E533,10-08,B,domain-517,D,C2 复检对比（误读风险）,WORKSPACE_COMPARE,detailCurrent,This result,本次的结果,界面文字（为本界面所写）,2934b01,#36,d6f89c1,d6f89c1,#26,,,,,,6,ws-compare:workspace/finding ×3; ws-notreeval:workspace/finding ×2; ws-newly:workspace/finding ×1,ws-compare:#/workspace/workspace/finding/76d69ece-295b-5b41-a7b3-9381efe80cd4,1,Earlier result ‹ This result › Earlier reason (as written),7,ws-compare:workspace/finding ×3; ws-newly:workspace/finding ×2; ws-notreeval:workspace/finding ×2,ws-compare:#/workspace/workspace/finding/76d69ece-295b-5b41-a7b3-9381efe80cd4,1,前一次的结果 ‹ 本次的结果 › 前一次的原因（原文）
E534,10-08,B,domain-517,D,C2 复检对比（误读风险）,WORKSPACE_COMPARE,detailNewly,The earlier run has no such result: it is newly appearing.,前一次运行没有这一条结果：它是新出现的。,界面文字（为本界面所写）,2934b01,#36,d6f89c1,d6f89c1,#26,,,,,,0,,,0,,1,ws-newly:workspace/finding ×1,ws-newly:#/workspace/workspace/finding/43907325-dccd-5b20-bc26-b401fad0f039,1,和前一次运行比 ‹ 前一次运行没有这一条结果：它是新出现的。 › 构件不在前一次的构件清单里
E535,10-08,B,domain-517,D,C2 复检对比（误读风险）,WORKSPACE_COMPARE,detailNone,The returned data's comparison does not include this result.,返回数据的对比里没有这一条。,界面文字（为本界面所写）,2934b01,#36,d6f89c1,d6f89c1,#26,,,,,,0,,,0,,0,,,0,
E536,10-08,B,domain-517,D,C2 复检对比（误读风险）,WORKSPACE_COMPARE,priorReason,Earlier reason (as written),前一次的原因（原文）,界面文字（为本界面所写）,2934b01,#36,d6f89c1,d6f89c1,#26,,,,,,6,ws-compare:workspace/finding ×3; ws-notreeval:workspace/finding ×2; ws-newly:workspace/finding ×1,ws-compare:#/workspace/workspace/finding/76d69ece-295b-5b41-a7b3-9381efe80cd4,1,This result ‹ Earlier reason (as written) › This reason (as written),7,ws-compare:workspace/finding ×3; ws-newly:workspace/finding ×2; ws-notreeval:workspace/finding ×2,ws-compare:#/workspace/workspace/finding/76d69ece-295b-5b41-a7b3-9381efe80cd4,1,本次的结果 ‹ 前一次的原因（原文） › 本次的原因（原文）
E537,10-08,B,domain-517,D,C2 复检对比（误读风险）,WORKSPACE_COMPARE,currentReason,This reason (as written),本次的原因（原文）,界面文字（为本界面所写）,2934b01,#36,d6f89c1,d6f89c1,#26,,,,,,6,ws-compare:workspace/finding ×3; ws-notreeval:workspace/finding ×2; ws-newly:workspace/finding ×1,ws-compare:#/workspace/workspace/finding/76d69ece-295b-5b41-a7b3-9381efe80cd4,1,Earlier reason (as written) ‹ This reason (as written) › Tracing: this result's internal keys,7,ws-compare:workspace/finding ×3; ws-newly:workspace/finding ×2; ws-notreeval:workspace/finding ×2,ws-compare:#/workspace/workspace/finding/76d69ece-295b-5b41-a7b3-9381efe80cd4,1,前一次的原因（原文） ‹ 本次的原因（原文） › 追溯信息：这条结果的内部键
E538,10-08,B,domain-517,D,C2 复检对比（误读风险）,WORKSPACE_COMPARE,noComparison,"The server was started without an earlier run, so there is no comparison. To compare, add --prior at start-up.",服务器启动时没有指定前一次运行，所以没有对比。要对比，启动时加上 --prior。,界面文字（为本界面所写）,2934b01,#36,d6f89c1,d6f89c1,#26,,,,,,0,,,0,,0,,,0,
E539,10-08,B,domain-517,D,C2 复检对比（误读风险）,WORKSPACE_COMPARE,elementMissing,The returned data has nothing readable about this element,返回数据没有这个构件的可读信息,界面文字（为本界面所写）,2934b01,#36,d6f89c1,d6f89c1,#26,,,,,,0,,,0,,0,,,0,
E540,10-15,,domain-517,D,首页第三入口（真实检查）,WORKSPACE_HOME,title,See a real check,查看一次真实检查,界面文字（为本界面所写）,39ae8ba,#33,d6f89c1,d6f89c1,#26,,,,,,5,home ×5,ws-compare:#/,1,What you can do now ‹ See a real check › The server was started with a workspace holding a check that has already run: each element's result,4,home ×4,ws-compare:#/,1,现在可以做什么 ‹ 查看一次真实检查 › 启动服务器时指定了一个工作区，里面是一次已经跑完的检查：每个构件在每条要求下的结果。若同时指定了前一次运行，还可以看两次的前后对比。这里只有检查结果，没有交接判断。页面只查看这次已经跑完的检查，不能在
E541,10-15,,domain-517,D,首页第三入口（真实检查）,WORKSPACE_HOME,body,"The server was started with a workspace holding a check that has already run: each element's result under each requirement. If an earlier run was named as well, the two can be compared. There are check results only here, no handover judgement. This page only shows the check that has already run; you cannot choose or change a model on it.",启动服务器时指定了一个工作区，里面是一次已经跑完的检查：每个构件在每条要求下的结果。若同时指定了前一次运行，还可以看两次的前后对比。这里只有检查结果，没有交接判断。页面只查看这次已经跑完的检查，不能在页面上选择或更换模型。,界面文字（为本界面所写）,39ae8ba,#33,d6f89c1,82aa943,#31,,#31 82aa943,,,,5,home ×5,ws-compare:#/,1,"See a real check ‹ The server was started with a workspace holding a check that has already run: each element's result under each requirement. If an earlier run was named as well, the two can be compared. There are check results only here, no handover judgement. This page only shows the check that has already run; you cannot choose or change a model on it. › See this check",4,home ×4,ws-compare:#/,1,查看一次真实检查 ‹ 启动服务器时指定了一个工作区，里面是一次已经跑完的检查：每个构件在每条要求下的结果。若同时指定了前一次运行，还可以看两次的前后对比。这里只有检查结果，没有交接判断。页面只查看这次已经跑完的检查，不能在页面上选择或更换模型。 › 查看这次检查
E542,10-15,,domain-517,D,首页第三入口（真实检查）,WORKSPACE_HOME,action,See this check,查看这次检查,界面文字（为本界面所写）,39ae8ba,#33,d6f89c1,d6f89c1,#26,,,,,,6,home ×6,#/,2,The repository comes with a sample project. The check attempt on it did not start an assessment; thi ‹ See this check attempt › What you cannot do yet,4,home ×4,ws-compare:#/,1,启动服务器时指定了一个工作区，里面是一次已经跑完的检查：每个构件在每条要求下的结果。若同时指定了前一次运行，还可以看两次的前后对比。这里只有检查结果，没有交接判断。页面只查看这次已经跑完的检查，不能在 ‹ 查看这次检查 › 看一个模拟示例
E543,10-15,,domain-517,D,首页第三入口（真实检查）,WORKSPACE_HOME,unknown,Could not confirm whether the server was started with a workspace (that does not mean there is none). The error:,未能确认服务器是否指定了工作区（不等于没有工作区）。错误原文：,界面文字（为本界面所写）,39ae8ba,#33,d6f89c1,82aa943,#31,,#31 82aa943,,,,0,,,0,,0,,,0,
E544,10-08,A,domain-517,D,PASS／FAIL／N/A／拒绝区别（拒绝页）,WORKSPACE_REFUSAL,title,These two runs cannot be compared,这两次运行不能对比,界面文字（为本界面所写）,2934b01,#36,d6f89c1,d6f89c1,#26,,,,,,1,ws-refusal:workspace/result ×1,ws-refusal:#/workspace/workspace,1,‹ These two runs cannot be compared › The system refused this comparison and listed every reason. This is an answer about the request's co,1,ws-refusal:workspace/result ×1,ws-refusal:#/workspace/workspace,1,‹ 这两次运行不能对比 › 系统拒绝了这次对比，并列出了全部原因。这是对请求条件的答复，不是程序故障，也不是检查结果：任何一侧的检查结果都没有返回。
E545,10-08,A,domain-517,D,PASS／FAIL／N/A／拒绝区别（拒绝页）,WORKSPACE_REFUSAL,lede,The system refused this comparison and listed every reason. This is an answer about the request's conditions — not a program fault and not a check result: neither side's results were returned.,系统拒绝了这次对比，并列出了全部原因。这是对请求条件的答复，不是程序故障，也不是检查结果：任何一侧的检查结果都没有返回。,界面文字（为本界面所写）,2934b01,#36,d6f89c1,d6f89c1,#26,,,,,,1,ws-refusal:workspace/result ×1,ws-refusal:#/workspace/workspace,1,These two runs cannot be compared ‹ The system refused this comparison and listed every reason. This is an answer about the request's conditions — not a program fault and not a check result: neither side's results were returned. › Why they cannot be compared,1,ws-refusal:workspace/result ×1,ws-refusal:#/workspace/workspace,1,这两次运行不能对比 ‹ 系统拒绝了这次对比，并列出了全部原因。这是对请求条件的答复，不是程序故障，也不是检查结果：任何一侧的检查结果都没有返回。 › 为什么不能对比
E546,10-08,A,domain-517,D,PASS／FAIL／N/A／拒绝区别（拒绝页）,WORKSPACE_REFUSAL,reasonsHeading,Why they cannot be compared,为什么不能对比,界面文字（为本界面所写）,2934b01,#36,d6f89c1,d6f89c1,#26,,,,,,1,ws-refusal:workspace/result ×1,ws-refusal:#/workspace/workspace,1,The system refused this comparison and listed every reason. This is an answer about the request's co ‹ Why they cannot be compared › The two runs did not use the same rule set. ruleset-id-differs,1,ws-refusal:workspace/result ×1,ws-refusal:#/workspace/workspace,1,系统拒绝了这次对比，并列出了全部原因。这是对请求条件的答复，不是程序故障，也不是检查结果：任何一侧的检查结果都没有返回。 ‹ 为什么不能对比 › 两次用的不是同一个规则集。 ruleset-id-differs
E547,10-08,A,domain-517,D,PASS／FAIL／N/A／拒绝区别（拒绝页）,WORKSPACE_REFUSAL,actionHeading,What a comparison needs,要能对比，需要什么,界面文字（为本界面所写）,2934b01,#36,d6f89c1,d6f89c1,#26,,,,,,1,ws-refusal:workspace/result ×1,ws-refusal:#/workspace/workspace,1,"The two runs used different checkers, versions or configuration. checker-differs ‹ What a comparison needs › Both runs must use the same rule set (the same version and content), the same set of requirements, t",1,ws-refusal:workspace/result ×1,ws-refusal:#/workspace/workspace,1,两次的检查程序、版本或配置不同。 checker-differs ‹ 要能对比，需要什么 › 两次运行要用同一规则集（同一版本、同一内容）、同一组要求、同一检查程序、同一逻辑日期和同一组模型；两次之间只能是模型文件的内容不同。
E548,10-08,A,domain-517,D,PASS／FAIL／N/A／拒绝区别（拒绝页）,WORKSPACE_REFUSAL,action[0],"Both runs must use the same rule set (the same version and content), the same set of requirements, the same checkers, the same logical date and the same set of models; between the runs only the content of the model files may differ.",两次运行要用同一规则集（同一版本、同一内容）、同一组要求、同一检查程序、同一逻辑日期和同一组模型；两次之间只能是模型文件的内容不同。,界面文字（为本界面所写）,2934b01,#36,d6f89c1,d6f89c1,#26,,,,,,1,ws-refusal:workspace/result ×1,ws-refusal:#/workspace/workspace,1,"What a comparison needs ‹ Both runs must use the same rule set (the same version and content), the same set of requirements, the same checkers, the same logical date and the same set of models; between the runs only the content of the model files may differ. › Make sure the run given with --prior at start-up really is the earlier run of the same check; or res",1,ws-refusal:workspace/result ×1,ws-refusal:#/workspace/workspace,1,要能对比，需要什么 ‹ 两次运行要用同一规则集（同一版本、同一内容）、同一组要求、同一检查程序、同一逻辑日期和同一组模型；两次之间只能是模型文件的内容不同。 › 确认启动时用 --prior 指定的确实是同一项检查的前一次运行；或者去掉 --prior 重新启动服务器，只看本次检查的结果。
E549,10-08,A,domain-517,D,PASS／FAIL／N/A／拒绝区别（拒绝页）,WORKSPACE_REFUSAL,action[1],Make sure the run given with --prior at start-up really is the earlier run of the same check; or restart the server without --prior and look at this check's results alone.,确认启动时用 --prior 指定的确实是同一项检查的前一次运行；或者去掉 --prior 重新启动服务器，只看本次检查的结果。,界面文字（为本界面所写）,2934b01,#36,d6f89c1,d6f89c1,#26,,,,,,1,ws-refusal:workspace/result ×1,ws-refusal:#/workspace/workspace,1,"Both runs must use the same rule set (the same version and content), the same set of requirements, t ‹ Make sure the run given with --prior at start-up really is the earlier run of the same check; or restart the server without --prior and look at this check's results alone. › Whether they can be compared once these reasons are dealt with is for the next answer to say.",1,ws-refusal:workspace/result ×1,ws-refusal:#/workspace/workspace,1,两次运行要用同一规则集（同一版本、同一内容）、同一组要求、同一检查程序、同一逻辑日期和同一组模型；两次之间只能是模型文件的内容不同。 ‹ 确认启动时用 --prior 指定的确实是同一项检查的前一次运行；或者去掉 --prior 重新启动服务器，只看本次检查的结果。 › 处理这些原因之后能否对比，以下一次返回为准。
E550,10-08,A,domain-517,D,PASS／FAIL／N/A／拒绝区别（拒绝页）,WORKSPACE_REFUSAL,scope,Whether they can be compared once these reasons are dealt with is for the next answer to say.,处理这些原因之后能否对比，以下一次返回为准。,界面文字（为本界面所写）,2934b01,#36,d6f89c1,d6f89c1,#26,,,,,,1,ws-refusal:workspace/result ×1,ws-refusal:#/workspace/workspace,1,"Make sure the run given with --prior at start-up really is the earlier run of the same check; or res ‹ Whether they can be compared once these reasons are dealt with is for the next answer to say. › No result, no zero-problem count and no completion ratio: a refused comparison is not a check withou",1,ws-refusal:workspace/result ×1,ws-refusal:#/workspace/workspace,1,确认启动时用 --prior 指定的确实是同一项检查的前一次运行；或者去掉 --prior 重新启动服务器，只看本次检查的结果。 ‹ 处理这些原因之后能否对比，以下一次返回为准。 › 没有任何结果、零问题统计或完成比例：被拒绝不是一次没有问题的检查。
E551,10-08,A,domain-517,D,PASS／FAIL／N/A／拒绝区别（拒绝页）,WORKSPACE_REFUSAL,original,What the system returned (as written) and the refusal code,系统返回的原文（英文）与拒绝码,界面文字（为本界面所写）,2934b01,#36,d6f89c1,d6f89c1,#26,,,,REFUSAL_PAGE.original,REFUSAL_PAGE.original,2,real/result ×1; ws-refusal:workspace/result ×1,#/real/real-refusal,1,"No conclusion on any item, no zero-problem count and no completion ratio: a refusal is not ""Unknown"" ‹ What the system returned (as written) and the refusal code › Check attempt",2,real/result ×1; ws-refusal:workspace/result ×1,#/real/real-refusal,1,没有任何事项的结论、零问题统计或完成百分比；被拒绝不是“无法判断”，也不是一次没有问题的检查。 ‹ 系统返回的原文（英文）与拒绝码 › 检查尝试
E552,10-08,A,domain-517,D,PASS／FAIL／N/A／拒绝区别（拒绝页）,WORKSPACE_REFUSAL,code,Refusal code,拒绝码,界面文字（为本界面所写）,2934b01,#36,d6f89c1,d6f89c1,#26,,,,REFUSAL_PAGE.code,,2,real/result ×1; ws-refusal:workspace/result ×1,#/real/real-refusal,1,A check attempt on the bundled sample project ‹ Refusal code › Copy,2,real/result ×1; ws-refusal:workspace/result ×1,#/real/real-refusal,1,对随附样例项目的一次检查尝试 ‹ 拒绝码 › 复制
E553,10-08,A,domain-517,D,PASS／FAIL／N/A／拒绝区别（拒绝页）,WORKSPACE_REFUSAL,unglossed,This interface has no English for this reason; see what the system returned below.,本界面没有这个原因的中文说明，见下面的原文。,界面文字（为本界面所写）,2934b01,#36,d6f89c1,d6f89c1,#26,,,,,,0,,,0,,0,,,0,
E554,10-08,A,domain-517,D,PASS／FAIL／N/A／拒绝区别（拒绝页）,WORKSPACE_REFUSAL,noResult,"No result, no zero-problem count and no completion ratio: a refused comparison is not a check without problems.",没有任何结果、零问题统计或完成比例：被拒绝不是一次没有问题的检查。,界面文字（为本界面所写）,2934b01,#36,d6f89c1,d6f89c1,#26,,,,,,1,ws-refusal:workspace/result ×1,ws-refusal:#/workspace/workspace,1,"Whether they can be compared once these reasons are dealt with is for the next answer to say. ‹ No result, no zero-problem count and no completion ratio: a refused comparison is not a check without problems. › What the system returned (as written) and the refusal code",1,ws-refusal:workspace/result ×1,ws-refusal:#/workspace/workspace,1,处理这些原因之后能否对比，以下一次返回为准。 ‹ 没有任何结果、零问题统计或完成比例：被拒绝不是一次没有问题的检查。 › 系统返回的原文（英文）与拒绝码
E555,10-08,A,domain-517,D,PASS／FAIL／N/A／拒绝区别（拒绝原因）,WORKSPACE_REFUSAL_REASONS,ruleset-id-differs,The two runs did not use the same rule set.,两次用的不是同一个规则集。,界面文字（为本界面所写）,2934b01,#36,d6f89c1,d6f89c1,#26,,,,,,1,ws-refusal:workspace/result ×1,ws-refusal:#/workspace/workspace,1,Why they cannot be compared ‹ The two runs did not use the same rule set. ruleset-id-differs › The two runs used different rule set versions. ruleset-version-differs,1,ws-refusal:workspace/result ×1,ws-refusal:#/workspace/workspace,1,为什么不能对比 ‹ 两次用的不是同一个规则集。 ruleset-id-differs › 两次用的规则集版本不同。 ruleset-version-differs
E556,10-08,A,domain-517,D,PASS／FAIL／N/A／拒绝区别（拒绝原因）,WORKSPACE_REFUSAL_REASONS,ruleset-version-differs,The two runs used different rule set versions.,两次用的规则集版本不同。,界面文字（为本界面所写）,2934b01,#36,d6f89c1,d6f89c1,#26,,,,,,1,ws-refusal:workspace/result ×1,ws-refusal:#/workspace/workspace,1,The two runs did not use the same rule set. ruleset-id-differs ‹ The two runs used different rule set versions. ruleset-version-differs › The two runs used different rule set content (the content digests differ). ruleset-digest-differs,1,ws-refusal:workspace/result ×1,ws-refusal:#/workspace/workspace,1,两次用的不是同一个规则集。 ruleset-id-differs ‹ 两次用的规则集版本不同。 ruleset-version-differs › 两次用的规则集内容不同（内容摘要不同）。 ruleset-digest-differs
E557,10-08,A,domain-517,D,PASS／FAIL／N/A／拒绝区别（拒绝原因）,WORKSPACE_REFUSAL_REASONS,ruleset-digest-differs,The two runs used different rule set content (the content digests differ).,两次用的规则集内容不同（内容摘要不同）。,界面文字（为本界面所写）,2934b01,#36,d6f89c1,d6f89c1,#26,,,,,,1,ws-refusal:workspace/result ×1,ws-refusal:#/workspace/workspace,1,The two runs used different rule set versions. ruleset-version-differs ‹ The two runs used different rule set content (the content digests differ). ruleset-digest-differs › The two runs did not evaluate the same set of requirements. requirement-set-differs,1,ws-refusal:workspace/result ×1,ws-refusal:#/workspace/workspace,1,两次用的规则集版本不同。 ruleset-version-differs ‹ 两次用的规则集内容不同（内容摘要不同）。 ruleset-digest-differs › 两次评估的不是同一组要求。 requirement-set-differs
E558,10-08,A,domain-517,D,PASS／FAIL／N/A／拒绝区别（拒绝原因）,WORKSPACE_REFUSAL_REASONS,requirement-set-differs,The two runs did not evaluate the same set of requirements.,两次评估的不是同一组要求。,界面文字（为本界面所写）,2934b01,#36,d6f89c1,d6f89c1,#26,,,,,,1,ws-refusal:workspace/result ×1,ws-refusal:#/workspace/workspace,1,"The two runs used different rule set content (the content digests differ). ruleset-digest-differs ‹ The two runs did not evaluate the same set of requirements. requirement-set-differs › The two runs used different checkers, versions or configuration. checker-differs",1,ws-refusal:workspace/result ×1,ws-refusal:#/workspace/workspace,1,两次用的规则集内容不同（内容摘要不同）。 ruleset-digest-differs ‹ 两次评估的不是同一组要求。 requirement-set-differs › 两次的检查程序、版本或配置不同。 checker-differs
E559,10-08,A,domain-517,D,PASS／FAIL／N/A／拒绝区别（拒绝原因）,WORKSPACE_REFUSAL_REASONS,requirement-semantics-not-recorded,"One run did not record the predicate digest of a requirement, so it cannot be shown that both are the same check.",有一次运行没有记录某条要求的谓词摘要，无法证明两次是同一个检查。,界面文字（为本界面所写）,2934b01,#36,d6f89c1,d6f89c1,#26,,,,,,0,,,0,,0,,,0,
E560,10-08,A,domain-517,D,PASS／FAIL／N/A／拒绝区别（拒绝原因）,WORKSPACE_REFUSAL_REASONS,requirement-semantics-differs,The same requirement has a different predicate in the two runs: what is checked was changed.,同一条要求，两次的谓词不同：检查的内容改过。,界面文字（为本界面所写）,2934b01,#36,d6f89c1,d6f89c1,#26,,,,,,0,,,0,,0,,,0,
E561,10-08,A,domain-517,D,PASS／FAIL／N/A／拒绝区别（拒绝原因）,WORKSPACE_REFUSAL_REASONS,checker-differs,"The two runs used different checkers, versions or configuration.",两次的检查程序、版本或配置不同。,界面文字（为本界面所写）,2934b01,#36,d6f89c1,d6f89c1,#26,,,,,,1,ws-refusal:workspace/result ×1,ws-refusal:#/workspace/workspace,1,"The two runs did not evaluate the same set of requirements. requirement-set-differs ‹ The two runs used different checkers, versions or configuration. checker-differs › What a comparison needs",1,ws-refusal:workspace/result ×1,ws-refusal:#/workspace/workspace,1,两次评估的不是同一组要求。 requirement-set-differs ‹ 两次的检查程序、版本或配置不同。 checker-differs › 要能对比，需要什么
E562,10-08,A,domain-517,D,PASS／FAIL／N/A／拒绝区别（拒绝原因）,WORKSPACE_REFUSAL_REASONS,as-of-differs,The two runs have different logical dates.,两次运行的逻辑日期不同。,界面文字（为本界面所写）,2934b01,#36,d6f89c1,d6f89c1,#26,,,,,,0,,,0,,0,,,0,
E563,10-08,A,domain-517,D,PASS／FAIL／N/A／拒绝区别（拒绝原因）,WORKSPACE_REFUSAL_REASONS,model-set-differs,The two runs did not check the same set of models.,两次检查的不是同一组模型。,界面文字（为本界面所写）,2934b01,#36,d6f89c1,d6f89c1,#26,,,,,,0,,,0,,0,,,0,
E564,deleted,,deleted,,已删除（#44），不需复核,DIRECTORY_NOTE,,"Each example is one check record. The evidence for a conclusion may be a real check result, a simulated check result or a simulated human determination; which one it is, the ""Basis"" line beside each conclusion on the result and item pages says, citation by citation. The project settings in the examples, including the handling teams and the acceptance of evidence methods, are demonstration settings, not real project decisions.",每个示例是一份检查记录。一个结论的证据可能是真实检查的结果，可能是模拟的检查结果，也可能是模拟的人工判定；具体是哪一种，看结果页和事项页每个结论旁的“依据”一行，按逐条引用标明。示例中的项目设定，包括处理团队安排、证据方法的接受等，是演示用设定，不代表真实项目决定。,界面文字（为本界面所写）,,,,,,,,已删除（#44），不需复核,,,0,,,0,,0,,,0,
E565,10-08,A,additional-zh,U,#27／#31 中文终稿,REASON_GLOSSES,"The predefined type ""NOTDEFINED"" does not meet the required type",,预定义类型“NOTDEFINED”不属于要求的取值,界面文字（中文）,,,d6f89c1,82aa943,#31,,#31 82aa943,,,,0,,,0,,0,,,0,
E566,10-15,,new-1005,U,10/5 新增：首次结果卡片的折叠（#41，界面用语）,FIRST,cardDetails,Element details and what to do,构件信息和要做什么,界面文字（为本界面所写）,d2f81d6,#41,d2f81d6,d2f81d6,#41,中文是该提交新写的,,10/5 新增（#41）,,,3,fixture/result ×2; fixture/first ×1,#/fixture/member-evidence,8,Problem: Not a known model defect: no coordination review has determined yet whether it passes throu ‹ Element details and what to do › (IFC class),4,fixture/result ×2; fixture/first ×2,#/fixture/member-evidence,1,问题：不是已知的模型缺陷：还没有协调评审判定它是否穿过接收方的构件 ‹ 构件信息和要做什么 › IfcAirTerminal
E567,10-15,,new-1005,U,10/5 新增：首次结果卡片的折叠（#41，界面用语）,FIRST,cardElements,Element details,构件信息,界面文字（为本界面所写）,d2f81d6,#41,d2f81d6,d2f81d6,#41,,,10/5 新增（#41）,,,3,fixture/result ×2; fixture/first ×1,#/fixture/member-evidence,8,Problem: Not a known model defect: no coordination review has determined yet whether it passes throu ‹ Element details and what to do › (IFC class),0,,,0,
E568,10-15,,new-1005,U,10/5 新增：首次结果卡片的折叠（#41，界面用语）,FIRST,openCard,See this item,查看这一项,界面文字（为本界面所写）,d2f81d6,#41,d2f81d6,d2f81d6,#41,,,10/5 新增（#41）,,,36,fixture/item ×13; fixture/result ×12; fixture/recheck ×10; fixture/first ×1,#/fixture/member-evidence,13,This is not a known model defect. No coordination review has yet determined whether it passes throug ‹ See this item › One elementchimney coverBuilder's-work openings: UnknownBasis of this conclusion:no determination ye,4,fixture/result ×2; fixture/first ×2,#/fixture/member-evidence,1,这不是已知的模型缺陷。还没有协调评审判定它是否穿过接收方的构件；需要开一次评审，记录“不穿过”或写明穿过哪些构件 ‹ 查看这一项 › 一个构件chimney cover土建预留开洞：无法判断这个结论的依据：还没有判定（真实的缺席） ×1 “无法判断”说的是这项工作能否开始无法判断：不等于这个构件没有问题，也不是系统出错。问题：不是已
E569,10-15,,new-1005,U,10/5 新增：第二入口的拒绝页（#42，界面用语）,REFUSAL_UNGLOSSED,text,This interface has no English explanation for this reason; open what the system returned below.,本界面没有这个原因的中文说明，请展开下面系统返回的原文。,界面文字（为本界面所写）,bd07bcc,#42,f4a984f,968422d,#21,,,10/5 新增（#42）,,,0,,,0,,0,,,0,
E570,10-15,,new-1005,U,10/5 新增：第二入口的拒绝页（#42，界面用语）,REFUSAL_UNGLOSSED,title,The system refused this request,系统拒绝了这次请求,界面文字（为本界面所写）,bd07bcc,#42,f4a984f,f4a984f,#21,,,10/5 新增（#42）,,,1,real/result ×1,#/real/real-refusal,1,"This check attempt did not start an assessment ‹ The system refused this request before the assessment started, and gave its reason. This is an answer about the request's conditions: not a program fault, and not a check result. › Why it did not start",0,,,0,
E571,10-15,,new-1005,U,10/5 新增：未翻译页上的“返回上一页”（#42，界面用语）,LANGUAGE,back,← Back to the previous page,← 返回上一页,界面文字（为本界面所写）,bd07bcc,#42,bd07bcc,bd07bcc,#42,,,10/5 新增（#42）,,,0,,,0,,0,,,0,
E572,10-15,,new-1005,U,10/5 新增：#42 修改的英文（界面用语）,FIRST,notRevised," (Chinese only: that page has not been translated or revised yet, and still uses internal terms)",（该页尚未改版，仍是内部用语）,界面文字（为本界面所写）,bd07bcc,#42,39ae8ba,39ae8ba,#33,中文原句在此前的代码里已有，随该提交移入词表,,10/5 新增（#42）,,,166,fixture/recheck ×127; fixture/item ×26; fixture/result ×12; fixture/first ×1,#/fixture/member-evidence,1,"This record's requested scope, versions and sources ‹ This record's requested scope, versions and sources (Chinese only: that page has not been translated or revised yet, and still uses internal terms) › assessment digest",147,fixture/recheck ×111; fixture/item ×24; fixture/result ×10; fixture/first ×2,#/fixture/member-evidence,1,这份记录的请求范围、版本与来源 ‹ 这份记录的请求范围、版本与来源（该页尚未改版，仍是内部用语） › assessment digest
E573,10-08,B,candidate-ui,U,候选（可让出）：处理角色／指派、行动——界面用语表里带含义的句子,ACTION,what,What to do,要做什么,界面文字（为本界面所写）,50d129b,#34,50d129b,50d129b,#34,,,,,,124,fixture/recheck ×96; fixture/item ×16; fixture/result ×11; fixture/first ×1,#/fixture/member-evidence,1,IfcAirTerminal (IFC class) · 00 groundfloor · model hvac ‹ What to do › This is not a known model defect. No coordination review has yet determined whether it passes throug,110,fixture/recheck ×85; fixture/item ×14; fixture/result ×9; fixture/first ×2,#/fixture/member-evidence,1,风口 IfcAirTerminal · 00 groundfloor · 模型 hvac ‹ 要做什么 › 这不是已知的模型缺陷。还没有协调评审判定它是否穿过接收方的构件；需要开一次评审，记录“不穿过”或写明穿过哪些构件
E574,10-08,B,candidate-ui,U,候选（可让出）：处理角色／指派、行动——界面用语表里带含义的句子,ACTION,team,Handling team,处理团队,界面文字（为本界面所写）,50d129b,#34,50d129b,50d129b,#34,,,,FIRST.team,,180,fixture/recheck ×141; fixture/item ×26; fixture/result ×12; fixture/first ×1,#/fixture/member-evidence,4,"Example handling team ‹ Handling team coordination-team Example handling team: 6 items › Default handling role (the rule's default, not an assignment): model-coordination The handling team",91,fixture/recheck ×77; fixture/item ×14,#/fixture/member-evidence/item/0/2/0,1,这不是已知的模型缺陷。还没有协调评审判定它是否穿过接收方的构件；需要开一次评审，记录“不穿过”或写明穿过哪些构件 ‹ 处理团队 › 示例处理团队
E575,10-08,B,candidate-ui,U,候选（可让出）：处理角色／指派、行动——界面用语表里带含义的句子,ACTION,consequence,What it means for this work,对这项工作的后果,界面文字（为本界面所写）,50d129b,#34,50d129b,50d129b,#34,中文原句在此前的代码里已有，随该提交移入词表,,,,,103,fixture/recheck ×87; fixture/item ×16,#/fixture/member-evidence/item/0/2/0,1,model-coordination ‹ What it means for this work › This work is suspended,91,fixture/recheck ×77; fixture/item ×14,#/fixture/member-evidence/item/0/2/0,1,model-coordination ‹ 对这项工作的后果 › 这项工作暂停
E576,10-08,B,candidate-ui,U,候选（可让出）：处理角色／指派、行动——界面用语表里带含义的句子,ACTION,recheck,What a recheck must show,完成后拿什么复检,界面文字（为本界面所写）,50d129b,#34,50d129b,50d129b,#34,中文原句在此前的代码里已有，随该提交移入词表,,,,,103,fixture/recheck ×87; fixture/item ×16,#/fixture/member-evidence/item/0/2/0,1,This work is suspended ‹ What a recheck must show › A recorded review determination exists for the model versions listed,91,fixture/recheck ×77; fixture/item ×14,#/fixture/member-evidence/item/0/2/0,1,这项工作暂停 ‹ 完成后拿什么复检 › 针对所列模型版本，有一份评审判定记录
E577,10-08,B,candidate-ui,U,候选（可让出）：处理角色／指派、行动——界面用语表里带含义的句子,ACTION,original,"Source wording (as the record carries it): for tracing, not an instruction",来源原文（英文，记录所带）：供追溯，不是操作指令,界面文字（为本界面所写）,295da77,#40,50d129b,295da77,#40,,,已由 #40 修改，待 BIM 复核（zh 措辞修改）；已由 #40 修改，待 BIM 复核（en 措辞修改）,,,103,fixture/recheck ×87; fixture/item ×16,#/fixture/member-evidence/item/0/2/0,1,"A recorded review determination exists for the model versions listed ‹ Source wording (as the record carries it): for tracing, not an instruction › next_action",91,fixture/recheck ×77; fixture/item ×14,#/fixture/member-evidence/item/0/2/0,1,针对所列模型版本，有一份评审判定记录 ‹ 来源原文（英文，记录所带）：供追溯，不是操作指令 › next_action
E578,10-08,B,candidate-ui,U,候选（可让出）：处理角色／指派、行动——界面用语表里带含义的句子,ITEM,noFollowUp,"The record gives no follow-up action, handling team or default handling role for this item.",记录没有为这一项给出后续处理动作、处理团队或默认处理角色。,界面文字（为本界面所写）,50d129b,#34,50d129b,50d129b,#34,中文原句在此前的代码里已有，随该提交移入词表,,,,,40,fixture/recheck ×30; fixture/item ×10,#/fixture/member-evidence/item/0/1/0,1,"2. Follow-up ‹ The record gives no follow-up action, handling team or default handling role for this item. › 3. Which element",35,fixture/recheck ×25; fixture/item ×10,#/fixture/member-evidence/item/0/1/0,1,二、后续 ‹ 记录没有为这一项给出后续处理动作、处理团队或默认处理角色。 › 三、是哪个构件
E579,10-08,B,candidate-ui,U,候选（可让出）：处理角色／指派、行动——界面用语表里带含义的句子,ITEM,needs,What this work needs,这项工作需要什么,界面文字（为本界面所写）,50d129b,#34,50d129b,50d129b,#34,中文原句在此前的代码里已有，随该提交移入词表,,,,,26,fixture/item ×26,#/fixture/member-evidence/item/0/2/0,1,"No coordination review has determined yet whether it passes through elements of the receiving model ‹ What this work needs › Needs to know where MEP penetrates architectural fabric, so openings can be cut in walls, floors and",24,fixture/item ×24,#/fixture/member-evidence/item/0/2/0,1,还没有协调评审判定它是否穿过接收方模型里的构件 ‹ 这项工作需要什么 › 要知道交出方的构件在哪里穿过墙、楼板和屋顶，才能在这些构件上开洞。
E580,10-08,B,candidate-ui,U,候选（可让出）：处理角色／指派、行动——界面用语表里带含义的句子,ITEM,leaf,Final outcome,终点 outcome,界面文字（为本界面所写）,50d129b,#34,50d129b,50d129b,#34,中文原句在此前的代码里已有，随该提交移入词表,,,,,26,fixture/item ×26,#/fixture/member-evidence/item/0/2/0,1,penetration-not-determined ‹ Final outcome › penetration-determination/not-yet-determined,24,fixture/item ×24,#/fixture/member-evidence/item/0/2/0,1,penetration-not-determined ‹ 终点 outcome › penetration-determination/not-yet-determined
E581,10-08,B,candidate-ui,U,候选（可让出）：处理角色／指派、行动——界面用语表里带含义的句子,ITEM,context,"Background citations: not the basis of this conclusion, shown word for word.",背景引用：不是这个结论的依据，逐字显示。,界面文字（为本界面所写）,50d129b,#34,50d129b,50d129b,#34,中文原句在此前的代码里已有，随该提交移入词表,,,,,6,fixture/item ×6,#/fixture/member-evidence/item/1/2/0,1,"fixture-determination/alignment/confirmedCopy Simulated human determination ‹ Background citations: not the basis of this conclusion, shown word for word. › insufficient_evidence epc-delivery 2.2 acb11f11-bf18-5516-a6f2-21e451a6e410 observed=['1c34027f-be60",6,fixture/item ×6,#/fixture/member-evidence/item/1/2/0,1,fixture-determination/alignment/confirmed复制 模拟的人工判定 ‹ 背景引用：不是这个结论的依据，逐字显示。 › insufficient_evidence epc-delivery 2.2 acb11f11-bf18-5516-a6f2-21e451a6e410 observed=['1c34027f-be60
E582,10-08,B,candidate-ui,U,候选（可让出）：处理角色／指派、行动——界面用语表里带含义的句子,ITEM,actionHeading,"2. What to do, who deals with it, what a recheck must show",二、要做什么、由谁处理、完成后拿什么复检,界面文字（为本界面所写）,50d129b,#34,50d129b,50d129b,#34,中文原句在此前的代码里已有，随该提交移入词表,,,RECHECK_ITEM.actionHeading,RECHECK_ITEM.actionHeading,147,fixture/recheck ×131; fixture/item ×16,#/fixture/member-evidence/item/0/2/0,1,"Needs to know where MEP penetrates architectural fabric, so openings can be cut in walls, floors and ‹ 2. What to do, who deals with it, what a recheck must show › What to do",130,fixture/recheck ×116; fixture/item ×14,#/fixture/member-evidence/item/0/2/0,1,要知道交出方的构件在哪里穿过墙、楼板和屋顶，才能在这些构件上开洞。 ‹ 二、要做什么、由谁处理、完成后拿什么复检 › 要做什么
E583,10-08,B,candidate-ui,U,候选（可让出）：处理角色／指派、行动——界面用语表里带含义的句子,ITEM,followUpHeading,2. Follow-up,二、后续,界面文字（为本界面所写）,50d129b,#34,50d129b,50d129b,#34,,,,,,10,fixture/item ×10,#/fixture/member-evidence/item/0/1/0,1,"Needs to know where MEP penetrates architectural fabric, so openings can be cut in walls, floors and ‹ 2. Follow-up › The record gives no follow-up action, handling team or default handling role for this item.",10,fixture/item ×10,#/fixture/member-evidence/item/0/1/0,1,要知道交出方的构件在哪里穿过墙、楼板和屋顶，才能在这些构件上开洞。 ‹ 二、后续 › 记录没有为这一项给出后续处理动作、处理团队或默认处理角色。
E584,10-08,B,candidate-ui,U,候选（可让出）：处理角色／指派、行动——界面用语表里带含义的句子,FIRST,team,Handling team ,处理团队 ,界面文字（为本界面所写）,39ae8ba,#33,39ae8ba,39ae8ba,#33,,,,ACTION.team,,180,fixture/recheck ×141; fixture/item ×26; fixture/result ×12; fixture/first ×1,#/fixture/member-evidence,4,"Example handling team ‹ Handling team coordination-team Example handling team: 6 items › Default handling role (the rule's default, not an assignment): model-coordination The handling team",91,fixture/recheck ×77; fixture/item ×14,#/fixture/member-evidence/item/0/2/0,1,这不是已知的模型缺陷。还没有协调评审判定它是否穿过接收方的构件；需要开一次评审，记录“不穿过”或写明穿过哪些构件 ‹ 处理团队 › 示例处理团队
E585,10-08,B,candidate-ui,U,候选（可让出）：处理角色／指派、行动——界面用语表里带含义的句子,FIRST,verdictLine,: the work concerned is ,：对应的那项工作 ,界面文字（为本界面所写）,39ae8ba,#33,39ae8ba,39ae8ba,#33,中文原句在此前的代码里已有，随该提交移入词表,,,,,3,fixture/result ×2; fixture/first ×1,#/fixture/member-evidence,2,Blocked ‹ 4 items: the work concerned is Blocked › Unknown,0,,,0,
E586,10-08,B,candidate-ui,U,候选（可让出）：处理角色／指派、行动——界面用语表里带含义的句子,FIRST,quietLine,: {summary} (listed further down this page),：{summary}（列在本页下方）,界面文字（为本界面所写）,39ae8ba,#33,39ae8ba,39ae8ba,#33,中文原句在此前的代码里已有，随该提交移入词表,,,,,3,fixture/result ×2; fixture/first ×1,#/fixture/member-evidence,1,4 items: the work concerned is Unknown ‹ 5 items: the record gives no follow-up action (listed further down this page) › An item is the conclusion for one element (or a pair of elements assessed together) on one piece of,0,（模板，固定文字太少，没有按页面匹配）,,0,
E587,10-08,B,candidate-ui,U,候选（可让出）：处理角色／指派、行动——界面用语表里带含义的句子,FIRST,problem,Problem,问题,界面文字（为本界面所写）,39ae8ba,#33,39ae8ba,39ae8ba,#33,,,,,,106,fixture/recheck ×87; fixture/item ×16; fixture/result ×2; fixture/first ×1,#/fixture/member-evidence,1,"Default handling role (the rule's default, not an assignment): model-coordination The handling team ‹ Problem › Which work: conclusion",95,fixture/recheck ×77; fixture/item ×14; fixture/result ×2; fixture/first ×2,#/fixture/member-evidence,1,默认处理角色（规则给出的默认，不是指派）：model-coordination 处理团队是记录里的安排，不代表已经派发。 ‹ 问题 › 哪项工作：结论
E588,10-08,B,candidate-ui,U,候选（可让出）：处理角色／指派、行动——界面用语表里带含义的句子,FIRST,columns.work,Which work: conclusion,哪项工作：结论,界面文字（为本界面所写）,39ae8ba,#33,39ae8ba,39ae8ba,#33,中文原句在此前的代码里已有，随该提交移入词表,,,,,3,fixture/result ×2; fixture/first ×1,#/fixture/member-evidence,3,Problem ‹ Which work: conclusion › Items,4,fixture/result ×2; fixture/first ×2,#/fixture/member-evidence,1,问题 ‹ 哪项工作：结论 › 事项数
E589,10-08,B,candidate-ui,U,候选（可让出）：处理角色／指派、行动——界面用语表里带含义的句子,FIRST,openHeading.one,"{label}, by handling team ({count} item)",{label}，按处理团队（{count} 个事项）,界面文字（为本界面所写）,50d129b,#34,50d129b,50d129b,#34,中文是该提交新写的,,,,,0,,,0,,0,（模板，固定文字太少，没有按页面匹配）,,0,
E590,10-08,B,candidate-ui,U,候选（可让出）：处理角色／指派、行动——界面用语表里带含义的句子,FIRST,openHeading.other,"{label}, by handling team ({count} items)",{label}，按处理团队（{count} 个事项）,界面文字（为本界面所写）,50d129b,#34,50d129b,50d129b,#34,中文是该提交新写的,,,,,3,fixture/result ×2; fixture/first ×1,#/fixture/member-evidence,1,"An item is the conclusion for one element (or a pair of elements assessed together) on one piece of ‹ Items to deal with, by handling team (8 items) › Example handling team",0,（模板，固定文字太少，没有按页面匹配）,,0,
E591,10-08,B,candidate-ui,U,候选（可让出）：处理角色／指派、行动——界面用语表里带含义的句子,CONTEXT,noJudgement,"Check results only, no handover judgement",只有检查结果，没有交接判断,界面文字（为本界面所写）,39ae8ba,#33,39ae8ba,39ae8ba,#33,中文是该提交新写的,,,WORKSPACE.contextNoJudgement,WORKSPACE.contextNoJudgement,0,,,0,,4,home ×4,ws-compare:#/,1,查看一次真实检查 ‹ 启动服务器时指定了一个工作区，里面是一次已经跑完的检查：每个构件在每条要求下的结果。若同时指定了前一次运行，还可以看两次的前后对比。这里只有检查结果，没有交接判断。页面只查看这次已经跑完的检查，不能在页面上选择或更换模型。 › 查看这次检查
E592,10-08,B,candidate-ui,U,候选（可让出）：处理角色／指派、行动——界面用语表里带含义的句子,CONTEXT,noResult,No check results this time,本次没有检查结果,界面文字（为本界面所写）,39ae8ba,#33,39ae8ba,39ae8ba,#33,中文原句在此前的代码里已有，随该提交移入词表,,,,,0,,,0,,0,,,0,
E593,10-08,B,candidate-ui,U,候选（可让出）：处理角色／指派、行动——界面用语表里带含义的句子,EVIDENCE,reissueColumns.role,Role (from this request's handover),角色（取自本次请求的交接）,界面文字（为本界面所写）,50d129b,#34,50d129b,50d129b,#34,中文原句在此前的代码里已有，随该提交移入词表,,,,,20,fixture/result ×10; fixture/recheck ×10,#/fixture/recheck-requirement-relaxed,1,Side of the handover ‹ Role (from this request's handover) › Model,17,fixture/recheck ×9; fixture/result ×8,#/fixture/recheck-both-reissued,1,交接的哪一侧 ‹ 角色（取自本次请求的交接） › 是否重新发布
E594,10-08,B,candidate-ui,U,候选（可让出）：处理角色／指派、行动——界面用语表里带含义的句子,EVIDENCE,dispositionNow,This item now,这个事项现在,界面文字（为本界面所写）,50d129b,#34,50d129b,50d129b,#34,中文原句在此前的代码里已有，随该提交移入词表,,,,,26,fixture/recheck ×20; fixture/result ×6,#/fixture/recheck-both-reissued,5,Builder's-work openings: before the recheck Ready; now: not given in the record ‹ This item now › These two elements are no longer paired for checking; that does not mean the opening was added,26,fixture/recheck ×20; fixture/result ×6,#/fixture/recheck-both-reissued,1,土建预留开洞：复检前 可以开始；现在：记录没有给出 ‹ 这个事项现在 › 这两个构件现在不再被配成一对来检查，不等于开洞已补
E595,10-08,B,candidate-ui,U,候选（可让出）：处理角色／指派、行动——界面用语表里带含义的句子,EVIDENCE,reissued,Re-issued (new version),重新发布了（新版本）,界面文字（为本界面所写）,50d129b,#34,50d129b,50d129b,#34,中文原句在此前的代码里已有，随该提交移入词表,,,,,10,fixture/result ×5; fixture/recheck ×5,#/fixture/recheck-both-reissued,2,hvac ‹ Re-issued (new version) › Receiving side,10,fixture/result ×5; fixture/recheck ×5,#/fixture/recheck-both-reissued,1,hvac ‹ 重新发布了（新版本） › 接收方
E596,10-08,B,candidate-ui,U,候选（可让出）：处理角色／指派、行动——界面用语表里带含义的句子,EVIDENCE,notReissued,Unchanged (original version),没有变（原版本）,界面文字（为本界面所写）,50d129b,#34,50d129b,50d129b,#34,中文原句在此前的代码里已有，随该提交移入词表,,,,,18,fixture/result ×9; fixture/recheck ×9,#/fixture/recheck-requirement-relaxed,2,hvac ‹ Unchanged (original version) › Receiving side,15,fixture/recheck ×8; fixture/result ×7,#/fixture/recheck-comparison,1,hvac ‹ 没有变（原版本） › 接收方
E597,10-08,B,candidate-ui,U,候选（可让出）：处理角色／指派、行动——界面用语表里带含义的句子,RECHECK_MODEL,onlyRekeyed,{rekeyed}: neither the evidence content nor the comparison basis changed.,{rekeyed}：证据内容和比较依据都没有变。,界面文字（为本界面所写）,50d129b,#34,50d129b,50d129b,#34,中文原句在此前的代码里已有，随该提交移入词表,,,,,30,fixture/recheck ×30,#/fixture/recheck-requirement-relaxed/recheck/7/2,6,"There is exactly one corresponding check result; model version, check result content, check requirem ‹ Only the citation's key changed: neither the evidence content nor the comparison basis changed. › Tracing (record codes and content fingerprints)",30,fixture/recheck ×30,#/fixture/recheck-consuming-reissued/recheck/5/0,6,对应的检查结果只有一条，模型版本、检查结果内容、检查要求、检查程序逐项相同。 ‹ 只是引用换了键：证据内容和比较依据都没有变。 › equivalent
E598,10-08,B,candidate-ui,U,候选（可让出）：处理角色／指派、行动——界面用语表里带含义的句子,RECHECK_MODEL,producing,Handing-over side,交出方,界面文字（为本界面所写）,50d129b,#34,50d129b,50d129b,#34,,,,,,20,fixture/result ×10; fixture/recheck ×10,#/fixture/recheck-requirement-relaxed,2,Re-issued? ‹ Handing-over side › MEP,17,fixture/recheck ×9; fixture/result ×8,#/fixture/recheck-both-reissued,1,是否重新发布 ‹ 交出方 › MEP
E599,10-08,B,candidate-ui,U,候选（可让出）：处理角色／指派、行动——界面用语表里带含义的句子,RECHECK_MODEL,consuming,Receiving side,接收方,界面文字（为本界面所写）,50d129b,#34,50d129b,50d129b,#34,,,,,,20,fixture/result ×10; fixture/recheck ×10,#/fixture/recheck-requirement-relaxed,2,Unchanged (original version) ‹ Receiving side › Architecture,17,fixture/recheck ×9; fixture/result ×8,#/fixture/recheck-both-reissued,1,重新发布了（新版本） ‹ 接收方 › Architecture
E600,10-08,B,candidate-ui,U,候选（可让出）：处理角色／指派、行动——界面用语表里带含义的句子,WORK,unchanged,{work}: {before} ({note}),{work}：{before} （{note}）,界面文字（为本界面所写）,50d129b,#34,50d129b,50d129b,#34,,,,,,0,（模板，固定文字太少，没有按页面匹配）,,0,,0,（模板，固定文字太少，没有按页面匹配）,,0,
E601,10-08,B,candidate-ui,U,候选（可让出）：处理角色／指派、行动——界面用语表里带含义的句子,WORK,changed,{work}: before the recheck {before} → now {now},{work}：复检前 {before} → 现在 {now},界面文字（为本界面所写）,50d129b,#34,50d129b,50d129b,#34,中文原句在此前的代码里已有，随该提交移入词表,,,,,35,fixture/recheck ×29; fixture/result ×6,#/fixture/recheck-requirement-relaxed,14,"The record also shows that, among the old evidence assessed together with this item, the check requi ‹ building element | Room data sheets and equipment schedules: before the recheck Blocked → now Ready Basis shared by the items in this group, some of it simulated:Simulated check result ×2 Holds for this one item, this work and the listed model versions only; it does not mean the whole handover is complete.The record also shows that, among the old evidence as › Neither model was re-issued, yet these conclusions changed: the change does not come from a model ed",0,（模板，固定文字太少，没有按页面匹配）,,0,
E602,10-08,B,candidate-ui,U,候选（可让出）：处理角色／指派、行动——界面用语表里带含义的句子,WORK,missing,{work}: before the recheck {before}; now: not given in the record,{work}：复检前 {before}；现在：记录没有给出,界面文字（为本界面所写）,50d129b,#34,50d129b,50d129b,#34,中文原句在此前的代码里已有，随该提交移入词表,,,,,26,fixture/recheck ×20; fixture/result ×6,#/fixture/recheck-both-reissued,5,floor: IfcSlab (IFC class) · 00 groundfloor · model architecture ‹ Builder's-work openings: before the recheck Ready; now: not given in the record › This item now,26,fixture/recheck ×20; fixture/result ×6,#/fixture/recheck-both-reissued,5,floor：楼板 IfcSlab · 00 groundfloor · 模型 architecture ‹ 土建预留开洞：复检前 可以开始；现在：记录没有给出 › 这个事项现在
E603,10-08,B,candidate-ui,U,候选（可让出）：处理角色／指派、行动——界面用语表里带含义的句子,FAULT_WORDS,note,"This is a problem of the program itself, not a judgement about any project or model; there are no check results to show.",这是程序自身的问题，不是对任何项目或模型的判断；没有任何检查结果可以显示。,界面文字（为本界面所写）,39ae8ba,#33,f4a984f,f4a984f,#21,,,,,,0,,,0,,1,ws-newly:workspace/result ×1,ws-newly:#/workspace,1,程序故障：没有拿到检查数据 ‹ 这是程序自身的问题，不是对任何项目或模型的判断；没有任何检查结果可以显示。 › 技术信息（原文）：
E604,10-08,B,candidate-ui,U,候选（可让出）：处理角色／指派、行动——界面用语表里带含义的句子,FAULT_WORDS,fault,Program fault: no check data was received,程序故障：没有拿到检查数据,界面文字（为本界面所写）,39ae8ba,#33,f4a984f,f4a984f,#21,,,,,,0,,,0,,1,ws-newly:workspace/result ×1,ws-newly:#/workspace,1,‹ 程序故障：没有拿到检查数据 › 这是程序自身的问题，不是对任何项目或模型的判断；没有任何检查结果可以显示。
E605,10-08,B,candidate-ui,U,候选（可让出）：处理角色／指派、行动——界面用语表里带含义的句子,ACTION,noSentence,This interface has written no action for the version this record uses. The source wording the record carries is in the fold below; it is not an instruction.,本界面没有为这条记录所用的版本写要做什么。记录所带的来源原文在下面的折叠里，它不是操作指令。,界面文字（为本界面所写）,295da77,#40,295da77,295da77,#40,,,已由 #40 修改，待 BIM 复核（zh 新增）；已由 #40 修改，待 BIM 复核（en 新增）,,,0,,,0,,0,,,0,
